field_path,n_branches,n_branches_with_default,descriptions_differ,defaults_differ
ambient-folders,1,0,False,False
cache,1,0,False,False
cache.fail-on-cache-miss,1,0,False,False
cache.key,1,0,False,False
cache.lookup-only,1,0,False,False
cache.name,1,0,False,False
cache.path,1,0,False,False
cache.restore-keys,1,0,False,False
cache.upload-chunk-size,1,0,False,False
cache[].fail-on-cache-miss,1,0,False,False
cache[].key,1,0,False,False
cache[].lookup-only,1,0,False,False
cache[].name,1,0,False,False
cache[].path,1,0,False,False
cache[].restore-keys,1,0,False,False
cache[].upload-chunk-size,1,0,False,False
check-for-updates,1,1,False,False
checkout,1,0,False,False
checkout.current,1,0,False,False
checkout.fetch,1,0,False,False
checkout.fetch-depth,1,0,False,False
checkout.force-clean-git-credentials,1,0,False,False
checkout.github-app,1,0,False,False
checkout.github-app.app-id,1,0,False,False
checkout.github-app.client-id,1,0,False,False
checkout.github-app.ignore-if-missing,1,0,False,False
checkout.github-app.owner,1,0,False,False
checkout.github-app.permissions,1,0,False,False
checkout.github-app.permissions.administration,1,0,False,False
checkout.github-app.permissions.codespaces,1,0,False,False
checkout.github-app.permissions.codespaces-lifecycle-admin,1,0,False,False
checkout.github-app.permissions.codespaces-metadata,1,0,False,False
checkout.github-app.permissions.email-addresses,1,0,False,False
checkout.github-app.permissions.environments,1,0,False,False
checkout.github-app.permissions.git-signing,1,0,False,False
checkout.github-app.permissions.members,1,0,False,False
checkout.github-app.permissions.organization-administration,1,0,False,False
checkout.github-app.permissions.organization-announcement-banners,1,0,False,False
checkout.github-app.permissions.organization-codespaces,1,0,False,False
checkout.github-app.permissions.organization-copilot,1,0,False,False
checkout.github-app.permissions.organization-custom-org-roles,1,0,False,False
checkout.github-app.permissions.organization-custom-properties,1,0,False,False
checkout.github-app.permissions.organization-custom-repository-roles,1,0,False,False
checkout.github-app.permissions.organization-events,1,0,False,False
checkout.github-app.permissions.organization-hooks,1,0,False,False
checkout.github-app.permissions.organization-members,1,0,False,False
checkout.github-app.permissions.organization-packages,1,0,False,False
checkout.github-app.permissions.organization-personal-access-token-requests,1,0,False,False
checkout.github-app.permissions.organization-personal-access-tokens,1,0,False,False
checkout.github-app.permissions.organization-plan,1,0,False,False
checkout.github-app.permissions.organization-self-hosted-runners,1,0,False,False
checkout.github-app.permissions.organization-user-blocking,1,0,False,False
checkout.github-app.permissions.repository-custom-properties,1,0,False,False
checkout.github-app.permissions.repository-hooks,1,0,False,False
checkout.github-app.permissions.secret-scanning-alerts,1,0,False,False
checkout.github-app.permissions.single-file,1,0,False,False
checkout.github-app.permissions.team-discussions,1,0,False,False
checkout.github-app.permissions.vulnerability-alerts,1,0,False,False
checkout.github-app.permissions.workflows,1,0,False,False
checkout.github-app.private-key,1,0,False,False
checkout.github-app.repositories,1,0,False,False
checkout.github-token,1,0,False,False
checkout.lfs,1,0,False,False
checkout.path,1,0,False,False
checkout.ref,1,0,False,False
checkout.repository,1,0,False,False
checkout.safe-outputs-github-app,1,0,False,False
checkout.safe-outputs-github-app.app-id,1,0,False,False
checkout.safe-outputs-github-app.client-id,1,0,False,False
checkout.safe-outputs-github-app.ignore-if-missing,1,0,False,False
checkout.safe-outputs-github-app.owner,1,0,False,False
checkout.safe-outputs-github-app.permissions,1,0,False,False
checkout.safe-outputs-github-app.permissions.administration,1,0,False,False
checkout.safe-outputs-github-app.permissions.codespaces,1,0,False,False
checkout.safe-outputs-github-app.permissions.codespaces-lifecycle-admin,1,0,False,False
checkout.safe-outputs-github-app.permissions.codespaces-metadata,1,0,False,False
checkout.safe-outputs-github-app.permissions.email-addresses,1,0,False,False
checkout.safe-outputs-github-app.permissions.environments,1,0,False,False
checkout.safe-outputs-github-app.permissions.git-signing,1,0,False,False
checkout.safe-outputs-github-app.permissions.members,1,0,False,False
checkout.safe-outputs-github-app.permissions.organization-administration,1,0,False,False
checkout.safe-outputs-github-app.permissions.organization-announcement-banners,1,0,False,False
checkout.safe-outputs-github-app.permissions.organization-codespaces,1,0,False,False
checkout.safe-outputs-github-app.permissions.organization-copilot,1,0,False,False
checkout.safe-outputs-github-app.permissions.organization-custom-org-roles,1,0,False,False
checkout.safe-outputs-github-app.permissions.organization-custom-properties,1,0,False,False
checkout.safe-outputs-github-app.permissions.organization-custom-repository-roles,1,0,False,False
checkout.safe-outputs-github-app.permissions.organization-events,1,0,False,False
checkout.safe-outputs-github-app.permissions.organization-hooks,1,0,False,False
checkout.safe-outputs-github-app.permissions.organization-members,1,0,False,False
checkout.safe-outputs-github-app.permissions.organization-packages,1,0,False,False
checkout.safe-outputs-github-app.permissions.organization-personal-access-token-requests,1,0,False,False
checkout.safe-outputs-github-app.permissions.organization-personal-access-tokens,1,0,False,False
checkout.safe-outputs-github-app.permissions.organization-plan,1,0,False,False
checkout.safe-outputs-github-app.permissions.organization-self-hosted-runners,1,0,False,False
checkout.safe-outputs-github-app.permissions.organization-user-blocking,1,0,False,False
checkout.safe-outputs-github-app.permissions.repository-custom-properties,1,0,False,False
checkout.safe-outputs-github-app.permissions.repository-hooks,1,0,False,False
checkout.safe-outputs-github-app.permissions.secret-scanning-alerts,1,0,False,False
checkout.safe-outputs-github-app.permissions.single-file,1,0,False,False
checkout.safe-outputs-github-app.permissions.team-discussions,1,0,False,False
checkout.safe-outputs-github-app.permissions.vulnerability-alerts,1,0,False,False
checkout.safe-outputs-github-app.permissions.workflows,1,0,False,False
checkout.safe-outputs-github-app.private-key,1,0,False,False
checkout.safe-outputs-github-app.repositories,1,0,False,False
checkout.sparse-checkout,1,0,False,False
checkout.submodules,1,0,False,False
checkout.token,1,0,False,False
checkout.wiki,1,0,False,False
checkout[].current,1,0,False,False
checkout[].fetch,1,0,False,False
checkout[].fetch-depth,1,0,False,False
checkout[].force-clean-git-credentials,1,0,False,False
checkout[].github-app,1,0,False,False
checkout[].github-app.app-id,1,0,False,False
checkout[].github-app.client-id,1,0,False,False
checkout[].github-app.ignore-if-missing,1,0,False,False
checkout[].github-app.owner,1,0,False,False
checkout[].github-app.permissions,1,0,False,False
checkout[].github-app.permissions.administration,1,0,False,False
checkout[].github-app.permissions.codespaces,1,0,False,False
checkout[].github-app.permissions.codespaces-lifecycle-admin,1,0,False,False
checkout[].github-app.permissions.codespaces-metadata,1,0,False,False
checkout[].github-app.permissions.email-addresses,1,0,False,False
checkout[].github-app.permissions.environments,1,0,False,False
checkout[].github-app.permissions.git-signing,1,0,False,False
checkout[].github-app.permissions.members,1,0,False,False
checkout[].github-app.permissions.organization-administration,1,0,False,False
checkout[].github-app.permissions.organization-announcement-banners,1,0,False,False
checkout[].github-app.permissions.organization-codespaces,1,0,False,False
checkout[].github-app.permissions.organization-copilot,1,0,False,False
checkout[].github-app.permissions.organization-custom-org-roles,1,0,False,False
checkout[].github-app.permissions.organization-custom-properties,1,0,False,False
checkout[].github-app.permissions.organization-custom-repository-roles,1,0,False,False
checkout[].github-app.permissions.organization-events,1,0,False,False
checkout[].github-app.permissions.organization-hooks,1,0,False,False
checkout[].github-app.permissions.organization-members,1,0,False,False
checkout[].github-app.permissions.organization-packages,1,0,False,False
checkout[].github-app.permissions.organization-personal-access-token-requests,1,0,False,False
checkout[].github-app.permissions.organization-personal-access-tokens,1,0,False,False
checkout[].github-app.permissions.organization-plan,1,0,False,False
checkout[].github-app.permissions.organization-self-hosted-runners,1,0,False,False
checkout[].github-app.permissions.organization-user-blocking,1,0,False,False
checkout[].github-app.permissions.repository-custom-properties,1,0,False,False
checkout[].github-app.permissions.repository-hooks,1,0,False,False
checkout[].github-app.permissions.secret-scanning-alerts,1,0,False,False
checkout[].github-app.permissions.single-file,1,0,False,False
checkout[].github-app.permissions.team-discussions,1,0,False,False
checkout[].github-app.permissions.vulnerability-alerts,1,0,False,False
checkout[].github-app.permissions.workflows,1,0,False,False
checkout[].github-app.private-key,1,0,False,False
checkout[].github-app.repositories,1,0,False,False
checkout[].github-token,1,0,False,False
checkout[].lfs,1,0,False,False
checkout[].path,1,0,False,False
checkout[].ref,1,0,False,False
checkout[].repository,1,0,False,False
checkout[].safe-outputs-github-app,1,0,False,False
checkout[].safe-outputs-github-app.app-id,1,0,False,False
checkout[].safe-outputs-github-app.client-id,1,0,False,False
checkout[].safe-outputs-github-app.ignore-if-missing,1,0,False,False
checkout[].safe-outputs-github-app.owner,1,0,False,False
checkout[].safe-outputs-github-app.permissions,1,0,False,False
checkout[].safe-outputs-github-app.permissions.administration,1,0,False,False
checkout[].safe-outputs-github-app.permissions.codespaces,1,0,False,False
checkout[].safe-outputs-github-app.permissions.codespaces-lifecycle-admin,1,0,False,False
checkout[].safe-outputs-github-app.permissions.codespaces-metadata,1,0,False,False
checkout[].safe-outputs-github-app.permissions.email-addresses,1,0,False,False
checkout[].safe-outputs-github-app.permissions.environments,1,0,False,False
checkout[].safe-outputs-github-app.permissions.git-signing,1,0,False,False
checkout[].safe-outputs-github-app.permissions.members,1,0,False,False
checkout[].safe-outputs-github-app.permissions.organization-administration,1,0,False,False
checkout[].safe-outputs-github-app.permissions.organization-announcement-banners,1,0,False,False
checkout[].safe-outputs-github-app.permissions.organization-codespaces,1,0,False,False
checkout[].safe-outputs-github-app.permissions.organization-copilot,1,0,False,False
checkout[].safe-outputs-github-app.permissions.organization-custom-org-roles,1,0,False,False
checkout[].safe-outputs-github-app.permissions.organization-custom-properties,1,0,False,False
checkout[].safe-outputs-github-app.permissions.organization-custom-repository-roles,1,0,False,False
checkout[].safe-outputs-github-app.permissions.organization-events,1,0,False,False
checkout[].safe-outputs-github-app.permissions.organization-hooks,1,0,False,False
checkout[].safe-outputs-github-app.permissions.organization-members,1,0,False,False
checkout[].safe-outputs-github-app.permissions.organization-packages,1,0,False,False
checkout[].safe-outputs-github-app.permissions.organization-personal-access-token-requests,1,0,False,False
checkout[].safe-outputs-github-app.permissions.organization-personal-access-tokens,1,0,False,False
checkout[].safe-outputs-github-app.permissions.organization-plan,1,0,False,False
checkout[].safe-outputs-github-app.permissions.organization-self-hosted-runners,1,0,False,False
checkout[].safe-outputs-github-app.permissions.organization-user-blocking,1,0,False,False
checkout[].safe-outputs-github-app.permissions.repository-custom-properties,1,0,False,False
checkout[].safe-outputs-github-app.permissions.repository-hooks,1,0,False,False
checkout[].safe-outputs-github-app.permissions.secret-scanning-alerts,1,0,False,False
checkout[].safe-outputs-github-app.permissions.single-file,1,0,False,False
checkout[].safe-outputs-github-app.permissions.team-discussions,1,0,False,False
checkout[].safe-outputs-github-app.permissions.vulnerability-alerts,1,0,False,False
checkout[].safe-outputs-github-app.permissions.workflows,1,0,False,False
checkout[].safe-outputs-github-app.private-key,1,0,False,False
checkout[].safe-outputs-github-app.repositories,1,0,False,False
checkout[].sparse-checkout,1,0,False,False
checkout[].submodules,1,0,False,False
checkout[].token,1,0,False,False
checkout[].wiki,1,0,False,False
concurrency,1,0,False,False
concurrency.cancel-in-progress,1,0,False,False
concurrency.group,1,0,False,False
concurrency.job-discriminator,1,0,False,False
concurrency.queue,1,0,False,False
container,1,0,False,False
container.credentials,1,0,False,False
container.credentials.password,1,0,False,False
container.credentials.username,1,0,False,False
container.env,1,0,False,False
container.env.*,1,0,False,False
container.image,1,0,False,False
container.options,1,0,False,False
container.ports,1,0,False,False
container.volumes,1,0,False,False
description,1,0,False,False
emoji,1,0,False,False
enclaves,1,0,False,False
enclaves[].agent,1,0,False,False
enclaves[].agent.engine,1,1,False,False
enclaves[].agent.github,1,0,False,False
enclaves[].agent.github.cli,1,0,False,False
enclaves[].agent.max-model-requests,1,1,False,False
enclaves[].agent.max-model-tokens,1,1,False,False
enclaves[].agent.max-task-bytes,1,1,False,False
enclaves[].agent.model,1,0,False,False
enclaves[].agent.profile,1,1,False,False
enclaves[].agent.tools,1,0,False,False
enclaves[].agent.tools.github,1,0,False,False
enclaves[].agent.tools.github.allowed,1,0,False,False
enclaves[].agent.tools.github.allowed-repos,1,0,False,False
enclaves[].agent.tools.github.min-integrity,1,0,False,False
enclaves[].cpu-limit,2,2,False,False
enclaves[].dynamic,1,0,False,False
enclaves[].dynamic.allowed-owners,1,0,False,False
enclaves[].dynamic.allowed-repositories,1,0,False,False
enclaves[].dynamic.audit-labels,1,0,False,False
enclaves[].dynamic.expires-at,1,0,False,False
enclaves[].dynamic.github-policy,1,0,False,False
enclaves[].dynamic.max-repositories,1,0,False,False
enclaves[].dynamic.quotas,1,0,False,False
enclaves[].dynamic.quotas.max-execution-seconds,1,0,False,False
enclaves[].dynamic.quotas.max-invocations,1,0,False,False
enclaves[].dynamic.quotas.max-output-bytes,1,0,False,False
enclaves[].dynamic.sensitivity,1,0,False,False
enclaves[].image,2,0,False,False
enclaves[].max-invocations,2,2,False,True
enclaves[].max-output-bytes,2,2,False,False
enclaves[].memory-limit,2,2,False,False
enclaves[].pids-limit,2,2,False,False
enclaves[].repos,2,0,False,False
enclaves[].repos[].repo,2,0,False,False
enclaves[].repos[].sensitivity,2,0,False,False
enclaves[].runtime,2,2,False,False
enclaves[].script,1,0,False,False
enclaves[].script.max-script-bytes,1,1,False,False
enclaves[].timeout,2,2,False,True
enclaves[].tmpfs-limit,2,2,False,False
engine,1,0,False,False
engine.agent,1,0,False,False
engine.api-target,1,0,False,False
engine.args,1,0,False,False
engine.auth,2,0,True,False
engine.auth.audience,1,0,False,False
engine.auth.azure-client-id,1,0,False,False
engine.auth.azure-cloud,1,0,False,False
engine.auth.azure-scope,1,0,False,False
engine.auth.azure-tenant-id,1,0,False,False
engine.auth.federation-rule-id,1,0,False,False
engine.auth.location,1,0,False,False
engine.auth.organization-id,1,0,False,False
engine.auth.project,1,0,False,False
engine.auth.provider,1,0,False,False
engine.auth.service-account,1,0,False,False
engine.auth.service-account-id,1,0,False,False
engine.auth.type,1,0,False,False
engine.auth.workload-identity-provider,1,0,False,False
engine.auth.workspace-id,1,0,False,False
engine.auth[].role,1,0,False,False
engine.auth[].secret,1,0,False,False
engine.bare,2,2,True,False
engine.behaviors,1,0,False,False
engine.behaviors.capabilities,1,0,False,False
engine.behaviors.capabilities.bare-mode,1,0,False,False
engine.behaviors.capabilities.bash-command-allowlist,1,0,False,False
engine.behaviors.capabilities.max-continuations,1,0,False,False
engine.behaviors.capabilities.max-turns,1,0,False,False
engine.behaviors.capabilities.native-agent-file,1,0,False,False
engine.behaviors.capabilities.tools-allowlist,1,0,False,False
engine.behaviors.capabilities.web-search,1,0,False,False
engine.behaviors.config-file,1,0,False,False
engine.behaviors.config-file.content,1,0,False,False
engine.behaviors.config-file.merge-strategy,1,0,False,False
engine.behaviors.config-file.path,1,0,False,False
engine.behaviors.config-file.step-name,1,0,False,False
engine.behaviors.execution,1,0,False,False
engine.behaviors.execution.args,1,0,False,False
engine.behaviors.execution.command-name,1,0,False,False
engine.behaviors.execution.env,1,0,False,False
engine.behaviors.execution.env.*,1,0,False,False
engine.behaviors.execution.mcp-config-env-var,1,0,False,False
engine.behaviors.execution.mcp-config-flag,1,0,False,False
engine.behaviors.execution.model-env-provider-prefix,1,0,False,False
engine.behaviors.execution.model-env-var,1,0,False,False
engine.behaviors.execution.model-flag,1,0,False,False
engine.behaviors.execution.provider-env-mode,1,0,False,False
engine.behaviors.execution.step-name,1,0,False,False
engine.behaviors.execution.write-timestamp,1,0,False,False
engine.behaviors.harness-script,1,0,False,False
engine.behaviors.installation,1,0,False,False
engine.behaviors.installation.binary-name,1,0,False,False
engine.behaviors.installation.cooldown,1,0,False,False
engine.behaviors.installation.docs-url,1,0,False,False
engine.behaviors.installation.include-node-setup,1,0,False,False
engine.behaviors.installation.package-manager,1,0,False,False
engine.behaviors.installation.package-name,1,0,False,False
engine.behaviors.installation.post-install-scripts,1,0,False,False
engine.behaviors.installation.step-name,1,0,False,False
engine.behaviors.installation.verify-command,1,0,False,False
engine.behaviors.installation.verify-step-name,1,0,False,False
engine.behaviors.installation.version,1,0,False,False
engine.behaviors.log-parser,1,0,False,False
engine.behaviors.manifest,1,0,False,False
engine.behaviors.manifest.files,1,0,False,False
engine.behaviors.manifest.path-prefixes,1,0,False,False
engine.behaviors.mcp,1,0,False,False
engine.behaviors.mcp.config-adapter,1,0,False,False
engine.behaviors.mcp.config-path,1,0,False,False
engine.behaviors.network,1,0,False,False
engine.behaviors.network.default-provider,1,0,False,False
engine.behaviors.network.defaults,1,0,False,False
engine.behaviors.network.provider-domains,1,0,False,False
engine.behaviors.network.provider-domains.*,1,0,False,False
engine.behaviors.plugins,1,0,False,False
engine.behaviors.plugins.command-name,1,0,False,False
engine.behaviors.plugins.directory,1,0,False,False
engine.behaviors.plugins.install-args,1,0,False,False
engine.behaviors.secret-strategy,1,0,False,False
engine.behaviors.supported-env-var-keys,1,0,False,False
engine.command,1,0,False,False
engine.concurrency,1,0,False,False
engine.concurrency.cancel-in-progress,1,0,False,False
engine.concurrency.group,1,0,False,False
engine.concurrency.queue,1,0,False,False
engine.config,1,0,False,False
engine.context-window,1,0,False,False
engine.copilot-sdk,1,0,False,False
engine.cwd,1,0,False,False
engine.description,1,0,False,False
engine.detection-engine,1,0,False,False
engine.display-name,1,0,False,False
engine.driver,1,0,False,False
engine.driver.go,1,0,False,False
engine.driver.java,1,0,False,False
engine.driver.node,1,0,False,False
engine.driver.python,1,0,False,False
engine.env,1,0,False,False
engine.env.*,1,0,False,False
engine.experimental,1,0,False,False
engine.extensions,1,0,False,False
engine.harness,1,0,False,False
engine.harness.backoff-multiplier,1,0,False,False
engine.harness.initial-delay-ms,1,0,False,False
engine.harness.max-delay-ms,1,0,False,False
engine.harness.max-retries,1,0,False,False
engine.harness.use,1,0,False,False
engine.harness.watchdog-timeout,1,0,False,False
engine.id,2,0,True,False
engine.max-continuations,1,0,False,False
engine.max-turns,1,0,False,False
engine.mcp,3,1,True,True
engine.mcp.session-timeout,2,0,True,False
engine.mcp.tool-timeout,2,0,False,False
engine.model,2,0,True,False
engine.model-provider,1,0,False,False
engine.models,1,0,False,False
engine.models.default,1,0,False,False
engine.models.supported,1,0,False,False
engine.options,1,0,False,False
engine.permission-mode,1,0,False,False
engine.provider,2,0,True,False
engine.provider.auth,2,0,True,False
engine.provider.auth.client-id,2,0,True,False
engine.provider.auth.client-secret,2,0,True,False
engine.provider.auth.header-name,2,0,True,False
engine.provider.auth.secret,2,0,True,False
engine.provider.auth.strategy,2,0,True,False
engine.provider.auth.token-field,2,0,True,False
engine.provider.auth.token-url,2,0,True,False
engine.provider.id,1,0,False,False
engine.provider.model,1,0,False,False
engine.provider.name,1,0,False,False
engine.provider.request,2,0,True,False
engine.provider.request.body-inject,2,0,True,False
engine.provider.request.body-inject.*,2,0,False,False
engine.provider.request.path-template,2,0,True,False
engine.provider.request.query,2,0,True,False
engine.provider.request.query.*,2,0,False,False
engine.runtime,1,0,False,False
engine.runtime-id,1,0,False,False
engine.runtime.id,1,0,False,False
engine.runtime.version,1,0,False,False
engine.user-agent,1,0,False,False
engine.version,2,0,True,False
env,1,0,False,False
env.*,1,0,False,False
environment,1,0,False,False
environment.name,1,0,False,False
environment.url,1,0,False,False
evals,1,0,False,False
evals.model,1,0,False,False
evals.questions,1,0,False,False
evals.questions[].id,1,0,False,False
evals.questions[].model,1,0,False,False
evals.questions[].question,1,0,False,False
evals.runs-on,1,0,False,False
evals.runs-on.group,1,0,False,False
evals.runs-on.labels,1,0,False,False
evals[].id,1,0,False,False
evals[].model,1,0,False,False
evals[].question,1,0,False,False
excluded-env,1,0,False,False
experiments,1,0,False,False
experiments.*,1,0,False,False
experiments.*.analysis_type,1,0,False,False
experiments.*.continual,1,0,False,False
experiments.*.continual.ramp,1,0,False,False
experiments.*.continual.seed,1,0,False,False
experiments.*.decision,1,0,False,False
experiments.*.decision.confidence,1,1,False,False
experiments.*.decision.minimum_effect,1,1,False,False
experiments.*.decision.regression_tolerance,1,0,False,False
experiments.*.description,1,0,False,False
experiments.*.end_date,1,0,False,False
experiments.*.guardrail_metrics,1,0,False,False
experiments.*.guardrail_metrics[].direction,1,0,False,False
experiments.*.guardrail_metrics[].name,1,0,False,False
experiments.*.guardrail_metrics[].threshold,1,0,False,False
experiments.*.hypothesis,1,0,False,False
experiments.*.issue,1,0,False,False
experiments.*.metric,1,0,False,False
experiments.*.min_samples,1,1,False,False
experiments.*.notify,1,0,False,False
experiments.*.notify.discussion,1,0,False,False
experiments.*.notify.issue,1,0,False,False
experiments.*.secondary_metrics,1,0,False,False
experiments.*.start_date,1,0,False,False
experiments.*.tags,1,0,False,False
experiments.*.variants,1,0,False,False
experiments.*.weight,1,0,False,False
experiments.storage,1,1,False,False
features,1,0,False,False
features.intentional-failure,1,1,False,False
features.samples,1,1,False,False
github-app,1,0,False,False
github-app.app-id,1,0,False,False
github-app.client-id,1,0,False,False
github-app.ignore-if-missing,1,0,False,False
github-app.owner,1,0,False,False
github-app.permissions,1,0,False,False
github-app.permissions.administration,1,0,False,False
github-app.permissions.codespaces,1,0,False,False
github-app.permissions.codespaces-lifecycle-admin,1,0,False,False
github-app.permissions.codespaces-metadata,1,0,False,False
github-app.permissions.email-addresses,1,0,False,False
github-app.permissions.environments,1,0,False,False
github-app.permissions.git-signing,1,0,False,False
github-app.permissions.members,1,0,False,False
github-app.permissions.organization-administration,1,0,False,False
github-app.permissions.organization-announcement-banners,1,0,False,False
github-app.permissions.organization-codespaces,1,0,False,False
github-app.permissions.organization-copilot,1,0,False,False
github-app.permissions.organization-custom-org-roles,1,0,False,False
github-app.permissions.organization-custom-properties,1,0,False,False
github-app.permissions.organization-custom-repository-roles,1,0,False,False
github-app.permissions.organization-events,1,0,False,False
github-app.permissions.organization-hooks,1,0,False,False
github-app.permissions.organization-members,1,0,False,False
github-app.permissions.organization-packages,1,0,False,False
github-app.permissions.organization-personal-access-token-requests,1,0,False,False
github-app.permissions.organization-personal-access-tokens,1,0,False,False
github-app.permissions.organization-plan,1,0,False,False
github-app.permissions.organization-self-hosted-runners,1,0,False,False
github-app.permissions.organization-user-blocking,1,0,False,False
github-app.permissions.repository-custom-properties,1,0,False,False
github-app.permissions.repository-hooks,1,0,False,False
github-app.permissions.secret-scanning-alerts,1,0,False,False
github-app.permissions.single-file,1,0,False,False
github-app.permissions.team-discussions,1,0,False,False
github-app.permissions.vulnerability-alerts,1,0,False,False
github-app.permissions.workflows,1,0,False,False
github-app.private-key,1,0,False,False
github-app.repositories,1,0,False,False
graders,1,0,False,False
graders.*,1,0,False,False
graders.*.config,1,0,False,False
graders.*.description,1,0,False,False
graders.*.direction,1,0,False,False
graders.*.enabled,1,0,False,False
graders.*.max,1,0,False,False
graders.*.min,1,0,False,False
graders.*.name,1,0,False,False
graders.*.run,1,0,False,False
graders.*.script,1,0,False,False
graders.*.threshold,1,0,False,False
graders.*.unit,1,0,False,False
if,1,0,False,False
import-schema,1,0,False,False
import-schema.*,1,0,False,False
import-schema.*.default,1,0,False,False
import-schema.*.description,2,0,False,False
import-schema.*.items,1,0,False,False
import-schema.*.items.type,1,0,False,False
import-schema.*.options,1,0,False,False
import-schema.*.properties,1,0,False,False
import-schema.*.properties.*,1,0,False,False
import-schema.*.properties.*.default,1,0,False,False
import-schema.*.properties.*.description,1,0,False,False
import-schema.*.properties.*.options,1,0,False,False
import-schema.*.properties.*.required,1,1,False,False
import-schema.*.properties.*.type,1,0,False,False
import-schema.*.required,2,2,False,False
import-schema.*.type,2,0,True,False
imports,1,0,False,False
imports.aw,1,0,False,False
imports.aw[].inputs,1,0,False,False
imports.aw[].inputs.*,1,0,False,False
imports.aw[].inputs.*.*,1,0,False,False
imports.aw[].path,1,0,False,False
imports.aw[].uses,1,0,False,False
imports.aw[].with,1,0,False,False
imports.aw[].with.*,1,0,False,False
imports.aw[].with.*.*,1,0,False,False
imports[].inputs,1,0,False,False
imports[].inputs.*,1,0,False,False
imports[].inputs.*.*,1,0,False,False
imports[].path,1,0,False,False
imports[].uses,1,0,False,False
imports[].with,1,0,False,False
imports[].with.*,1,0,False,False
imports[].with.*.*,1,0,False,False
inlined-imports,1,1,False,False
intent,1,0,False,False
jobs,1,0,False,False
jobs.*,1,0,False,False
jobs.*.concurrency,1,0,False,False
jobs.*.container,1,0,False,False
jobs.*.continue-on-error,1,0,False,False
jobs.*.env,1,0,False,False
jobs.*.env.*,1,0,False,False
jobs.*.environment,1,0,False,False
jobs.*.environment.name,1,0,False,False
jobs.*.environment.url,1,0,False,False
jobs.*.if,1,0,False,False
jobs.*.name,1,0,False,False
jobs.*.needs,1,0,False,False
jobs.*.outputs,1,0,False,False
jobs.*.outputs.*,1,0,False,False
jobs.*.permissions,1,0,False,False
jobs.*.pre-steps,1,0,False,False
jobs.*.restore-memory,1,0,False,False
jobs.*.runs-on,1,0,False,False
jobs.*.runs-on.group,1,0,False,False
jobs.*.runs-on.labels,1,0,False,False
jobs.*.secrets,1,0,False,False
jobs.*.secrets.*,1,0,False,False
jobs.*.services,1,0,False,False
jobs.*.services.*,1,0,False,False
jobs.*.setup-steps,1,0,False,False
jobs.*.steps,1,0,False,False
jobs.*.steps[].continue-on-error,1,0,False,False
jobs.*.steps[].env,1,0,False,False
jobs.*.steps[].env.*,1,0,False,False
jobs.*.steps[].id,1,0,False,False
jobs.*.steps[].if,1,0,False,False
jobs.*.steps[].name,1,0,False,False
jobs.*.steps[].run,1,0,False,False
jobs.*.steps[].shell,1,0,False,False
jobs.*.steps[].timeout-minutes,1,0,False,False
jobs.*.steps[].uses,1,0,False,False
jobs.*.steps[].with,1,0,False,False
jobs.*.steps[].with.*,1,0,False,False
jobs.*.steps[].with.*.*,1,0,False,False
jobs.*.steps[].working-directory,1,0,False,False
jobs.*.strategy,1,0,False,False
jobs.*.strategy.fail-fast,1,0,False,False
jobs.*.strategy.matrix,1,0,False,False
jobs.*.strategy.max-parallel,1,0,False,False
jobs.*.timeout-minutes,1,0,False,False
jobs.*.uses,1,0,False,False
jobs.*.with,1,0,False,False
jobs.*.with.*,1,0,False,False
jobs.*.with.*.*,1,0,False,False
labels,1,0,False,False
lsp,1,0,False,False
lsp.*,1,0,False,False
lsp.*.args,1,0,False,False
lsp.*.command,1,0,False,False
lsp.*.fileExtensions,1,0,False,False
lsp.*.fileExtensions.*,1,0,False,False
lsp.*.version,1,0,False,False
max-ai-credits,1,0,False,False
max-daily-ai-credits,1,0,False,False
max-daily-ai-credits.backend,1,0,False,False
max-daily-ai-credits.continue-on-error,1,0,False,False
max-daily-ai-credits.github-app,1,0,False,False
max-daily-ai-credits.github-app.app-id,1,0,False,False
max-daily-ai-credits.github-app.client-id,1,0,False,False
max-daily-ai-credits.github-app.ignore-if-missing,1,0,False,False
max-daily-ai-credits.github-app.owner,1,0,False,False
max-daily-ai-credits.github-app.permissions,1,0,False,False
max-daily-ai-credits.github-app.permissions.administration,1,0,False,False
max-daily-ai-credits.github-app.permissions.codespaces,1,0,False,False
max-daily-ai-credits.github-app.permissions.codespaces-lifecycle-admin,1,0,False,False
max-daily-ai-credits.github-app.permissions.codespaces-metadata,1,0,False,False
max-daily-ai-credits.github-app.permissions.email-addresses,1,0,False,False
max-daily-ai-credits.github-app.permissions.environments,1,0,False,False
max-daily-ai-credits.github-app.permissions.git-signing,1,0,False,False
max-daily-ai-credits.github-app.permissions.members,1,0,False,False
max-daily-ai-credits.github-app.permissions.organization-administration,1,0,False,False
max-daily-ai-credits.github-app.permissions.organization-announcement-banners,1,0,False,False
max-daily-ai-credits.github-app.permissions.organization-codespaces,1,0,False,False
max-daily-ai-credits.github-app.permissions.organization-copilot,1,0,False,False
max-daily-ai-credits.github-app.permissions.organization-custom-org-roles,1,0,False,False
max-daily-ai-credits.github-app.permissions.organization-custom-properties,1,0,False,False
max-daily-ai-credits.github-app.permissions.organization-custom-repository-roles,1,0,False,False
max-daily-ai-credits.github-app.permissions.organization-events,1,0,False,False
max-daily-ai-credits.github-app.permissions.organization-hooks,1,0,False,False
max-daily-ai-credits.github-app.permissions.organization-members,1,0,False,False
max-daily-ai-credits.github-app.permissions.organization-packages,1,0,False,False
max-daily-ai-credits.github-app.permissions.organization-personal-access-token-requests,1,0,False,False
max-daily-ai-credits.github-app.permissions.organization-personal-access-tokens,1,0,False,False
max-daily-ai-credits.github-app.permissions.organization-plan,1,0,False,False
max-daily-ai-credits.github-app.permissions.organization-self-hosted-runners,1,0,False,False
max-daily-ai-credits.github-app.permissions.organization-user-blocking,1,0,False,False
max-daily-ai-credits.github-app.permissions.repository-custom-properties,1,0,False,False
max-daily-ai-credits.github-app.permissions.repository-hooks,1,0,False,False
max-daily-ai-credits.github-app.permissions.secret-scanning-alerts,1,0,False,False
max-daily-ai-credits.github-app.permissions.single-file,1,0,False,False
max-daily-ai-credits.github-app.permissions.team-discussions,1,0,False,False
max-daily-ai-credits.github-app.permissions.vulnerability-alerts,1,0,False,False
max-daily-ai-credits.github-app.permissions.workflows,1,0,False,False
max-daily-ai-credits.github-app.private-key,1,0,False,False
max-daily-ai-credits.github-app.repositories,1,0,False,False
max-daily-ai-credits.value,1,0,False,False
max-runs,1,0,False,False
max-tool-denials,1,0,False,False
max-turn-cache-misses,1,1,False,False
max-turns,1,0,False,False
mcp-scripts,1,0,False,False
mcp-scripts.*,1,0,False,False
mcp-scripts.*.description,1,0,False,False
mcp-scripts.*.env,1,0,False,False
mcp-scripts.*.env.*,1,0,False,False
mcp-scripts.*.go,1,0,False,False
mcp-scripts.*.inputs,1,0,False,False
mcp-scripts.*.inputs.*,1,0,False,False
mcp-scripts.*.inputs.*.default,1,0,False,False
mcp-scripts.*.inputs.*.description,1,0,False,False
mcp-scripts.*.inputs.*.required,1,1,False,False
mcp-scripts.*.inputs.*.type,1,1,False,False
mcp-scripts.*.py,1,0,False,False
mcp-scripts.*.run,1,0,False,False
mcp-scripts.*.script,1,0,False,False
mcp-scripts.*.timeout,1,1,False,False
mcp-servers,1,0,False,False
mcp-servers.*,1,0,False,False
mcp-servers.*.allowed,2,0,False,False
mcp-servers.*.args,1,0,False,False
mcp-servers.*.auth,1,0,False,False
mcp-servers.*.auth.audience,1,0,False,False
mcp-servers.*.auth.type,1,0,False,False
mcp-servers.*.command,1,0,False,False
mcp-servers.*.container,1,0,False,False
mcp-servers.*.entrypoint,1,0,False,False
mcp-servers.*.entrypointArgs,1,0,False,False
mcp-servers.*.env,1,0,False,False
mcp-servers.*.env.*,1,0,False,False
mcp-servers.*.headers,1,0,False,False
mcp-servers.*.headers.*,1,0,False,False
mcp-servers.*.mounts,1,0,False,False
mcp-servers.*.network,1,0,False,False
mcp-servers.*.network.allowed,1,0,False,False
mcp-servers.*.network.proxy-args,1,0,False,False
mcp-servers.*.proxy-args,1,0,False,False
mcp-servers.*.registry,2,0,False,False
mcp-servers.*.required,2,2,False,False
mcp-servers.*.type,2,0,True,False
mcp-servers.*.url,1,0,False,False
mcp-servers.*.version,1,0,False,False
metadata,1,0,False,False
metadata.*,1,0,False,False
metadata.docs,1,0,False,False
model,1,0,False,False
models,1,0,False,False
models.allowed,1,0,False,False
models.blocked,1,0,False,False
models.default-ai-credits-pricing,1,0,False,False
models.default-ai-credits-pricing.*,1,0,False,False
models.default-ai-credits-pricing.cache_read,1,0,False,False
models.default-ai-credits-pricing.cache_write,1,0,False,False
models.default-ai-credits-pricing.input,1,0,False,False
models.default-ai-credits-pricing.output,1,0,False,False
models.default-ai-credits-pricing.reasoning,1,0,False,False
models.providers,1,0,False,False
models.providers.*,1,0,False,False
models.providers.*.models,1,0,False,False
models.providers.*.models.*,1,0,False,False
models.providers.*.models.*.cost,1,0,False,False
models.providers.*.models.*.cost.*,1,0,False,False
models.providers.*.models.*.cost.cache_read,1,0,False,False
models.providers.*.models.*.cost.cache_write,1,0,False,False
models.providers.*.models.*.cost.input,1,0,False,False
models.providers.*.models.*.cost.output,1,0,False,False
models.providers.*.models.*.cost.reasoning,1,0,False,False
name,1,0,False,False
network,1,0,False,False
network.allowed,1,0,False,False
network.allowed-input,1,0,False,False
network.blocked,1,0,False,False
network.hosted-web,1,0,False,False
network.hosted-web.allowed,1,0,False,False
network.hosted-web.blocked,1,0,False,False
network.hosted-web.max-uses,1,0,False,False
observability,1,0,False,False
observability.otlp,1,0,False,False
observability.otlp.attributes,1,0,False,False
observability.otlp.attributes.*,1,0,False,False
observability.otlp.endpoint,1,0,False,False
observability.otlp.endpoint.headers,1,0,False,False
observability.otlp.endpoint.headers.*,1,0,False,False
observability.otlp.endpoint.url,1,0,False,False
observability.otlp.endpoint[].headers,1,0,False,False
observability.otlp.endpoint[].headers.*,1,0,False,False
observability.otlp.endpoint[].url,1,0,False,False
observability.otlp.github-app,1,0,False,False
observability.otlp.github-app.app-id,1,0,False,False
observability.otlp.github-app.audience,1,0,False,False
observability.otlp.github-app.client-id,1,0,False,False
observability.otlp.github-app.ignore-if-missing,1,0,False,False
observability.otlp.github-app.private-key,1,0,False,False
observability.otlp.headers,1,0,False,False
observability.otlp.headers.*,1,0,False,False
observability.otlp.if-missing,1,1,False,False
observability.otlp.resource-attributes,1,0,False,False
observability.otlp.resource-attributes.*,1,0,False,False
observability.otlp.workload-identity,1,0,False,False
observability.otlp.workload-identity.audience,1,0,False,False
observability.otlp.workload-identity.provider,1,0,False,False
observability.otlp.workload-identity.service-account,1,0,False,False
on,1,0,False,False
on.allow-bot-authored-trigger-comment,1,0,False,False
on.bots,1,0,False,False
on.branch_protection_rule,1,0,False,False
on.branch_protection_rule.types,1,0,False,False
on.check_run,1,0,False,False
on.check_run.types,1,0,False,False
on.check_suite,1,0,False,False
on.check_suite.types,1,0,False,False
on.command,1,0,False,False
on.command.events,1,0,False,False
on.command.name,1,0,False,False
on.cooldown,1,0,False,False
on.create,1,0,False,False
on.delete,1,0,False,False
on.deployment,1,0,False,False
on.deployment_status,1,0,False,False
on.deployment_status.state,1,0,False,False
on.discussion,1,0,False,False
on.discussion.types,1,0,False,False
on.discussion_comment,1,0,False,False
on.discussion_comment.types,1,0,False,False
on.fork,1,0,False,False
on.github-app,1,0,False,False
on.github-app.app-id,1,0,False,False
on.github-app.client-id,1,0,False,False
on.github-app.ignore-if-missing,1,0,False,False
on.github-app.owner,1,0,False,False
on.github-app.permissions,1,0,False,False
on.github-app.permissions.administration,1,0,False,False
on.github-app.permissions.codespaces,1,0,False,False
on.github-app.permissions.codespaces-lifecycle-admin,1,0,False,False
on.github-app.permissions.codespaces-metadata,1,0,False,False
on.github-app.permissions.email-addresses,1,0,False,False
on.github-app.permissions.environments,1,0,False,False
on.github-app.permissions.git-signing,1,0,False,False
on.github-app.permissions.members,1,0,False,False
on.github-app.permissions.organization-administration,1,0,False,False
on.github-app.permissions.organization-announcement-banners,1,0,False,False
on.github-app.permissions.organization-codespaces,1,0,False,False
on.github-app.permissions.organization-copilot,1,0,False,False
on.github-app.permissions.organization-custom-org-roles,1,0,False,False
on.github-app.permissions.organization-custom-properties,1,0,False,False
on.github-app.permissions.organization-custom-repository-roles,1,0,False,False
on.github-app.permissions.organization-events,1,0,False,False
on.github-app.permissions.organization-hooks,1,0,False,False
on.github-app.permissions.organization-members,1,0,False,False
on.github-app.permissions.organization-packages,1,0,False,False
on.github-app.permissions.organization-personal-access-token-requests,1,0,False,False
on.github-app.permissions.organization-personal-access-tokens,1,0,False,False
on.github-app.permissions.organization-plan,1,0,False,False
on.github-app.permissions.organization-self-hosted-runners,1,0,False,False
on.github-app.permissions.organization-user-blocking,1,0,False,False
on.github-app.permissions.repository-custom-properties,1,0,False,False
on.github-app.permissions.repository-hooks,1,0,False,False
on.github-app.permissions.secret-scanning-alerts,1,0,False,False
on.github-app.permissions.single-file,1,0,False,False
on.github-app.permissions.team-discussions,1,0,False,False
on.github-app.permissions.vulnerability-alerts,1,0,False,False
on.github-app.permissions.workflows,1,0,False,False
on.github-app.private-key,1,0,False,False
on.github-app.repositories,1,0,False,False
on.github-token,1,0,False,False
on.gollum,1,0,False,False
on.issue_comment,1,0,False,False
on.issue_comment.lock-for-agent,1,0,False,False
on.issue_comment.types,1,0,False,False
on.issues,1,0,False,False
on.issues.lock-for-agent,1,0,False,False
on.issues.names,1,0,False,False
on.issues.types,1,0,False,False
on.label,1,0,False,False
on.label.types,1,0,False,False
on.label_command,1,0,False,False
on.label_command.events,1,0,False,False
on.label_command.name,1,0,False,False
on.label_command.names,1,0,False,False
on.label_command.remove_label,1,0,False,False
on.label_command.strategy,1,0,False,False
on.labels,1,0,False,False
on.manual-approval,1,0,False,False
on.merge_group,1,0,False,False
on.merge_group.types,1,0,False,False
on.milestone,1,0,False,False
on.milestone.types,1,0,False,False
on.needs,1,1,False,False
on.page_build,1,0,False,False
on.permissions,1,0,False,False
on.permissions.actions,1,0,False,False
on.permissions.all,1,0,False,False
on.permissions.attestations,1,0,False,False
on.permissions.checks,1,0,False,False
on.permissions.code-quality,1,0,False,False
on.permissions.contents,1,0,False,False
on.permissions.copilot-requests,1,0,False,False
on.permissions.deployments,1,0,False,False
on.permissions.discussions,1,0,False,False
on.permissions.drives,1,0,False,False
on.permissions.id-token,1,0,False,False
on.permissions.issues,1,0,False,False
on.permissions.metadata,1,0,False,False
on.permissions.models,1,0,False,False
on.permissions.organization-custom-org-roles,1,0,False,False
on.permissions.organization-custom-repository-roles,1,0,False,False
on.permissions.organization-projects,1,0,False,False
on.permissions.packages,1,0,False,False
on.permissions.pages,1,0,False,False
on.permissions.pull-requests,1,0,False,False
on.permissions.repository-projects,1,0,False,False
on.permissions.secret-scanning-alerts,1,0,False,False
on.permissions.security-events,1,0,False,False
on.permissions.statuses,1,0,False,False
on.permissions.vulnerability-alerts,1,0,False,False
on.public,1,0,False,False
on.pull_request,1,0,False,False
on.pull_request.branches,1,0,False,False
on.pull_request.branches-ignore,1,0,False,False
on.pull_request.draft,1,0,False,False
on.pull_request.forks,1,0,False,False
on.pull_request.max-stack,1,0,False,False
on.pull_request.names,1,0,False,False
on.pull_request.paths,1,0,False,False
on.pull_request.paths-ignore,1,0,False,False
on.pull_request.types,1,0,False,False
on.pull_request_review,1,0,False,False
on.pull_request_review.max-stack,1,0,False,False
on.pull_request_review.types,1,0,False,False
on.pull_request_review_comment,1,0,False,False
on.pull_request_review_comment.types,1,0,False,False
on.pull_request_target,1,0,False,False
on.pull_request_target.branches,1,0,False,False
on.pull_request_target.branches-ignore,1,0,False,False
on.pull_request_target.draft,1,0,False,False
on.pull_request_target.forks,1,0,False,False
on.pull_request_target.paths,1,0,False,False
on.pull_request_target.paths-ignore,1,0,False,False
on.pull_request_target.types,1,0,False,False
on.push,1,0,False,False
on.push.branches,1,0,False,False
on.push.branches-ignore,1,0,False,False
on.push.paths,1,0,False,False
on.push.paths-ignore,1,0,False,False
on.push.tags,1,0,False,False
on.push.tags-ignore,1,0,False,False
on.reaction,1,1,False,False
on.reaction.discussions,1,0,False,False
on.reaction.issues,1,0,False,False
on.reaction.pull-requests,1,0,False,False
on.reaction.type,1,0,False,False
on.registry_package,1,0,False,False
on.registry_package.types,1,0,False,False
on.release,1,0,False,False
on.release.types,1,0,False,False
on.report-blocked-version,1,1,False,False
on.repository_dispatch,1,0,False,False
on.repository_dispatch.types,1,0,False,False
on.restore-memory,1,0,False,False
on.roles,1,0,False,False
on.schedule,1,0,False,False
on.schedule[].cron,1,0,False,False
on.schedule[].timezone,1,0,False,False
on.skip-author-associations,1,0,False,False
on.skip-author-associations.*,1,0,False,False
on.skip-bots,1,0,False,False
on.skip-if-check-failing,1,0,False,False
on.skip-if-check-failing.allow-pending,1,0,False,False
on.skip-if-check-failing.branch,1,0,False,False
on.skip-if-check-failing.exclude,1,0,False,False
on.skip-if-check-failing.include,1,0,False,False
on.skip-if-match,1,0,False,False
on.skip-if-match.max,1,0,False,False
on.skip-if-match.query,1,0,False,False
on.skip-if-match.scope,1,0,False,False
on.skip-if-no-match,1,0,False,False
on.skip-if-no-match.min,1,0,False,False
on.skip-if-no-match.query,1,0,False,False
on.skip-if-no-match.scope,1,0,False,False
on.skip-roles,1,0,False,False
on.slash_command,1,0,False,False
on.slash_command.events,1,0,False,False
on.slash_command.name,1,0,False,False
on.slash_command.strategy,1,0,False,False
on.stale-check,1,0,False,False
on.status,1,0,False,False
on.status-comment,1,0,False,False
on.status-comment.discussions,1,0,False,False
on.status-comment.issues,1,0,False,False
on.status-comment.pull-requests,1,0,False,False
on.steps,1,0,False,False
on.steps[].continue-on-error,1,0,False,False
on.steps[].env,1,0,False,False
on.steps[].env.*,1,0,False,False
on.steps[].id,1,0,False,False
on.steps[].if,1,0,False,False
on.steps[].name,1,0,False,False
on.steps[].run,1,0,False,False
on.steps[].uses,1,0,False,False
on.steps[].with,1,0,False,False
on.steps[].with.*,1,0,False,False
on.steps[].with.*.*,1,0,False,False
on.stop-after,1,0,False,False
on.watch,1,0,False,False
on.watch.types,1,0,False,False
on.workflow_call,1,0,False,False
on.workflow_call.inputs,1,0,False,False
on.workflow_call.inputs.*,1,0,False,False
on.workflow_call.inputs.*.default,1,0,False,False
on.workflow_call.inputs.*.description,1,0,False,False
on.workflow_call.inputs.*.required,1,0,False,False
on.workflow_call.inputs.*.type,1,0,False,False
on.workflow_call.secrets,1,0,False,False
on.workflow_call.secrets.*,1,0,False,False
on.workflow_call.secrets.*.description,1,0,False,False
on.workflow_call.secrets.*.required,1,0,False,False
on.workflow_dispatch,1,0,False,False
on.workflow_dispatch.inputs,1,0,False,False
on.workflow_dispatch.inputs.*,1,0,False,False
on.workflow_dispatch.inputs.*.default,1,0,False,False
on.workflow_dispatch.inputs.*.description,1,0,False,False
on.workflow_dispatch.inputs.*.options,1,0,False,False
on.workflow_dispatch.inputs.*.required,1,0,False,False
on.workflow_dispatch.inputs.*.type,1,0,False,False
on.workflow_run,1,0,False,False
on.workflow_run.branches,1,0,False,False
on.workflow_run.branches-ignore,1,0,False,False
on.workflow_run.conclusion,1,0,False,False
on.workflow_run.types,1,0,False,False
on.workflow_run.workflows,1,0,False,False
permissions,1,0,False,False
permissions.actions,1,0,False,False
permissions.all,1,0,False,False
permissions.attestations,1,0,False,False
permissions.checks,1,0,False,False
permissions.code-quality,1,0,False,False
permissions.contents,1,0,False,False
permissions.copilot-requests,1,0,False,False
permissions.deployments,1,0,False,False
permissions.discussions,1,0,False,False
permissions.drives,1,0,False,False
permissions.id-token,1,0,False,False
permissions.issues,1,0,False,False
permissions.metadata,1,0,False,False
permissions.models,1,0,False,False
permissions.organization-custom-org-roles,1,0,False,False
permissions.organization-custom-repository-roles,1,0,False,False
permissions.organization-projects,1,0,False,False
permissions.packages,1,0,False,False
permissions.pages,1,0,False,False
permissions.pull-requests,1,0,False,False
permissions.repository-projects,1,0,False,False
permissions.secret-scanning-alerts,1,0,False,False
permissions.security-events,1,0,False,False
permissions.statuses,1,0,False,False
permissions.vulnerability-alerts,1,0,False,False
plugins,1,0,False,False
plugins[].github-app,1,0,False,False
plugins[].github-app.app-id,1,0,False,False
plugins[].github-app.client-id,1,0,False,False
plugins[].github-app.ignore-if-missing,1,0,False,False
plugins[].github-app.owner,1,0,False,False
plugins[].github-app.permissions,1,0,False,False
plugins[].github-app.permissions.administration,1,0,False,False
plugins[].github-app.permissions.codespaces,1,0,False,False
plugins[].github-app.permissions.codespaces-lifecycle-admin,1,0,False,False
plugins[].github-app.permissions.codespaces-metadata,1,0,False,False
plugins[].github-app.permissions.email-addresses,1,0,False,False
plugins[].github-app.permissions.environments,1,0,False,False
plugins[].github-app.permissions.git-signing,1,0,False,False
plugins[].github-app.permissions.members,1,0,False,False
plugins[].github-app.permissions.organization-administration,1,0,False,False
plugins[].github-app.permissions.organization-announcement-banners,1,0,False,False
plugins[].github-app.permissions.organization-codespaces,1,0,False,False
plugins[].github-app.permissions.organization-copilot,1,0,False,False
plugins[].github-app.permissions.organization-custom-org-roles,1,0,False,False
plugins[].github-app.permissions.organization-custom-properties,1,0,False,False
plugins[].github-app.permissions.organization-custom-repository-roles,1,0,False,False
plugins[].github-app.permissions.organization-events,1,0,False,False
plugins[].github-app.permissions.organization-hooks,1,0,False,False
plugins[].github-app.permissions.organization-members,1,0,False,False
plugins[].github-app.permissions.organization-packages,1,0,False,False
plugins[].github-app.permissions.organization-personal-access-token-requests,1,0,False,False
plugins[].github-app.permissions.organization-personal-access-tokens,1,0,False,False
plugins[].github-app.permissions.organization-plan,1,0,False,False
plugins[].github-app.permissions.organization-self-hosted-runners,1,0,False,False
plugins[].github-app.permissions.organization-user-blocking,1,0,False,False
plugins[].github-app.permissions.repository-custom-properties,1,0,False,False
plugins[].github-app.permissions.repository-hooks,1,0,False,False
plugins[].github-app.permissions.secret-scanning-alerts,1,0,False,False
plugins[].github-app.permissions.single-file,1,0,False,False
plugins[].github-app.permissions.team-discussions,1,0,False,False
plugins[].github-app.permissions.vulnerability-alerts,1,0,False,False
plugins[].github-app.permissions.workflows,1,0,False,False
plugins[].github-app.private-key,1,0,False,False
plugins[].github-app.repositories,1,0,False,False
plugins[].github-token,1,0,False,False
plugins[].plugin,1,0,False,False
post-steps,1,0,False,False
pre-agent-steps,1,0,False,False
pre-steps,1,0,False,False
private,1,1,False,False
redirect,1,0,False,False
resources,1,0,False,False
run-name,1,0,False,False
runner,1,0,False,False
runner.topology,1,0,False,False
runs-on,1,0,False,False
runs-on-slim,1,0,False,False
runs-on-slim.group,1,0,False,False
runs-on-slim.labels,1,0,False,False
runs-on.group,1,0,False,False
runs-on.labels,1,0,False,False
runtimes,1,0,False,False
runtimes.*,1,0,False,False
runtimes.*.action-repo,1,0,False,False
runtimes.*.action-version,1,0,False,False
runtimes.*.cooldown,1,1,False,False
runtimes.*.if,1,0,False,False
runtimes.*.run-install-scripts,1,1,False,False
runtimes.*.version,1,0,False,False
safe-outputs,1,0,False,False
safe-outputs.actions,1,0,False,False
safe-outputs.actions.*,1,0,False,False
safe-outputs.actions.*.description,1,0,False,False
safe-outputs.actions.*.env,1,0,False,False
safe-outputs.actions.*.env.*,1,0,False,False
safe-outputs.actions.*.inputs,1,0,False,False
safe-outputs.actions.*.inputs.*,1,0,False,False
safe-outputs.actions.*.inputs.*.default,1,0,False,False
safe-outputs.actions.*.inputs.*.description,1,0,False,False
safe-outputs.actions.*.inputs.*.required,1,0,False,False
safe-outputs.actions.*.uses,1,0,False,False
safe-outputs.activation-comments,1,1,False,False
safe-outputs.add-comment,1,0,False,False
safe-outputs.add-comment.allowed-reasons,1,0,False,False
safe-outputs.add-comment.allowed-repos,1,0,False,False
safe-outputs.add-comment.allows-comment-ids,1,0,False,False
safe-outputs.add-comment.discussions,1,0,False,False
safe-outputs.add-comment.footer,1,1,False,False
safe-outputs.add-comment.github-app,1,0,False,False
safe-outputs.add-comment.github-app.app-id,1,0,False,False
safe-outputs.add-comment.github-app.client-id,1,0,False,False
safe-outputs.add-comment.github-app.ignore-if-missing,1,0,False,False
safe-outputs.add-comment.github-app.owner,1,0,False,False
safe-outputs.add-comment.github-app.permissions,1,0,False,False
safe-outputs.add-comment.github-app.permissions.administration,1,0,False,False
safe-outputs.add-comment.github-app.permissions.codespaces,1,0,False,False
safe-outputs.add-comment.github-app.permissions.codespaces-lifecycle-admin,1,0,False,False
safe-outputs.add-comment.github-app.permissions.codespaces-metadata,1,0,False,False
safe-outputs.add-comment.github-app.permissions.email-addresses,1,0,False,False
safe-outputs.add-comment.github-app.permissions.environments,1,0,False,False
safe-outputs.add-comment.github-app.permissions.git-signing,1,0,False,False
safe-outputs.add-comment.github-app.permissions.members,1,0,False,False
safe-outputs.add-comment.github-app.permissions.organization-administration,1,0,False,False
safe-outputs.add-comment.github-app.permissions.organization-announcement-banners,1,0,False,False
safe-outputs.add-comment.github-app.permissions.organization-codespaces,1,0,False,False
safe-outputs.add-comment.github-app.permissions.organization-copilot,1,0,False,False
safe-outputs.add-comment.github-app.permissions.organization-custom-org-roles,1,0,False,False
safe-outputs.add-comment.github-app.permissions.organization-custom-properties,1,0,False,False
safe-outputs.add-comment.github-app.permissions.organization-custom-repository-roles,1,0,False,False
safe-outputs.add-comment.github-app.permissions.organization-events,1,0,False,False
safe-outputs.add-comment.github-app.permissions.organization-hooks,1,0,False,False
safe-outputs.add-comment.github-app.permissions.organization-members,1,0,False,False
safe-outputs.add-comment.github-app.permissions.organization-packages,1,0,False,False
safe-outputs.add-comment.github-app.permissions.organization-personal-access-token-requests,1,0,False,False
safe-outputs.add-comment.github-app.permissions.organization-personal-access-tokens,1,0,False,False
safe-outputs.add-comment.github-app.permissions.organization-plan,1,0,False,False
safe-outputs.add-comment.github-app.permissions.organization-self-hosted-runners,1,0,False,False
safe-outputs.add-comment.github-app.permissions.organization-user-blocking,1,0,False,False
safe-outputs.add-comment.github-app.permissions.repository-custom-properties,1,0,False,False
safe-outputs.add-comment.github-app.permissions.repository-hooks,1,0,False,False
safe-outputs.add-comment.github-app.permissions.secret-scanning-alerts,1,0,False,False
safe-outputs.add-comment.github-app.permissions.single-file,1,0,False,False
safe-outputs.add-comment.github-app.permissions.team-discussions,1,0,False,False
safe-outputs.add-comment.github-app.permissions.vulnerability-alerts,1,0,False,False
safe-outputs.add-comment.github-app.permissions.workflows,1,0,False,False
safe-outputs.add-comment.github-app.private-key,1,0,False,False
safe-outputs.add-comment.github-app.repositories,1,0,False,False
safe-outputs.add-comment.github-token,1,0,False,False
safe-outputs.add-comment.hide-older-comments,1,0,False,False
safe-outputs.add-comment.hide-older-comments-match,1,0,False,False
safe-outputs.add-comment.hide-older-comments.enabled,1,0,False,False
safe-outputs.add-comment.hide-older-comments.match,1,0,False,False
safe-outputs.add-comment.issues,1,0,False,False
safe-outputs.add-comment.max,1,0,False,False
safe-outputs.add-comment.normalize-closing-keywords,1,0,False,False
safe-outputs.add-comment.pull-requests,1,0,False,False
safe-outputs.add-comment.required-labels,1,0,False,False
safe-outputs.add-comment.required-title-prefix,1,0,False,False
safe-outputs.add-comment.samples,1,0,False,False
safe-outputs.add-comment.staged,1,0,False,False
safe-outputs.add-comment.target,1,0,False,False
safe-outputs.add-comment.target-repo,1,0,False,False
safe-outputs.add-labels,1,0,False,False
safe-outputs.add-labels.allowed,1,0,False,False
safe-outputs.add-labels.allowed-repos,1,0,False,False
safe-outputs.add-labels.blocked,1,0,False,False
safe-outputs.add-labels.create-if-missing,1,0,False,False
safe-outputs.add-labels.github-app,1,0,False,False
safe-outputs.add-labels.github-app.app-id,1,0,False,False
safe-outputs.add-labels.github-app.client-id,1,0,False,False
safe-outputs.add-labels.github-app.ignore-if-missing,1,0,False,False
safe-outputs.add-labels.github-app.owner,1,0,False,False
safe-outputs.add-labels.github-app.permissions,1,0,False,False
safe-outputs.add-labels.github-app.permissions.administration,1,0,False,False
safe-outputs.add-labels.github-app.permissions.codespaces,1,0,False,False
safe-outputs.add-labels.github-app.permissions.codespaces-lifecycle-admin,1,0,False,False
safe-outputs.add-labels.github-app.permissions.codespaces-metadata,1,0,False,False
safe-outputs.add-labels.github-app.permissions.email-addresses,1,0,False,False
safe-outputs.add-labels.github-app.permissions.environments,1,0,False,False
safe-outputs.add-labels.github-app.permissions.git-signing,1,0,False,False
safe-outputs.add-labels.github-app.permissions.members,1,0,False,False
safe-outputs.add-labels.github-app.permissions.organization-administration,1,0,False,False
safe-outputs.add-labels.github-app.permissions.organization-announcement-banners,1,0,False,False
safe-outputs.add-labels.github-app.permissions.organization-codespaces,1,0,False,False
safe-outputs.add-labels.github-app.permissions.organization-copilot,1,0,False,False
safe-outputs.add-labels.github-app.permissions.organization-custom-org-roles,1,0,False,False
safe-outputs.add-labels.github-app.permissions.organization-custom-properties,1,0,False,False
safe-outputs.add-labels.github-app.permissions.organization-custom-repository-roles,1,0,False,False
safe-outputs.add-labels.github-app.permissions.organization-events,1,0,False,False
safe-outputs.add-labels.github-app.permissions.organization-hooks,1,0,False,False
safe-outputs.add-labels.github-app.permissions.organization-members,1,0,False,False
safe-outputs.add-labels.github-app.permissions.organization-packages,1,0,False,False
safe-outputs.add-labels.github-app.permissions.organization-personal-access-token-requests,1,0,False,False
safe-outputs.add-labels.github-app.permissions.organization-personal-access-tokens,1,0,False,False
safe-outputs.add-labels.github-app.permissions.organization-plan,1,0,False,False
safe-outputs.add-labels.github-app.permissions.organization-self-hosted-runners,1,0,False,False
safe-outputs.add-labels.github-app.permissions.organization-user-blocking,1,0,False,False
safe-outputs.add-labels.github-app.permissions.repository-custom-properties,1,0,False,False
safe-outputs.add-labels.github-app.permissions.repository-hooks,1,0,False,False
safe-outputs.add-labels.github-app.permissions.secret-scanning-alerts,1,0,False,False
safe-outputs.add-labels.github-app.permissions.single-file,1,0,False,False
safe-outputs.add-labels.github-app.permissions.team-discussions,1,0,False,False
safe-outputs.add-labels.github-app.permissions.vulnerability-alerts,1,0,False,False
safe-outputs.add-labels.github-app.permissions.workflows,1,0,False,False
safe-outputs.add-labels.github-app.private-key,1,0,False,False
safe-outputs.add-labels.github-app.repositories,1,0,False,False
safe-outputs.add-labels.github-token,1,0,False,False
safe-outputs.add-labels.issue-intent,1,0,False,False
safe-outputs.add-labels.issues,1,0,False,False
safe-outputs.add-labels.max,1,0,False,False
safe-outputs.add-labels.pull-requests,1,0,False,False
safe-outputs.add-labels.required-labels,1,0,False,False
safe-outputs.add-labels.required-title-prefix,1,0,False,False
safe-outputs.add-labels.samples,1,0,False,False
safe-outputs.add-labels.staged,1,0,False,False
safe-outputs.add-labels.target,1,0,False,False
safe-outputs.add-labels.target-repo,1,0,False,False
safe-outputs.add-reviewer,1,0,False,False
safe-outputs.add-reviewer.allowed-repos,1,0,False,False
safe-outputs.add-reviewer.allowed-reviewers,1,0,False,False
safe-outputs.add-reviewer.allowed-team-reviewers,1,0,False,False
safe-outputs.add-reviewer.github-app,1,0,False,False
safe-outputs.add-reviewer.github-app.app-id,1,0,False,False
safe-outputs.add-reviewer.github-app.client-id,1,0,False,False
safe-outputs.add-reviewer.github-app.ignore-if-missing,1,0,False,False
safe-outputs.add-reviewer.github-app.owner,1,0,False,False
safe-outputs.add-reviewer.github-app.permissions,1,0,False,False
safe-outputs.add-reviewer.github-app.permissions.administration,1,0,False,False
safe-outputs.add-reviewer.github-app.permissions.codespaces,1,0,False,False
safe-outputs.add-reviewer.github-app.permissions.codespaces-lifecycle-admin,1,0,False,False
safe-outputs.add-reviewer.github-app.permissions.codespaces-metadata,1,0,False,False
safe-outputs.add-reviewer.github-app.permissions.email-addresses,1,0,False,False
safe-outputs.add-reviewer.github-app.permissions.environments,1,0,False,False
safe-outputs.add-reviewer.github-app.permissions.git-signing,1,0,False,False
safe-outputs.add-reviewer.github-app.permissions.members,1,0,False,False
safe-outputs.add-reviewer.github-app.permissions.organization-administration,1,0,False,False
safe-outputs.add-reviewer.github-app.permissions.organization-announcement-banners,1,0,False,False
safe-outputs.add-reviewer.github-app.permissions.organization-codespaces,1,0,False,False
safe-outputs.add-reviewer.github-app.permissions.organization-copilot,1,0,False,False
safe-outputs.add-reviewer.github-app.permissions.organization-custom-org-roles,1,0,False,False
safe-outputs.add-reviewer.github-app.permissions.organization-custom-properties,1,0,False,False
safe-outputs.add-reviewer.github-app.permissions.organization-custom-repository-roles,1,0,False,False
safe-outputs.add-reviewer.github-app.permissions.organization-events,1,0,False,False
safe-outputs.add-reviewer.github-app.permissions.organization-hooks,1,0,False,False
safe-outputs.add-reviewer.github-app.permissions.organization-members,1,0,False,False
safe-outputs.add-reviewer.github-app.permissions.organization-packages,1,0,False,False
safe-outputs.add-reviewer.github-app.permissions.organization-personal-access-token-requests,1,0,False,False
safe-outputs.add-reviewer.github-app.permissions.organization-personal-access-tokens,1,0,False,False
safe-outputs.add-reviewer.github-app.permissions.organization-plan,1,0,False,False
safe-outputs.add-reviewer.github-app.permissions.organization-self-hosted-runners,1,0,False,False
safe-outputs.add-reviewer.github-app.permissions.organization-user-blocking,1,0,False,False
safe-outputs.add-reviewer.github-app.permissions.repository-custom-properties,1,0,False,False
safe-outputs.add-reviewer.github-app.permissions.repository-hooks,1,0,False,False
safe-outputs.add-reviewer.github-app.permissions.secret-scanning-alerts,1,0,False,False
safe-outputs.add-reviewer.github-app.permissions.single-file,1,0,False,False
safe-outputs.add-reviewer.github-app.permissions.team-discussions,1,0,False,False
safe-outputs.add-reviewer.github-app.permissions.vulnerability-alerts,1,0,False,False
safe-outputs.add-reviewer.github-app.permissions.workflows,1,0,False,False
safe-outputs.add-reviewer.github-app.private-key,1,0,False,False
safe-outputs.add-reviewer.github-app.repositories,1,0,False,False
safe-outputs.add-reviewer.github-token,1,0,False,False
safe-outputs.add-reviewer.max,1,0,False,False
safe-outputs.add-reviewer.required-labels,1,0,False,False
safe-outputs.add-reviewer.required-title-prefix,1,0,False,False
safe-outputs.add-reviewer.reviewers,1,0,False,False
safe-outputs.add-reviewer.samples,1,0,False,False
safe-outputs.add-reviewer.staged,1,0,False,False
safe-outputs.add-reviewer.target,1,0,False,False
safe-outputs.add-reviewer.target-repo,1,0,False,False
safe-outputs.add-reviewer.team-reviewers,1,0,False,False
safe-outputs.ado-assign-work-item,1,0,False,False
safe-outputs.ado-assign-work-item.allowed,1,0,False,False
safe-outputs.ado-assign-work-item.blocked,1,0,False,False
safe-outputs.ado-assign-work-item.max,1,0,False,False
safe-outputs.ado-assign-work-item.samples,1,0,False,False
safe-outputs.ado-assign-work-item.staged,1,0,False,False
safe-outputs.ado-assign-work-item.target,1,0,False,False
safe-outputs.ado-comment-on-work-item,1,0,False,False
safe-outputs.ado-comment-on-work-item.max,1,0,False,False
safe-outputs.ado-comment-on-work-item.samples,1,0,False,False
safe-outputs.ado-comment-on-work-item.staged,1,0,False,False
safe-outputs.ado-comment-on-work-item.target,1,0,False,False
safe-outputs.ado-create-work-item,1,0,False,False
safe-outputs.ado-create-work-item.allowed-tags,1,0,False,False
safe-outputs.ado-create-work-item.area-path,1,0,False,False
safe-outputs.ado-create-work-item.artifact-link,1,0,False,False
safe-outputs.ado-create-work-item.artifact-link.branch,1,1,False,False
safe-outputs.ado-create-work-item.artifact-link.enabled,1,1,False,False
safe-outputs.ado-create-work-item.artifact-link.repository,1,0,False,False
safe-outputs.ado-create-work-item.assignee,1,0,False,False
safe-outputs.ado-create-work-item.custom-fields,1,0,False,False
safe-outputs.ado-create-work-item.custom-fields.*,1,0,False,False
safe-outputs.ado-create-work-item.description-field,1,0,False,False
safe-outputs.ado-create-work-item.iteration-path,1,0,False,False
safe-outputs.ado-create-work-item.max,1,0,False,False
safe-outputs.ado-create-work-item.samples,1,0,False,False
safe-outputs.ado-create-work-item.staged,1,0,False,False
safe-outputs.ado-create-work-item.tags,1,0,False,False
safe-outputs.ado-create-work-item.work-item-type,1,1,False,False
safe-outputs.ado-link-work-items,1,0,False,False
safe-outputs.ado-link-work-items.allowed-link-types,1,0,False,False
safe-outputs.ado-link-work-items.max,1,0,False,False
safe-outputs.ado-link-work-items.samples,1,0,False,False
safe-outputs.ado-link-work-items.staged,1,0,False,False
safe-outputs.ado-link-work-items.target,1,0,False,False
safe-outputs.ado-update-work-item,1,0,False,False
safe-outputs.ado-update-work-item.allowed-area-prefixes,1,0,False,False
safe-outputs.ado-update-work-item.allowed-iteration-prefixes,1,0,False,False
safe-outputs.ado-update-work-item.allowed-tags,1,0,False,False
safe-outputs.ado-update-work-item.area-path,1,1,False,False
safe-outputs.ado-update-work-item.assignee,1,1,False,False
safe-outputs.ado-update-work-item.body,1,1,False,False
safe-outputs.ado-update-work-item.iteration-path,1,1,False,False
safe-outputs.ado-update-work-item.markdown-body,1,1,False,False
safe-outputs.ado-update-work-item.max,1,0,False,False
safe-outputs.ado-update-work-item.samples,1,0,False,False
safe-outputs.ado-update-work-item.staged,1,0,False,False
safe-outputs.ado-update-work-item.status,1,1,False,False
safe-outputs.ado-update-work-item.tag-prefix,1,0,False,False
safe-outputs.ado-update-work-item.tags,1,1,False,False
safe-outputs.ado-update-work-item.target,1,0,False,False
safe-outputs.ado-update-work-item.title,1,1,False,False
safe-outputs.ado-update-work-item.title-prefix,1,0,False,False
safe-outputs.ado-upload-workitem-attachment,1,0,False,False
safe-outputs.ado-upload-workitem-attachment.allowed-extensions,1,0,False,False
safe-outputs.ado-upload-workitem-attachment.comment-prefix,1,0,False,False
safe-outputs.ado-upload-workitem-attachment.max,1,0,False,False
safe-outputs.ado-upload-workitem-attachment.max-file-size,1,1,False,False
safe-outputs.ado-upload-workitem-attachment.samples,1,0,False,False
safe-outputs.ado-upload-workitem-attachment.staged,1,0,False,False
safe-outputs.ado-upload-workitem-attachment.target,1,0,False,False
safe-outputs.allowed-domains,1,0,False,False
safe-outputs.allowed-github-references,1,0,False,False
safe-outputs.approve-workflow-run,1,0,False,False
safe-outputs.approve-workflow-run.allowed-pull-requests,1,0,False,False
safe-outputs.approve-workflow-run.allowed-repos,1,0,False,False
safe-outputs.approve-workflow-run.allowed-workflows,1,0,False,False
safe-outputs.approve-workflow-run.comment,1,0,False,False
safe-outputs.approve-workflow-run.github-app,1,0,False,False
safe-outputs.approve-workflow-run.github-app.app-id,1,0,False,False
safe-outputs.approve-workflow-run.github-app.client-id,1,0,False,False
safe-outputs.approve-workflow-run.github-app.ignore-if-missing,1,0,False,False
safe-outputs.approve-workflow-run.github-app.owner,1,0,False,False
safe-outputs.approve-workflow-run.github-app.permissions,1,0,False,False
safe-outputs.approve-workflow-run.github-app.permissions.administration,1,0,False,False
safe-outputs.approve-workflow-run.github-app.permissions.codespaces,1,0,False,False
safe-outputs.approve-workflow-run.github-app.permissions.codespaces-lifecycle-admin,1,0,False,False
safe-outputs.approve-workflow-run.github-app.permissions.codespaces-metadata,1,0,False,False
safe-outputs.approve-workflow-run.github-app.permissions.email-addresses,1,0,False,False
safe-outputs.approve-workflow-run.github-app.permissions.environments,1,0,False,False
safe-outputs.approve-workflow-run.github-app.permissions.git-signing,1,0,False,False
safe-outputs.approve-workflow-run.github-app.permissions.members,1,0,False,False
safe-outputs.approve-workflow-run.github-app.permissions.organization-administration,1,0,False,False
safe-outputs.approve-workflow-run.github-app.permissions.organization-announcement-banners,1,0,False,False
safe-outputs.approve-workflow-run.github-app.permissions.organization-codespaces,1,0,False,False
safe-outputs.approve-workflow-run.github-app.permissions.organization-copilot,1,0,False,False
safe-outputs.approve-workflow-run.github-app.permissions.organization-custom-org-roles,1,0,False,False
safe-outputs.approve-workflow-run.github-app.permissions.organization-custom-properties,1,0,False,False
safe-outputs.approve-workflow-run.github-app.permissions.organization-custom-repository-roles,1,0,False,False
safe-outputs.approve-workflow-run.github-app.permissions.organization-events,1,0,False,False
safe-outputs.approve-workflow-run.github-app.permissions.organization-hooks,1,0,False,False
safe-outputs.approve-workflow-run.github-app.permissions.organization-members,1,0,False,False
safe-outputs.approve-workflow-run.github-app.permissions.organization-packages,1,0,False,False
safe-outputs.approve-workflow-run.github-app.permissions.organization-personal-access-token-requests,1,0,False,False
safe-outputs.approve-workflow-run.github-app.permissions.organization-personal-access-tokens,1,0,False,False
safe-outputs.approve-workflow-run.github-app.permissions.organization-plan,1,0,False,False
safe-outputs.approve-workflow-run.github-app.permissions.organization-self-hosted-runners,1,0,False,False
safe-outputs.approve-workflow-run.github-app.permissions.organization-user-blocking,1,0,False,False
safe-outputs.approve-workflow-run.github-app.permissions.repository-custom-properties,1,0,False,False
safe-outputs.approve-workflow-run.github-app.permissions.repository-hooks,1,0,False,False
safe-outputs.approve-workflow-run.github-app.permissions.secret-scanning-alerts,1,0,False,False
safe-outputs.approve-workflow-run.github-app.permissions.single-file,1,0,False,False
safe-outputs.approve-workflow-run.github-app.permissions.team-discussions,1,0,False,False
safe-outputs.approve-workflow-run.github-app.permissions.vulnerability-alerts,1,0,False,False
safe-outputs.approve-workflow-run.github-app.permissions.workflows,1,0,False,False
safe-outputs.approve-workflow-run.github-app.private-key,1,0,False,False
safe-outputs.approve-workflow-run.github-app.repositories,1,0,False,False
safe-outputs.approve-workflow-run.github-token,1,0,False,False
safe-outputs.approve-workflow-run.max,1,0,False,False
safe-outputs.approve-workflow-run.protected-files,1,0,False,False
safe-outputs.approve-workflow-run.protected-files.exclude,1,0,False,False
safe-outputs.approve-workflow-run.samples,1,0,False,False
safe-outputs.approve-workflow-run.staged,1,0,False,False
safe-outputs.assign-milestone,1,0,False,False
safe-outputs.assign-milestone.allowed,1,0,False,False
safe-outputs.assign-milestone.allowed-repos,1,0,False,False
safe-outputs.assign-milestone.auto_create,1,0,False,False
safe-outputs.assign-milestone.github-app,1,0,False,False
safe-outputs.assign-milestone.github-app.app-id,1,0,False,False
safe-outputs.assign-milestone.github-app.client-id,1,0,False,False
safe-outputs.assign-milestone.github-app.ignore-if-missing,1,0,False,False
safe-outputs.assign-milestone.github-app.owner,1,0,False,False
safe-outputs.assign-milestone.github-app.permissions,1,0,False,False
safe-outputs.assign-milestone.github-app.permissions.administration,1,0,False,False
safe-outputs.assign-milestone.github-app.permissions.codespaces,1,0,False,False
safe-outputs.assign-milestone.github-app.permissions.codespaces-lifecycle-admin,1,0,False,False
safe-outputs.assign-milestone.github-app.permissions.codespaces-metadata,1,0,False,False
safe-outputs.assign-milestone.github-app.permissions.email-addresses,1,0,False,False
safe-outputs.assign-milestone.github-app.permissions.environments,1,0,False,False
safe-outputs.assign-milestone.github-app.permissions.git-signing,1,0,False,False
safe-outputs.assign-milestone.github-app.permissions.members,1,0,False,False
safe-outputs.assign-milestone.github-app.permissions.organization-administration,1,0,False,False
safe-outputs.assign-milestone.github-app.permissions.organization-announcement-banners,1,0,False,False
safe-outputs.assign-milestone.github-app.permissions.organization-codespaces,1,0,False,False
safe-outputs.assign-milestone.github-app.permissions.organization-copilot,1,0,False,False
safe-outputs.assign-milestone.github-app.permissions.organization-custom-org-roles,1,0,False,False
safe-outputs.assign-milestone.github-app.permissions.organization-custom-properties,1,0,False,False
safe-outputs.assign-milestone.github-app.permissions.organization-custom-repository-roles,1,0,False,False
safe-outputs.assign-milestone.github-app.permissions.organization-events,1,0,False,False
safe-outputs.assign-milestone.github-app.permissions.organization-hooks,1,0,False,False
safe-outputs.assign-milestone.github-app.permissions.organization-members,1,0,False,False
safe-outputs.assign-milestone.github-app.permissions.organization-packages,1,0,False,False
safe-outputs.assign-milestone.github-app.permissions.organization-personal-access-token-requests,1,0,False,False
safe-outputs.assign-milestone.github-app.permissions.organization-personal-access-tokens,1,0,False,False
safe-outputs.assign-milestone.github-app.permissions.organization-plan,1,0,False,False
safe-outputs.assign-milestone.github-app.permissions.organization-self-hosted-runners,1,0,False,False
safe-outputs.assign-milestone.github-app.permissions.organization-user-blocking,1,0,False,False
safe-outputs.assign-milestone.github-app.permissions.repository-custom-properties,1,0,False,False
safe-outputs.assign-milestone.github-app.permissions.repository-hooks,1,0,False,False
safe-outputs.assign-milestone.github-app.permissions.secret-scanning-alerts,1,0,False,False
safe-outputs.assign-milestone.github-app.permissions.single-file,1,0,False,False
safe-outputs.assign-milestone.github-app.permissions.team-discussions,1,0,False,False
safe-outputs.assign-milestone.github-app.permissions.vulnerability-alerts,1,0,False,False
safe-outputs.assign-milestone.github-app.permissions.workflows,1,0,False,False
safe-outputs.assign-milestone.github-app.private-key,1,0,False,False
safe-outputs.assign-milestone.github-app.repositories,1,0,False,False
safe-outputs.assign-milestone.github-token,1,0,False,False
safe-outputs.assign-milestone.max,1,0,False,False
safe-outputs.assign-milestone.required-labels,1,0,False,False
safe-outputs.assign-milestone.required-title-prefix,1,0,False,False
safe-outputs.assign-milestone.samples,1,0,False,False
safe-outputs.assign-milestone.staged,1,0,False,False
safe-outputs.assign-milestone.target,1,0,False,False
safe-outputs.assign-milestone.target-repo,1,0,False,False
safe-outputs.assign-to-agent,1,0,False,False
safe-outputs.assign-to-agent.allowed,1,0,False,False
safe-outputs.assign-to-agent.allowed-pull-request-repos,1,0,False,False
safe-outputs.assign-to-agent.allowed-repos,1,0,False,False
safe-outputs.assign-to-agent.base-branch,1,0,False,False
safe-outputs.assign-to-agent.custom-agent,1,0,False,False
safe-outputs.assign-to-agent.custom-instructions,1,0,False,False
safe-outputs.assign-to-agent.github-app,1,0,False,False
safe-outputs.assign-to-agent.github-app.app-id,1,0,False,False
safe-outputs.assign-to-agent.github-app.client-id,1,0,False,False
safe-outputs.assign-to-agent.github-app.ignore-if-missing,1,0,False,False
safe-outputs.assign-to-agent.github-app.owner,1,0,False,False
safe-outputs.assign-to-agent.github-app.permissions,1,0,False,False
safe-outputs.assign-to-agent.github-app.permissions.administration,1,0,False,False
safe-outputs.assign-to-agent.github-app.permissions.codespaces,1,0,False,False
safe-outputs.assign-to-agent.github-app.permissions.codespaces-lifecycle-admin,1,0,False,False
safe-outputs.assign-to-agent.github-app.permissions.codespaces-metadata,1,0,False,False
safe-outputs.assign-to-agent.github-app.permissions.email-addresses,1,0,False,False
safe-outputs.assign-to-agent.github-app.permissions.environments,1,0,False,False
safe-outputs.assign-to-agent.github-app.permissions.git-signing,1,0,False,False
safe-outputs.assign-to-agent.github-app.permissions.members,1,0,False,False
safe-outputs.assign-to-agent.github-app.permissions.organization-administration,1,0,False,False
safe-outputs.assign-to-agent.github-app.permissions.organization-announcement-banners,1,0,False,False
safe-outputs.assign-to-agent.github-app.permissions.organization-codespaces,1,0,False,False
safe-outputs.assign-to-agent.github-app.permissions.organization-copilot,1,0,False,False
safe-outputs.assign-to-agent.github-app.permissions.organization-custom-org-roles,1,0,False,False
safe-outputs.assign-to-agent.github-app.permissions.organization-custom-properties,1,0,False,False
safe-outputs.assign-to-agent.github-app.permissions.organization-custom-repository-roles,1,0,False,False
safe-outputs.assign-to-agent.github-app.permissions.organization-events,1,0,False,False
safe-outputs.assign-to-agent.github-app.permissions.organization-hooks,1,0,False,False
safe-outputs.assign-to-agent.github-app.permissions.organization-members,1,0,False,False
safe-outputs.assign-to-agent.github-app.permissions.organization-packages,1,0,False,False
safe-outputs.assign-to-agent.github-app.permissions.organization-personal-access-token-requests,1,0,False,False
safe-outputs.assign-to-agent.github-app.permissions.organization-personal-access-tokens,1,0,False,False
safe-outputs.assign-to-agent.github-app.permissions.organization-plan,1,0,False,False
safe-outputs.assign-to-agent.github-app.permissions.organization-self-hosted-runners,1,0,False,False
safe-outputs.assign-to-agent.github-app.permissions.organization-user-blocking,1,0,False,False
safe-outputs.assign-to-agent.github-app.permissions.repository-custom-properties,1,0,False,False
safe-outputs.assign-to-agent.github-app.permissions.repository-hooks,1,0,False,False
safe-outputs.assign-to-agent.github-app.permissions.secret-scanning-alerts,1,0,False,False
safe-outputs.assign-to-agent.github-app.permissions.single-file,1,0,False,False
safe-outputs.assign-to-agent.github-app.permissions.team-discussions,1,0,False,False
safe-outputs.assign-to-agent.github-app.permissions.vulnerability-alerts,1,0,False,False
safe-outputs.assign-to-agent.github-app.permissions.workflows,1,0,False,False
safe-outputs.assign-to-agent.github-app.private-key,1,0,False,False
safe-outputs.assign-to-agent.github-app.repositories,1,0,False,False
safe-outputs.assign-to-agent.github-token,1,0,False,False
safe-outputs.assign-to-agent.ignore-if-error,1,1,False,False
safe-outputs.assign-to-agent.issue-intent,1,0,False,False
safe-outputs.assign-to-agent.max,1,0,False,False
safe-outputs.assign-to-agent.model,1,0,False,False
safe-outputs.assign-to-agent.name,1,0,False,False
safe-outputs.assign-to-agent.pull-request-repo,1,0,False,False
safe-outputs.assign-to-agent.reasoning-effort,1,0,False,False
safe-outputs.assign-to-agent.samples,1,0,False,False
safe-outputs.assign-to-agent.staged,1,0,False,False
safe-outputs.assign-to-agent.target,1,0,False,False
safe-outputs.assign-to-agent.target-repo,1,0,False,False
safe-outputs.assign-to-user,1,0,False,False
safe-outputs.assign-to-user.allowed,1,0,False,False
safe-outputs.assign-to-user.allowed-repos,1,0,False,False
safe-outputs.assign-to-user.blocked,1,0,False,False
safe-outputs.assign-to-user.github-app,1,0,False,False
safe-outputs.assign-to-user.github-app.app-id,1,0,False,False
safe-outputs.assign-to-user.github-app.client-id,1,0,False,False
safe-outputs.assign-to-user.github-app.ignore-if-missing,1,0,False,False
safe-outputs.assign-to-user.github-app.owner,1,0,False,False
safe-outputs.assign-to-user.github-app.permissions,1,0,False,False
safe-outputs.assign-to-user.github-app.permissions.administration,1,0,False,False
safe-outputs.assign-to-user.github-app.permissions.codespaces,1,0,False,False
safe-outputs.assign-to-user.github-app.permissions.codespaces-lifecycle-admin,1,0,False,False
safe-outputs.assign-to-user.github-app.permissions.codespaces-metadata,1,0,False,False
safe-outputs.assign-to-user.github-app.permissions.email-addresses,1,0,False,False
safe-outputs.assign-to-user.github-app.permissions.environments,1,0,False,False
safe-outputs.assign-to-user.github-app.permissions.git-signing,1,0,False,False
safe-outputs.assign-to-user.github-app.permissions.members,1,0,False,False
safe-outputs.assign-to-user.github-app.permissions.organization-administration,1,0,False,False
safe-outputs.assign-to-user.github-app.permissions.organization-announcement-banners,1,0,False,False
safe-outputs.assign-to-user.github-app.permissions.organization-codespaces,1,0,False,False
safe-outputs.assign-to-user.github-app.permissions.organization-copilot,1,0,False,False
safe-outputs.assign-to-user.github-app.permissions.organization-custom-org-roles,1,0,False,False
safe-outputs.assign-to-user.github-app.permissions.organization-custom-properties,1,0,False,False
safe-outputs.assign-to-user.github-app.permissions.organization-custom-repository-roles,1,0,False,False
safe-outputs.assign-to-user.github-app.permissions.organization-events,1,0,False,False
safe-outputs.assign-to-user.github-app.permissions.organization-hooks,1,0,False,False
safe-outputs.assign-to-user.github-app.permissions.organization-members,1,0,False,False
safe-outputs.assign-to-user.github-app.permissions.organization-packages,1,0,False,False
safe-outputs.assign-to-user.github-app.permissions.organization-personal-access-token-requests,1,0,False,False
safe-outputs.assign-to-user.github-app.permissions.organization-personal-access-tokens,1,0,False,False
safe-outputs.assign-to-user.github-app.permissions.organization-plan,1,0,False,False
safe-outputs.assign-to-user.github-app.permissions.organization-self-hosted-runners,1,0,False,False
safe-outputs.assign-to-user.github-app.permissions.organization-user-blocking,1,0,False,False
safe-outputs.assign-to-user.github-app.permissions.repository-custom-properties,1,0,False,False
safe-outputs.assign-to-user.github-app.permissions.repository-hooks,1,0,False,False
safe-outputs.assign-to-user.github-app.permissions.secret-scanning-alerts,1,0,False,False
safe-outputs.assign-to-user.github-app.permissions.single-file,1,0,False,False
safe-outputs.assign-to-user.github-app.permissions.team-discussions,1,0,False,False
safe-outputs.assign-to-user.github-app.permissions.vulnerability-alerts,1,0,False,False
safe-outputs.assign-to-user.github-app.permissions.workflows,1,0,False,False
safe-outputs.assign-to-user.github-app.private-key,1,0,False,False
safe-outputs.assign-to-user.github-app.repositories,1,0,False,False
safe-outputs.assign-to-user.github-token,1,0,False,False
safe-outputs.assign-to-user.issue-intent,1,0,False,False
safe-outputs.assign-to-user.max,1,0,False,False
safe-outputs.assign-to-user.required-labels,1,0,False,False
safe-outputs.assign-to-user.required-title-prefix,1,0,False,False
safe-outputs.assign-to-user.samples,1,0,False,False
safe-outputs.assign-to-user.staged,1,0,False,False
safe-outputs.assign-to-user.target,1,0,False,False
safe-outputs.assign-to-user.target-repo,1,0,False,False
safe-outputs.assign-to-user.unassign-first,1,1,False,False
safe-outputs.autofix-code-scanning-alert,1,0,False,False
safe-outputs.autofix-code-scanning-alert.github-app,1,0,False,False
safe-outputs.autofix-code-scanning-alert.github-app.app-id,1,0,False,False
safe-outputs.autofix-code-scanning-alert.github-app.client-id,1,0,False,False
safe-outputs.autofix-code-scanning-alert.github-app.ignore-if-missing,1,0,False,False
safe-outputs.autofix-code-scanning-alert.github-app.owner,1,0,False,False
safe-outputs.autofix-code-scanning-alert.github-app.permissions,1,0,False,False
safe-outputs.autofix-code-scanning-alert.github-app.permissions.administration,1,0,False,False
safe-outputs.autofix-code-scanning-alert.github-app.permissions.codespaces,1,0,False,False
safe-outputs.autofix-code-scanning-alert.github-app.permissions.codespaces-lifecycle-admin,1,0,False,False
safe-outputs.autofix-code-scanning-alert.github-app.permissions.codespaces-metadata,1,0,False,False
safe-outputs.autofix-code-scanning-alert.github-app.permissions.email-addresses,1,0,False,False
safe-outputs.autofix-code-scanning-alert.github-app.permissions.environments,1,0,False,False
safe-outputs.autofix-code-scanning-alert.github-app.permissions.git-signing,1,0,False,False
safe-outputs.autofix-code-scanning-alert.github-app.permissions.members,1,0,False,False
safe-outputs.autofix-code-scanning-alert.github-app.permissions.organization-administration,1,0,False,False
safe-outputs.autofix-code-scanning-alert.github-app.permissions.organization-announcement-banners,1,0,False,False
safe-outputs.autofix-code-scanning-alert.github-app.permissions.organization-codespaces,1,0,False,False
safe-outputs.autofix-code-scanning-alert.github-app.permissions.organization-copilot,1,0,False,False
safe-outputs.autofix-code-scanning-alert.github-app.permissions.organization-custom-org-roles,1,0,False,False
safe-outputs.autofix-code-scanning-alert.github-app.permissions.organization-custom-properties,1,0,False,False
safe-outputs.autofix-code-scanning-alert.github-app.permissions.organization-custom-repository-roles,1,0,False,False
safe-outputs.autofix-code-scanning-alert.github-app.permissions.organization-events,1,0,False,False
safe-outputs.autofix-code-scanning-alert.github-app.permissions.organization-hooks,1,0,False,False
safe-outputs.autofix-code-scanning-alert.github-app.permissions.organization-members,1,0,False,False
safe-outputs.autofix-code-scanning-alert.github-app.permissions.organization-packages,1,0,False,False
safe-outputs.autofix-code-scanning-alert.github-app.permissions.organization-personal-access-token-requests,1,0,False,False
safe-outputs.autofix-code-scanning-alert.github-app.permissions.organization-personal-access-tokens,1,0,False,False
safe-outputs.autofix-code-scanning-alert.github-app.permissions.organization-plan,1,0,False,False
safe-outputs.autofix-code-scanning-alert.github-app.permissions.organization-self-hosted-runners,1,0,False,False
safe-outputs.autofix-code-scanning-alert.github-app.permissions.organization-user-blocking,1,0,False,False
safe-outputs.autofix-code-scanning-alert.github-app.permissions.repository-custom-properties,1,0,False,False
safe-outputs.autofix-code-scanning-alert.github-app.permissions.repository-hooks,1,0,False,False
safe-outputs.autofix-code-scanning-alert.github-app.permissions.secret-scanning-alerts,1,0,False,False
safe-outputs.autofix-code-scanning-alert.github-app.permissions.single-file,1,0,False,False
safe-outputs.autofix-code-scanning-alert.github-app.permissions.team-discussions,1,0,False,False
safe-outputs.autofix-code-scanning-alert.github-app.permissions.vulnerability-alerts,1,0,False,False
safe-outputs.autofix-code-scanning-alert.github-app.permissions.workflows,1,0,False,False
safe-outputs.autofix-code-scanning-alert.github-app.private-key,1,0,False,False
safe-outputs.autofix-code-scanning-alert.github-app.repositories,1,0,False,False
safe-outputs.autofix-code-scanning-alert.github-token,1,0,False,False
safe-outputs.autofix-code-scanning-alert.max,1,0,False,False
safe-outputs.autofix-code-scanning-alert.samples,1,0,False,False
safe-outputs.autofix-code-scanning-alert.staged,1,0,False,False
safe-outputs.body-footer,1,0,False,False
safe-outputs.call-workflow,1,0,False,False
safe-outputs.call-workflow.github-app,1,0,False,False
safe-outputs.call-workflow.github-app.app-id,1,0,False,False
safe-outputs.call-workflow.github-app.client-id,1,0,False,False
safe-outputs.call-workflow.github-app.ignore-if-missing,1,0,False,False
safe-outputs.call-workflow.github-app.owner,1,0,False,False
safe-outputs.call-workflow.github-app.permissions,1,0,False,False
safe-outputs.call-workflow.github-app.permissions.administration,1,0,False,False
safe-outputs.call-workflow.github-app.permissions.codespaces,1,0,False,False
safe-outputs.call-workflow.github-app.permissions.codespaces-lifecycle-admin,1,0,False,False
safe-outputs.call-workflow.github-app.permissions.codespaces-metadata,1,0,False,False
safe-outputs.call-workflow.github-app.permissions.email-addresses,1,0,False,False
safe-outputs.call-workflow.github-app.permissions.environments,1,0,False,False
safe-outputs.call-workflow.github-app.permissions.git-signing,1,0,False,False
safe-outputs.call-workflow.github-app.permissions.members,1,0,False,False
safe-outputs.call-workflow.github-app.permissions.organization-administration,1,0,False,False
safe-outputs.call-workflow.github-app.permissions.organization-announcement-banners,1,0,False,False
safe-outputs.call-workflow.github-app.permissions.organization-codespaces,1,0,False,False
safe-outputs.call-workflow.github-app.permissions.organization-copilot,1,0,False,False
safe-outputs.call-workflow.github-app.permissions.organization-custom-org-roles,1,0,False,False
safe-outputs.call-workflow.github-app.permissions.organization-custom-properties,1,0,False,False
safe-outputs.call-workflow.github-app.permissions.organization-custom-repository-roles,1,0,False,False
safe-outputs.call-workflow.github-app.permissions.organization-events,1,0,False,False
safe-outputs.call-workflow.github-app.permissions.organization-hooks,1,0,False,False
safe-outputs.call-workflow.github-app.permissions.organization-members,1,0,False,False
safe-outputs.call-workflow.github-app.permissions.organization-packages,1,0,False,False
safe-outputs.call-workflow.github-app.permissions.organization-personal-access-token-requests,1,0,False,False
safe-outputs.call-workflow.github-app.permissions.organization-personal-access-tokens,1,0,False,False
safe-outputs.call-workflow.github-app.permissions.organization-plan,1,0,False,False
safe-outputs.call-workflow.github-app.permissions.organization-self-hosted-runners,1,0,False,False
safe-outputs.call-workflow.github-app.permissions.organization-user-blocking,1,0,False,False
safe-outputs.call-workflow.github-app.permissions.repository-custom-properties,1,0,False,False
safe-outputs.call-workflow.github-app.permissions.repository-hooks,1,0,False,False
safe-outputs.call-workflow.github-app.permissions.secret-scanning-alerts,1,0,False,False
safe-outputs.call-workflow.github-app.permissions.single-file,1,0,False,False
safe-outputs.call-workflow.github-app.permissions.team-discussions,1,0,False,False
safe-outputs.call-workflow.github-app.permissions.vulnerability-alerts,1,0,False,False
safe-outputs.call-workflow.github-app.permissions.workflows,1,0,False,False
safe-outputs.call-workflow.github-app.private-key,1,0,False,False
safe-outputs.call-workflow.github-app.repositories,1,0,False,False
safe-outputs.call-workflow.github-token,1,0,False,False
safe-outputs.call-workflow.max,1,0,False,False
safe-outputs.call-workflow.samples,1,0,False,False
safe-outputs.call-workflow.staged,1,0,False,False
safe-outputs.call-workflow.workflows,1,0,False,False
safe-outputs.close-discussion,1,0,False,False
safe-outputs.close-discussion.allowed-repos,1,0,False,False
safe-outputs.close-discussion.github-app,1,0,False,False
safe-outputs.close-discussion.github-app.app-id,1,0,False,False
safe-outputs.close-discussion.github-app.client-id,1,0,False,False
safe-outputs.close-discussion.github-app.ignore-if-missing,1,0,False,False
safe-outputs.close-discussion.github-app.owner,1,0,False,False
safe-outputs.close-discussion.github-app.permissions,1,0,False,False
safe-outputs.close-discussion.github-app.permissions.administration,1,0,False,False
safe-outputs.close-discussion.github-app.permissions.codespaces,1,0,False,False
safe-outputs.close-discussion.github-app.permissions.codespaces-lifecycle-admin,1,0,False,False
safe-outputs.close-discussion.github-app.permissions.codespaces-metadata,1,0,False,False
safe-outputs.close-discussion.github-app.permissions.email-addresses,1,0,False,False
safe-outputs.close-discussion.github-app.permissions.environments,1,0,False,False
safe-outputs.close-discussion.github-app.permissions.git-signing,1,0,False,False
safe-outputs.close-discussion.github-app.permissions.members,1,0,False,False
safe-outputs.close-discussion.github-app.permissions.organization-administration,1,0,False,False
safe-outputs.close-discussion.github-app.permissions.organization-announcement-banners,1,0,False,False
safe-outputs.close-discussion.github-app.permissions.organization-codespaces,1,0,False,False
safe-outputs.close-discussion.github-app.permissions.organization-copilot,1,0,False,False
safe-outputs.close-discussion.github-app.permissions.organization-custom-org-roles,1,0,False,False
safe-outputs.close-discussion.github-app.permissions.organization-custom-properties,1,0,False,False
safe-outputs.close-discussion.github-app.permissions.organization-custom-repository-roles,1,0,False,False
safe-outputs.close-discussion.github-app.permissions.organization-events,1,0,False,False
safe-outputs.close-discussion.github-app.permissions.organization-hooks,1,0,False,False
safe-outputs.close-discussion.github-app.permissions.organization-members,1,0,False,False
safe-outputs.close-discussion.github-app.permissions.organization-packages,1,0,False,False
safe-outputs.close-discussion.github-app.permissions.organization-personal-access-token-requests,1,0,False,False
safe-outputs.close-discussion.github-app.permissions.organization-personal-access-tokens,1,0,False,False
safe-outputs.close-discussion.github-app.permissions.organization-plan,1,0,False,False
safe-outputs.close-discussion.github-app.permissions.organization-self-hosted-runners,1,0,False,False
safe-outputs.close-discussion.github-app.permissions.organization-user-blocking,1,0,False,False
safe-outputs.close-discussion.github-app.permissions.repository-custom-properties,1,0,False,False
safe-outputs.close-discussion.github-app.permissions.repository-hooks,1,0,False,False
safe-outputs.close-discussion.github-app.permissions.secret-scanning-alerts,1,0,False,False
safe-outputs.close-discussion.github-app.permissions.single-file,1,0,False,False
safe-outputs.close-discussion.github-app.permissions.team-discussions,1,0,False,False
safe-outputs.close-discussion.github-app.permissions.vulnerability-alerts,1,0,False,False
safe-outputs.close-discussion.github-app.permissions.workflows,1,0,False,False
safe-outputs.close-discussion.github-app.private-key,1,0,False,False
safe-outputs.close-discussion.github-app.repositories,1,0,False,False
safe-outputs.close-discussion.github-token,1,0,False,False
safe-outputs.close-discussion.max,1,0,False,False
safe-outputs.close-discussion.required-category,1,0,False,False
safe-outputs.close-discussion.required-labels,1,0,False,False
safe-outputs.close-discussion.required-title-prefix,1,0,False,False
safe-outputs.close-discussion.samples,1,0,False,False
safe-outputs.close-discussion.staged,1,0,False,False
safe-outputs.close-discussion.target,1,0,False,False
safe-outputs.close-discussion.target-repo,1,0,False,False
safe-outputs.close-discussion.title-prefix,1,0,False,False
safe-outputs.close-issue,1,0,False,False
safe-outputs.close-issue.allowed-repos,1,0,False,False
safe-outputs.close-issue.github-app,1,0,False,False
safe-outputs.close-issue.github-app.app-id,1,0,False,False
safe-outputs.close-issue.github-app.client-id,1,0,False,False
safe-outputs.close-issue.github-app.ignore-if-missing,1,0,False,False
safe-outputs.close-issue.github-app.owner,1,0,False,False
safe-outputs.close-issue.github-app.permissions,1,0,False,False
safe-outputs.close-issue.github-app.permissions.administration,1,0,False,False
safe-outputs.close-issue.github-app.permissions.codespaces,1,0,False,False
safe-outputs.close-issue.github-app.permissions.codespaces-lifecycle-admin,1,0,False,False
safe-outputs.close-issue.github-app.permissions.codespaces-metadata,1,0,False,False
safe-outputs.close-issue.github-app.permissions.email-addresses,1,0,False,False
safe-outputs.close-issue.github-app.permissions.environments,1,0,False,False
safe-outputs.close-issue.github-app.permissions.git-signing,1,0,False,False
safe-outputs.close-issue.github-app.permissions.members,1,0,False,False
safe-outputs.close-issue.github-app.permissions.organization-administration,1,0,False,False
safe-outputs.close-issue.github-app.permissions.organization-announcement-banners,1,0,False,False
safe-outputs.close-issue.github-app.permissions.organization-codespaces,1,0,False,False
safe-outputs.close-issue.github-app.permissions.organization-copilot,1,0,False,False
safe-outputs.close-issue.github-app.permissions.organization-custom-org-roles,1,0,False,False
safe-outputs.close-issue.github-app.permissions.organization-custom-properties,1,0,False,False
safe-outputs.close-issue.github-app.permissions.organization-custom-repository-roles,1,0,False,False
safe-outputs.close-issue.github-app.permissions.organization-events,1,0,False,False
safe-outputs.close-issue.github-app.permissions.organization-hooks,1,0,False,False
safe-outputs.close-issue.github-app.permissions.organization-members,1,0,False,False
safe-outputs.close-issue.github-app.permissions.organization-packages,1,0,False,False
safe-outputs.close-issue.github-app.permissions.organization-personal-access-token-requests,1,0,False,False
safe-outputs.close-issue.github-app.permissions.organization-personal-access-tokens,1,0,False,False
safe-outputs.close-issue.github-app.permissions.organization-plan,1,0,False,False
safe-outputs.close-issue.github-app.permissions.organization-self-hosted-runners,1,0,False,False
safe-outputs.close-issue.github-app.permissions.organization-user-blocking,1,0,False,False
safe-outputs.close-issue.github-app.permissions.repository-custom-properties,1,0,False,False
safe-outputs.close-issue.github-app.permissions.repository-hooks,1,0,False,False
safe-outputs.close-issue.github-app.permissions.secret-scanning-alerts,1,0,False,False
safe-outputs.close-issue.github-app.permissions.single-file,1,0,False,False
safe-outputs.close-issue.github-app.permissions.team-discussions,1,0,False,False
safe-outputs.close-issue.github-app.permissions.vulnerability-alerts,1,0,False,False
safe-outputs.close-issue.github-app.permissions.workflows,1,0,False,False
safe-outputs.close-issue.github-app.private-key,1,0,False,False
safe-outputs.close-issue.github-app.repositories,1,0,False,False
safe-outputs.close-issue.github-token,1,0,False,False
safe-outputs.close-issue.issue-intent,1,0,False,False
safe-outputs.close-issue.max,1,0,False,False
safe-outputs.close-issue.required-labels,1,0,False,False
safe-outputs.close-issue.required-title-prefix,1,0,False,False
safe-outputs.close-issue.samples,1,0,False,False
safe-outputs.close-issue.staged,1,0,False,False
safe-outputs.close-issue.state-reason,1,0,False,False
safe-outputs.close-issue.target,1,0,False,False
safe-outputs.close-issue.target-repo,1,0,False,False
safe-outputs.close-issue.title-prefix,1,0,False,False
safe-outputs.close-pull-request,1,0,False,False
safe-outputs.close-pull-request.allowed-repos,1,0,False,False
safe-outputs.close-pull-request.github-app,1,0,False,False
safe-outputs.close-pull-request.github-app.app-id,1,0,False,False
safe-outputs.close-pull-request.github-app.client-id,1,0,False,False
safe-outputs.close-pull-request.github-app.ignore-if-missing,1,0,False,False
safe-outputs.close-pull-request.github-app.owner,1,0,False,False
safe-outputs.close-pull-request.github-app.permissions,1,0,False,False
safe-outputs.close-pull-request.github-app.permissions.administration,1,0,False,False
safe-outputs.close-pull-request.github-app.permissions.codespaces,1,0,False,False
safe-outputs.close-pull-request.github-app.permissions.codespaces-lifecycle-admin,1,0,False,False
safe-outputs.close-pull-request.github-app.permissions.codespaces-metadata,1,0,False,False
safe-outputs.close-pull-request.github-app.permissions.email-addresses,1,0,False,False
safe-outputs.close-pull-request.github-app.permissions.environments,1,0,False,False
safe-outputs.close-pull-request.github-app.permissions.git-signing,1,0,False,False
safe-outputs.close-pull-request.github-app.permissions.members,1,0,False,False
safe-outputs.close-pull-request.github-app.permissions.organization-administration,1,0,False,False
safe-outputs.close-pull-request.github-app.permissions.organization-announcement-banners,1,0,False,False
safe-outputs.close-pull-request.github-app.permissions.organization-codespaces,1,0,False,False
safe-outputs.close-pull-request.github-app.permissions.organization-copilot,1,0,False,False
safe-outputs.close-pull-request.github-app.permissions.organization-custom-org-roles,1,0,False,False
safe-outputs.close-pull-request.github-app.permissions.organization-custom-properties,1,0,False,False
safe-outputs.close-pull-request.github-app.permissions.organization-custom-repository-roles,1,0,False,False
safe-outputs.close-pull-request.github-app.permissions.organization-events,1,0,False,False
safe-outputs.close-pull-request.github-app.permissions.organization-hooks,1,0,False,False
safe-outputs.close-pull-request.github-app.permissions.organization-members,1,0,False,False
safe-outputs.close-pull-request.github-app.permissions.organization-packages,1,0,False,False
safe-outputs.close-pull-request.github-app.permissions.organization-personal-access-token-requests,1,0,False,False
safe-outputs.close-pull-request.github-app.permissions.organization-personal-access-tokens,1,0,False,False
safe-outputs.close-pull-request.github-app.permissions.organization-plan,1,0,False,False
safe-outputs.close-pull-request.github-app.permissions.organization-self-hosted-runners,1,0,False,False
safe-outputs.close-pull-request.github-app.permissions.organization-user-blocking,1,0,False,False
safe-outputs.close-pull-request.github-app.permissions.repository-custom-properties,1,0,False,False
safe-outputs.close-pull-request.github-app.permissions.repository-hooks,1,0,False,False
safe-outputs.close-pull-request.github-app.permissions.secret-scanning-alerts,1,0,False,False
safe-outputs.close-pull-request.github-app.permissions.single-file,1,0,False,False
safe-outputs.close-pull-request.github-app.permissions.team-discussions,1,0,False,False
safe-outputs.close-pull-request.github-app.permissions.vulnerability-alerts,1,0,False,False
safe-outputs.close-pull-request.github-app.permissions.workflows,1,0,False,False
safe-outputs.close-pull-request.github-app.private-key,1,0,False,False
safe-outputs.close-pull-request.github-app.repositories,1,0,False,False
safe-outputs.close-pull-request.github-token,1,0,False,False
safe-outputs.close-pull-request.max,1,0,False,False
safe-outputs.close-pull-request.required-labels,1,0,False,False
safe-outputs.close-pull-request.required-title-prefix,1,0,False,False
safe-outputs.close-pull-request.samples,1,0,False,False
safe-outputs.close-pull-request.staged,1,0,False,False
safe-outputs.close-pull-request.target,1,0,False,False
safe-outputs.close-pull-request.target-repo,1,0,False,False
safe-outputs.close-pull-request.title-prefix,1,0,False,False
safe-outputs.concurrency-group,1,0,False,False
safe-outputs.create-agent-session,1,0,False,False
safe-outputs.create-agent-session.allowed-repos,1,0,False,False
safe-outputs.create-agent-session.base,1,0,False,False
safe-outputs.create-agent-session.github-app,1,0,False,False
safe-outputs.create-agent-session.github-app.app-id,1,0,False,False
safe-outputs.create-agent-session.github-app.client-id,1,0,False,False
safe-outputs.create-agent-session.github-app.ignore-if-missing,1,0,False,False
safe-outputs.create-agent-session.github-app.owner,1,0,False,False
safe-outputs.create-agent-session.github-app.permissions,1,0,False,False
safe-outputs.create-agent-session.github-app.permissions.administration,1,0,False,False
safe-outputs.create-agent-session.github-app.permissions.codespaces,1,0,False,False
safe-outputs.create-agent-session.github-app.permissions.codespaces-lifecycle-admin,1,0,False,False
safe-outputs.create-agent-session.github-app.permissions.codespaces-metadata,1,0,False,False
safe-outputs.create-agent-session.github-app.permissions.email-addresses,1,0,False,False
safe-outputs.create-agent-session.github-app.permissions.environments,1,0,False,False
safe-outputs.create-agent-session.github-app.permissions.git-signing,1,0,False,False
safe-outputs.create-agent-session.github-app.permissions.members,1,0,False,False
safe-outputs.create-agent-session.github-app.permissions.organization-administration,1,0,False,False
safe-outputs.create-agent-session.github-app.permissions.organization-announcement-banners,1,0,False,False
safe-outputs.create-agent-session.github-app.permissions.organization-codespaces,1,0,False,False
safe-outputs.create-agent-session.github-app.permissions.organization-copilot,1,0,False,False
safe-outputs.create-agent-session.github-app.permissions.organization-custom-org-roles,1,0,False,False
safe-outputs.create-agent-session.github-app.permissions.organization-custom-properties,1,0,False,False
safe-outputs.create-agent-session.github-app.permissions.organization-custom-repository-roles,1,0,False,False
safe-outputs.create-agent-session.github-app.permissions.organization-events,1,0,False,False
safe-outputs.create-agent-session.github-app.permissions.organization-hooks,1,0,False,False
safe-outputs.create-agent-session.github-app.permissions.organization-members,1,0,False,False
safe-outputs.create-agent-session.github-app.permissions.organization-packages,1,0,False,False
safe-outputs.create-agent-session.github-app.permissions.organization-personal-access-token-requests,1,0,False,False
safe-outputs.create-agent-session.github-app.permissions.organization-personal-access-tokens,1,0,False,False
safe-outputs.create-agent-session.github-app.permissions.organization-plan,1,0,False,False
safe-outputs.create-agent-session.github-app.permissions.organization-self-hosted-runners,1,0,False,False
safe-outputs.create-agent-session.github-app.permissions.organization-user-blocking,1,0,False,False
safe-outputs.create-agent-session.github-app.permissions.repository-custom-properties,1,0,False,False
safe-outputs.create-agent-session.github-app.permissions.repository-hooks,1,0,False,False
safe-outputs.create-agent-session.github-app.permissions.secret-scanning-alerts,1,0,False,False
safe-outputs.create-agent-session.github-app.permissions.single-file,1,0,False,False
safe-outputs.create-agent-session.github-app.permissions.team-discussions,1,0,False,False
safe-outputs.create-agent-session.github-app.permissions.vulnerability-alerts,1,0,False,False
safe-outputs.create-agent-session.github-app.permissions.workflows,1,0,False,False
safe-outputs.create-agent-session.github-app.private-key,1,0,False,False
safe-outputs.create-agent-session.github-app.repositories,1,0,False,False
safe-outputs.create-agent-session.github-token,1,0,False,False
safe-outputs.create-agent-session.max,1,0,False,False
safe-outputs.create-agent-session.samples,1,0,False,False
safe-outputs.create-agent-session.staged,1,0,False,False
safe-outputs.create-agent-session.target-repo,1,0,False,False
safe-outputs.create-agent-task,1,0,False,False
safe-outputs.create-agent-task.allowed-repos,1,0,False,False
safe-outputs.create-agent-task.base,1,0,False,False
safe-outputs.create-agent-task.github-app,1,0,False,False
safe-outputs.create-agent-task.github-app.app-id,1,0,False,False
safe-outputs.create-agent-task.github-app.client-id,1,0,False,False
safe-outputs.create-agent-task.github-app.ignore-if-missing,1,0,False,False
safe-outputs.create-agent-task.github-app.owner,1,0,False,False
safe-outputs.create-agent-task.github-app.permissions,1,0,False,False
safe-outputs.create-agent-task.github-app.permissions.administration,1,0,False,False
safe-outputs.create-agent-task.github-app.permissions.codespaces,1,0,False,False
safe-outputs.create-agent-task.github-app.permissions.codespaces-lifecycle-admin,1,0,False,False
safe-outputs.create-agent-task.github-app.permissions.codespaces-metadata,1,0,False,False
safe-outputs.create-agent-task.github-app.permissions.email-addresses,1,0,False,False
safe-outputs.create-agent-task.github-app.permissions.environments,1,0,False,False
safe-outputs.create-agent-task.github-app.permissions.git-signing,1,0,False,False
safe-outputs.create-agent-task.github-app.permissions.members,1,0,False,False
safe-outputs.create-agent-task.github-app.permissions.organization-administration,1,0,False,False
safe-outputs.create-agent-task.github-app.permissions.organization-announcement-banners,1,0,False,False
safe-outputs.create-agent-task.github-app.permissions.organization-codespaces,1,0,False,False
safe-outputs.create-agent-task.github-app.permissions.organization-copilot,1,0,False,False
safe-outputs.create-agent-task.github-app.permissions.organization-custom-org-roles,1,0,False,False
safe-outputs.create-agent-task.github-app.permissions.organization-custom-properties,1,0,False,False
safe-outputs.create-agent-task.github-app.permissions.organization-custom-repository-roles,1,0,False,False
safe-outputs.create-agent-task.github-app.permissions.organization-events,1,0,False,False
safe-outputs.create-agent-task.github-app.permissions.organization-hooks,1,0,False,False
safe-outputs.create-agent-task.github-app.permissions.organization-members,1,0,False,False
safe-outputs.create-agent-task.github-app.permissions.organization-packages,1,0,False,False
safe-outputs.create-agent-task.github-app.permissions.organization-personal-access-token-requests,1,0,False,False
safe-outputs.create-agent-task.github-app.permissions.organization-personal-access-tokens,1,0,False,False
safe-outputs.create-agent-task.github-app.permissions.organization-plan,1,0,False,False
safe-outputs.create-agent-task.github-app.permissions.organization-self-hosted-runners,1,0,False,False
safe-outputs.create-agent-task.github-app.permissions.organization-user-blocking,1,0,False,False
safe-outputs.create-agent-task.github-app.permissions.repository-custom-properties,1,0,False,False
safe-outputs.create-agent-task.github-app.permissions.repository-hooks,1,0,False,False
safe-outputs.create-agent-task.github-app.permissions.secret-scanning-alerts,1,0,False,False
safe-outputs.create-agent-task.github-app.permissions.single-file,1,0,False,False
safe-outputs.create-agent-task.github-app.permissions.team-discussions,1,0,False,False
safe-outputs.create-agent-task.github-app.permissions.vulnerability-alerts,1,0,False,False
safe-outputs.create-agent-task.github-app.permissions.workflows,1,0,False,False
safe-outputs.create-agent-task.github-app.private-key,1,0,False,False
safe-outputs.create-agent-task.github-app.repositories,1,0,False,False
safe-outputs.create-agent-task.github-token,1,0,False,False
safe-outputs.create-agent-task.issue-intent,1,0,False,False
safe-outputs.create-agent-task.max,1,0,False,False
safe-outputs.create-agent-task.samples,1,0,False,False
safe-outputs.create-agent-task.staged,1,0,False,False
safe-outputs.create-agent-task.target-repo,1,0,False,False
safe-outputs.create-check-run,1,0,False,False
safe-outputs.create-check-run.github-app,1,0,False,False
safe-outputs.create-check-run.github-app.app-id,1,0,False,False
safe-outputs.create-check-run.github-app.client-id,1,0,False,False
safe-outputs.create-check-run.github-app.ignore-if-missing,1,0,False,False
safe-outputs.create-check-run.github-app.owner,1,0,False,False
safe-outputs.create-check-run.github-app.permissions,1,0,False,False
safe-outputs.create-check-run.github-app.permissions.administration,1,0,False,False
safe-outputs.create-check-run.github-app.permissions.codespaces,1,0,False,False
safe-outputs.create-check-run.github-app.permissions.codespaces-lifecycle-admin,1,0,False,False
safe-outputs.create-check-run.github-app.permissions.codespaces-metadata,1,0,False,False
safe-outputs.create-check-run.github-app.permissions.email-addresses,1,0,False,False
safe-outputs.create-check-run.github-app.permissions.environments,1,0,False,False
safe-outputs.create-check-run.github-app.permissions.git-signing,1,0,False,False
safe-outputs.create-check-run.github-app.permissions.members,1,0,False,False
safe-outputs.create-check-run.github-app.permissions.organization-administration,1,0,False,False
safe-outputs.create-check-run.github-app.permissions.organization-announcement-banners,1,0,False,False
safe-outputs.create-check-run.github-app.permissions.organization-codespaces,1,0,False,False
safe-outputs.create-check-run.github-app.permissions.organization-copilot,1,0,False,False
safe-outputs.create-check-run.github-app.permissions.organization-custom-org-roles,1,0,False,False
safe-outputs.create-check-run.github-app.permissions.organization-custom-properties,1,0,False,False
safe-outputs.create-check-run.github-app.permissions.organization-custom-repository-roles,1,0,False,False
safe-outputs.create-check-run.github-app.permissions.organization-events,1,0,False,False
safe-outputs.create-check-run.github-app.permissions.organization-hooks,1,0,False,False
safe-outputs.create-check-run.github-app.permissions.organization-members,1,0,False,False
safe-outputs.create-check-run.github-app.permissions.organization-packages,1,0,False,False
safe-outputs.create-check-run.github-app.permissions.organization-personal-access-token-requests,1,0,False,False
safe-outputs.create-check-run.github-app.permissions.organization-personal-access-tokens,1,0,False,False
safe-outputs.create-check-run.github-app.permissions.organization-plan,1,0,False,False
safe-outputs.create-check-run.github-app.permissions.organization-self-hosted-runners,1,0,False,False
safe-outputs.create-check-run.github-app.permissions.organization-user-blocking,1,0,False,False
safe-outputs.create-check-run.github-app.permissions.repository-custom-properties,1,0,False,False
safe-outputs.create-check-run.github-app.permissions.repository-hooks,1,0,False,False
safe-outputs.create-check-run.github-app.permissions.secret-scanning-alerts,1,0,False,False
safe-outputs.create-check-run.github-app.permissions.single-file,1,0,False,False
safe-outputs.create-check-run.github-app.permissions.team-discussions,1,0,False,False
safe-outputs.create-check-run.github-app.permissions.vulnerability-alerts,1,0,False,False
safe-outputs.create-check-run.github-app.permissions.workflows,1,0,False,False
safe-outputs.create-check-run.github-app.private-key,1,0,False,False
safe-outputs.create-check-run.github-app.repositories,1,0,False,False
safe-outputs.create-check-run.github-token,1,0,False,False
safe-outputs.create-check-run.max,1,0,False,False
safe-outputs.create-check-run.name,1,0,False,False
safe-outputs.create-check-run.output,1,0,False,False
safe-outputs.create-check-run.output.summary,1,0,False,False
safe-outputs.create-check-run.output.title,1,0,False,False
safe-outputs.create-check-run.samples,1,0,False,False
safe-outputs.create-check-run.staged,1,0,False,False
safe-outputs.create-check-run.target,1,0,False,False
safe-outputs.create-code-scanning-alert,1,0,False,False
safe-outputs.create-code-scanning-alert.allowed-repos,1,0,False,False
safe-outputs.create-code-scanning-alert.driver,1,0,False,False
safe-outputs.create-code-scanning-alert.github-app,1,0,False,False
safe-outputs.create-code-scanning-alert.github-app.app-id,1,0,False,False
safe-outputs.create-code-scanning-alert.github-app.client-id,1,0,False,False
safe-outputs.create-code-scanning-alert.github-app.ignore-if-missing,1,0,False,False
safe-outputs.create-code-scanning-alert.github-app.owner,1,0,False,False
safe-outputs.create-code-scanning-alert.github-app.permissions,1,0,False,False
safe-outputs.create-code-scanning-alert.github-app.permissions.administration,1,0,False,False
safe-outputs.create-code-scanning-alert.github-app.permissions.codespaces,1,0,False,False
safe-outputs.create-code-scanning-alert.github-app.permissions.codespaces-lifecycle-admin,1,0,False,False
safe-outputs.create-code-scanning-alert.github-app.permissions.codespaces-metadata,1,0,False,False
safe-outputs.create-code-scanning-alert.github-app.permissions.email-addresses,1,0,False,False
safe-outputs.create-code-scanning-alert.github-app.permissions.environments,1,0,False,False
safe-outputs.create-code-scanning-alert.github-app.permissions.git-signing,1,0,False,False
safe-outputs.create-code-scanning-alert.github-app.permissions.members,1,0,False,False
safe-outputs.create-code-scanning-alert.github-app.permissions.organization-administration,1,0,False,False
safe-outputs.create-code-scanning-alert.github-app.permissions.organization-announcement-banners,1,0,False,False
safe-outputs.create-code-scanning-alert.github-app.permissions.organization-codespaces,1,0,False,False
safe-outputs.create-code-scanning-alert.github-app.permissions.organization-copilot,1,0,False,False
safe-outputs.create-code-scanning-alert.github-app.permissions.organization-custom-org-roles,1,0,False,False
safe-outputs.create-code-scanning-alert.github-app.permissions.organization-custom-properties,1,0,False,False
safe-outputs.create-code-scanning-alert.github-app.permissions.organization-custom-repository-roles,1,0,False,False
safe-outputs.create-code-scanning-alert.github-app.permissions.organization-events,1,0,False,False
safe-outputs.create-code-scanning-alert.github-app.permissions.organization-hooks,1,0,False,False
safe-outputs.create-code-scanning-alert.github-app.permissions.organization-members,1,0,False,False
safe-outputs.create-code-scanning-alert.github-app.permissions.organization-packages,1,0,False,False
safe-outputs.create-code-scanning-alert.github-app.permissions.organization-personal-access-token-requests,1,0,False,False
safe-outputs.create-code-scanning-alert.github-app.permissions.organization-personal-access-tokens,1,0,False,False
safe-outputs.create-code-scanning-alert.github-app.permissions.organization-plan,1,0,False,False
safe-outputs.create-code-scanning-alert.github-app.permissions.organization-self-hosted-runners,1,0,False,False
safe-outputs.create-code-scanning-alert.github-app.permissions.organization-user-blocking,1,0,False,False
safe-outputs.create-code-scanning-alert.github-app.permissions.repository-custom-properties,1,0,False,False
safe-outputs.create-code-scanning-alert.github-app.permissions.repository-hooks,1,0,False,False
safe-outputs.create-code-scanning-alert.github-app.permissions.secret-scanning-alerts,1,0,False,False
safe-outputs.create-code-scanning-alert.github-app.permissions.single-file,1,0,False,False
safe-outputs.create-code-scanning-alert.github-app.permissions.team-discussions,1,0,False,False
safe-outputs.create-code-scanning-alert.github-app.permissions.vulnerability-alerts,1,0,False,False
safe-outputs.create-code-scanning-alert.github-app.permissions.workflows,1,0,False,False
safe-outputs.create-code-scanning-alert.github-app.private-key,1,0,False,False
safe-outputs.create-code-scanning-alert.github-app.repositories,1,0,False,False
safe-outputs.create-code-scanning-alert.github-token,1,0,False,False
safe-outputs.create-code-scanning-alert.max,1,0,False,False
safe-outputs.create-code-scanning-alert.samples,1,0,False,False
safe-outputs.create-code-scanning-alert.staged,1,0,False,False
safe-outputs.create-code-scanning-alert.target-repo,1,0,False,False
safe-outputs.create-discussion,1,0,False,False
safe-outputs.create-discussion.allowed-labels,1,0,False,False
safe-outputs.create-discussion.allowed-repos,1,0,False,False
safe-outputs.create-discussion.category,1,0,False,False
safe-outputs.create-discussion.close-older-discussions,1,1,False,False
safe-outputs.create-discussion.close-older-key,1,0,False,False
safe-outputs.create-discussion.expires,1,1,False,False
safe-outputs.create-discussion.fallback-to-issue,1,1,False,False
safe-outputs.create-discussion.footer,1,1,False,False
safe-outputs.create-discussion.github-app,1,0,False,False
safe-outputs.create-discussion.github-app.app-id,1,0,False,False
safe-outputs.create-discussion.github-app.client-id,1,0,False,False
safe-outputs.create-discussion.github-app.ignore-if-missing,1,0,False,False
safe-outputs.create-discussion.github-app.owner,1,0,False,False
safe-outputs.create-discussion.github-app.permissions,1,0,False,False
safe-outputs.create-discussion.github-app.permissions.administration,1,0,False,False
safe-outputs.create-discussion.github-app.permissions.codespaces,1,0,False,False
safe-outputs.create-discussion.github-app.permissions.codespaces-lifecycle-admin,1,0,False,False
safe-outputs.create-discussion.github-app.permissions.codespaces-metadata,1,0,False,False
safe-outputs.create-discussion.github-app.permissions.email-addresses,1,0,False,False
safe-outputs.create-discussion.github-app.permissions.environments,1,0,False,False
safe-outputs.create-discussion.github-app.permissions.git-signing,1,0,False,False
safe-outputs.create-discussion.github-app.permissions.members,1,0,False,False
safe-outputs.create-discussion.github-app.permissions.organization-administration,1,0,False,False
safe-outputs.create-discussion.github-app.permissions.organization-announcement-banners,1,0,False,False
safe-outputs.create-discussion.github-app.permissions.organization-codespaces,1,0,False,False
safe-outputs.create-discussion.github-app.permissions.organization-copilot,1,0,False,False
safe-outputs.create-discussion.github-app.permissions.organization-custom-org-roles,1,0,False,False
safe-outputs.create-discussion.github-app.permissions.organization-custom-properties,1,0,False,False
safe-outputs.create-discussion.github-app.permissions.organization-custom-repository-roles,1,0,False,False
safe-outputs.create-discussion.github-app.permissions.organization-events,1,0,False,False
safe-outputs.create-discussion.github-app.permissions.organization-hooks,1,0,False,False
safe-outputs.create-discussion.github-app.permissions.organization-members,1,0,False,False
safe-outputs.create-discussion.github-app.permissions.organization-packages,1,0,False,False
safe-outputs.create-discussion.github-app.permissions.organization-personal-access-token-requests,1,0,False,False
safe-outputs.create-discussion.github-app.permissions.organization-personal-access-tokens,1,0,False,False
safe-outputs.create-discussion.github-app.permissions.organization-plan,1,0,False,False
safe-outputs.create-discussion.github-app.permissions.organization-self-hosted-runners,1,0,False,False
safe-outputs.create-discussion.github-app.permissions.organization-user-blocking,1,0,False,False
safe-outputs.create-discussion.github-app.permissions.repository-custom-properties,1,0,False,False
safe-outputs.create-discussion.github-app.permissions.repository-hooks,1,0,False,False
safe-outputs.create-discussion.github-app.permissions.secret-scanning-alerts,1,0,False,False
safe-outputs.create-discussion.github-app.permissions.single-file,1,0,False,False
safe-outputs.create-discussion.github-app.permissions.team-discussions,1,0,False,False
safe-outputs.create-discussion.github-app.permissions.vulnerability-alerts,1,0,False,False
safe-outputs.create-discussion.github-app.permissions.workflows,1,0,False,False
safe-outputs.create-discussion.github-app.private-key,1,0,False,False
safe-outputs.create-discussion.github-app.repositories,1,0,False,False
safe-outputs.create-discussion.github-token,1,0,False,False
safe-outputs.create-discussion.labels,1,0,False,False
safe-outputs.create-discussion.max,1,0,False,False
safe-outputs.create-discussion.min-body-length,1,0,False,False
safe-outputs.create-discussion.required-category,1,0,False,False
safe-outputs.create-discussion.samples,1,0,False,False
safe-outputs.create-discussion.staged,1,0,False,False
safe-outputs.create-discussion.target-repo,1,0,False,False
safe-outputs.create-discussion.title-prefix,1,0,False,False
safe-outputs.create-issue,1,0,False,False
safe-outputs.create-issue.allowed-fields,1,0,False,False
safe-outputs.create-issue.allowed-labels,1,0,False,False
safe-outputs.create-issue.allowed-repos,1,0,False,False
safe-outputs.create-issue.assignees,1,0,False,False
safe-outputs.create-issue.body-footer,1,0,False,False
safe-outputs.create-issue.close-older-issues,1,1,False,False
safe-outputs.create-issue.close-older-key,1,0,False,False
safe-outputs.create-issue.deduplicate-by-title,1,0,False,False
safe-outputs.create-issue.expires,1,0,False,False
safe-outputs.create-issue.footer,1,1,False,False
safe-outputs.create-issue.github-app,1,0,False,False
safe-outputs.create-issue.github-app.app-id,1,0,False,False
safe-outputs.create-issue.github-app.client-id,1,0,False,False
safe-outputs.create-issue.github-app.ignore-if-missing,1,0,False,False
safe-outputs.create-issue.github-app.owner,1,0,False,False
safe-outputs.create-issue.github-app.permissions,1,0,False,False
safe-outputs.create-issue.github-app.permissions.administration,1,0,False,False
safe-outputs.create-issue.github-app.permissions.codespaces,1,0,False,False
safe-outputs.create-issue.github-app.permissions.codespaces-lifecycle-admin,1,0,False,False
safe-outputs.create-issue.github-app.permissions.codespaces-metadata,1,0,False,False
safe-outputs.create-issue.github-app.permissions.email-addresses,1,0,False,False
safe-outputs.create-issue.github-app.permissions.environments,1,0,False,False
safe-outputs.create-issue.github-app.permissions.git-signing,1,0,False,False
safe-outputs.create-issue.github-app.permissions.members,1,0,False,False
safe-outputs.create-issue.github-app.permissions.organization-administration,1,0,False,False
safe-outputs.create-issue.github-app.permissions.organization-announcement-banners,1,0,False,False
safe-outputs.create-issue.github-app.permissions.organization-codespaces,1,0,False,False
safe-outputs.create-issue.github-app.permissions.organization-copilot,1,0,False,False
safe-outputs.create-issue.github-app.permissions.organization-custom-org-roles,1,0,False,False
safe-outputs.create-issue.github-app.permissions.organization-custom-properties,1,0,False,False
safe-outputs.create-issue.github-app.permissions.organization-custom-repository-roles,1,0,False,False
safe-outputs.create-issue.github-app.permissions.organization-events,1,0,False,False
safe-outputs.create-issue.github-app.permissions.organization-hooks,1,0,False,False
safe-outputs.create-issue.github-app.permissions.organization-members,1,0,False,False
safe-outputs.create-issue.github-app.permissions.organization-packages,1,0,False,False
safe-outputs.create-issue.github-app.permissions.organization-personal-access-token-requests,1,0,False,False
safe-outputs.create-issue.github-app.permissions.organization-personal-access-tokens,1,0,False,False
safe-outputs.create-issue.github-app.permissions.organization-plan,1,0,False,False
safe-outputs.create-issue.github-app.permissions.organization-self-hosted-runners,1,0,False,False
safe-outputs.create-issue.github-app.permissions.organization-user-blocking,1,0,False,False
safe-outputs.create-issue.github-app.permissions.repository-custom-properties,1,0,False,False
safe-outputs.create-issue.github-app.permissions.repository-hooks,1,0,False,False
safe-outputs.create-issue.github-app.permissions.secret-scanning-alerts,1,0,False,False
safe-outputs.create-issue.github-app.permissions.single-file,1,0,False,False
safe-outputs.create-issue.github-app.permissions.team-discussions,1,0,False,False
safe-outputs.create-issue.github-app.permissions.vulnerability-alerts,1,0,False,False
safe-outputs.create-issue.github-app.permissions.workflows,1,0,False,False
safe-outputs.create-issue.github-app.private-key,1,0,False,False
safe-outputs.create-issue.github-app.repositories,1,0,False,False
safe-outputs.create-issue.github-token,1,0,False,False
safe-outputs.create-issue.group,1,1,False,False
safe-outputs.create-issue.group-by-day,1,1,False,False
safe-outputs.create-issue.issue-intent,1,0,False,False
safe-outputs.create-issue.labels,1,0,False,False
safe-outputs.create-issue.max,1,0,False,False
safe-outputs.create-issue.normalize-closing-keywords,1,0,False,False
safe-outputs.create-issue.require-temporary-id,1,0,False,False
safe-outputs.create-issue.samples,1,0,False,False
safe-outputs.create-issue.staged,1,0,False,False
safe-outputs.create-issue.target-repo,1,0,False,False
safe-outputs.create-issue.title-prefix,1,0,False,False
safe-outputs.create-project,1,1,False,False
safe-outputs.create-project-status-update,1,0,False,False
safe-outputs.create-project-status-update.github-app,1,0,False,False
safe-outputs.create-project-status-update.github-app.app-id,1,0,False,False
safe-outputs.create-project-status-update.github-app.client-id,1,0,False,False
safe-outputs.create-project-status-update.github-app.ignore-if-missing,1,0,False,False
safe-outputs.create-project-status-update.github-app.owner,1,0,False,False
safe-outputs.create-project-status-update.github-app.permissions,1,0,False,False
safe-outputs.create-project-status-update.github-app.permissions.administration,1,0,False,False
safe-outputs.create-project-status-update.github-app.permissions.codespaces,1,0,False,False
safe-outputs.create-project-status-update.github-app.permissions.codespaces-lifecycle-admin,1,0,False,False
safe-outputs.create-project-status-update.github-app.permissions.codespaces-metadata,1,0,False,False
safe-outputs.create-project-status-update.github-app.permissions.email-addresses,1,0,False,False
safe-outputs.create-project-status-update.github-app.permissions.environments,1,0,False,False
safe-outputs.create-project-status-update.github-app.permissions.git-signing,1,0,False,False
safe-outputs.create-project-status-update.github-app.permissions.members,1,0,False,False
safe-outputs.create-project-status-update.github-app.permissions.organization-administration,1,0,False,False
safe-outputs.create-project-status-update.github-app.permissions.organization-announcement-banners,1,0,False,False
safe-outputs.create-project-status-update.github-app.permissions.organization-codespaces,1,0,False,False
safe-outputs.create-project-status-update.github-app.permissions.organization-copilot,1,0,False,False
safe-outputs.create-project-status-update.github-app.permissions.organization-custom-org-roles,1,0,False,False
safe-outputs.create-project-status-update.github-app.permissions.organization-custom-properties,1,0,False,False
safe-outputs.create-project-status-update.github-app.permissions.organization-custom-repository-roles,1,0,False,False
safe-outputs.create-project-status-update.github-app.permissions.organization-events,1,0,False,False
safe-outputs.create-project-status-update.github-app.permissions.organization-hooks,1,0,False,False
safe-outputs.create-project-status-update.github-app.permissions.organization-members,1,0,False,False
safe-outputs.create-project-status-update.github-app.permissions.organization-packages,1,0,False,False
safe-outputs.create-project-status-update.github-app.permissions.organization-personal-access-token-requests,1,0,False,False
safe-outputs.create-project-status-update.github-app.permissions.organization-personal-access-tokens,1,0,False,False
safe-outputs.create-project-status-update.github-app.permissions.organization-plan,1,0,False,False
safe-outputs.create-project-status-update.github-app.permissions.organization-self-hosted-runners,1,0,False,False
safe-outputs.create-project-status-update.github-app.permissions.organization-user-blocking,1,0,False,False
safe-outputs.create-project-status-update.github-app.permissions.repository-custom-properties,1,0,False,False
safe-outputs.create-project-status-update.github-app.permissions.repository-hooks,1,0,False,False
safe-outputs.create-project-status-update.github-app.permissions.secret-scanning-alerts,1,0,False,False
safe-outputs.create-project-status-update.github-app.permissions.single-file,1,0,False,False
safe-outputs.create-project-status-update.github-app.permissions.team-discussions,1,0,False,False
safe-outputs.create-project-status-update.github-app.permissions.vulnerability-alerts,1,0,False,False
safe-outputs.create-project-status-update.github-app.permissions.workflows,1,0,False,False
safe-outputs.create-project-status-update.github-app.private-key,1,0,False,False
safe-outputs.create-project-status-update.github-app.repositories,1,0,False,False
safe-outputs.create-project-status-update.github-token,1,0,False,False
safe-outputs.create-project-status-update.max,1,0,False,False
safe-outputs.create-project-status-update.project,1,0,False,False
safe-outputs.create-project-status-update.samples,1,0,False,False
safe-outputs.create-project-status-update.staged,1,0,False,False
safe-outputs.create-project.field-definitions,1,0,False,False
safe-outputs.create-project.field-definitions[].data-type,1,0,False,False
safe-outputs.create-project.field-definitions[].name,1,0,False,False
safe-outputs.create-project.field-definitions[].options,1,0,False,False
safe-outputs.create-project.github-app,1,0,False,False
safe-outputs.create-project.github-app.app-id,1,0,False,False
safe-outputs.create-project.github-app.client-id,1,0,False,False
safe-outputs.create-project.github-app.ignore-if-missing,1,0,False,False
safe-outputs.create-project.github-app.owner,1,0,False,False
safe-outputs.create-project.github-app.permissions,1,0,False,False
safe-outputs.create-project.github-app.permissions.administration,1,0,False,False
safe-outputs.create-project.github-app.permissions.codespaces,1,0,False,False
safe-outputs.create-project.github-app.permissions.codespaces-lifecycle-admin,1,0,False,False
safe-outputs.create-project.github-app.permissions.codespaces-metadata,1,0,False,False
safe-outputs.create-project.github-app.permissions.email-addresses,1,0,False,False
safe-outputs.create-project.github-app.permissions.environments,1,0,False,False
safe-outputs.create-project.github-app.permissions.git-signing,1,0,False,False
safe-outputs.create-project.github-app.permissions.members,1,0,False,False
safe-outputs.create-project.github-app.permissions.organization-administration,1,0,False,False
safe-outputs.create-project.github-app.permissions.organization-announcement-banners,1,0,False,False
safe-outputs.create-project.github-app.permissions.organization-codespaces,1,0,False,False
safe-outputs.create-project.github-app.permissions.organization-copilot,1,0,False,False
safe-outputs.create-project.github-app.permissions.organization-custom-org-roles,1,0,False,False
safe-outputs.create-project.github-app.permissions.organization-custom-properties,1,0,False,False
safe-outputs.create-project.github-app.permissions.organization-custom-repository-roles,1,0,False,False
safe-outputs.create-project.github-app.permissions.organization-events,1,0,False,False
safe-outputs.create-project.github-app.permissions.organization-hooks,1,0,False,False
safe-outputs.create-project.github-app.permissions.organization-members,1,0,False,False
safe-outputs.create-project.github-app.permissions.organization-packages,1,0,False,False
safe-outputs.create-project.github-app.permissions.organization-personal-access-token-requests,1,0,False,False
safe-outputs.create-project.github-app.permissions.organization-personal-access-tokens,1,0,False,False
safe-outputs.create-project.github-app.permissions.organization-plan,1,0,False,False
safe-outputs.create-project.github-app.permissions.organization-self-hosted-runners,1,0,False,False
safe-outputs.create-project.github-app.permissions.organization-user-blocking,1,0,False,False
safe-outputs.create-project.github-app.permissions.repository-custom-properties,1,0,False,False
safe-outputs.create-project.github-app.permissions.repository-hooks,1,0,False,False
safe-outputs.create-project.github-app.permissions.secret-scanning-alerts,1,0,False,False
safe-outputs.create-project.github-app.permissions.single-file,1,0,False,False
safe-outputs.create-project.github-app.permissions.team-discussions,1,0,False,False
safe-outputs.create-project.github-app.permissions.vulnerability-alerts,1,0,False,False
safe-outputs.create-project.github-app.permissions.workflows,1,0,False,False
safe-outputs.create-project.github-app.private-key,1,0,False,False
safe-outputs.create-project.github-app.repositories,1,0,False,False
safe-outputs.create-project.github-token,1,0,False,False
safe-outputs.create-project.max,1,0,False,False
safe-outputs.create-project.samples,1,0,False,False
safe-outputs.create-project.staged,1,0,False,False
safe-outputs.create-project.target-owner,1,0,False,False
safe-outputs.create-project.title-prefix,1,0,False,False
safe-outputs.create-project.views,1,0,False,False
safe-outputs.create-project.views[].description,1,0,False,False
safe-outputs.create-project.views[].filter,1,0,False,False
safe-outputs.create-project.views[].layout,1,0,False,False
safe-outputs.create-project.views[].name,1,0,False,False
safe-outputs.create-project.views[].visible-fields,1,0,False,False
safe-outputs.create-pull-request,1,0,False,False
safe-outputs.create-pull-request-review-comment,1,0,False,False
safe-outputs.create-pull-request-review-comment.allowed-repos,1,0,False,False
safe-outputs.create-pull-request-review-comment.commit-id,1,0,False,False
safe-outputs.create-pull-request-review-comment.github-app,1,0,False,False
safe-outputs.create-pull-request-review-comment.github-app.app-id,1,0,False,False
safe-outputs.create-pull-request-review-comment.github-app.client-id,1,0,False,False
safe-outputs.create-pull-request-review-comment.github-app.ignore-if-missing,1,0,False,False
safe-outputs.create-pull-request-review-comment.github-app.owner,1,0,False,False
safe-outputs.create-pull-request-review-comment.github-app.permissions,1,0,False,False
safe-outputs.create-pull-request-review-comment.github-app.permissions.administration,1,0,False,False
safe-outputs.create-pull-request-review-comment.github-app.permissions.codespaces,1,0,False,False
safe-outputs.create-pull-request-review-comment.github-app.permissions.codespaces-lifecycle-admin,1,0,False,False
safe-outputs.create-pull-request-review-comment.github-app.permissions.codespaces-metadata,1,0,False,False
safe-outputs.create-pull-request-review-comment.github-app.permissions.email-addresses,1,0,False,False
safe-outputs.create-pull-request-review-comment.github-app.permissions.environments,1,0,False,False
safe-outputs.create-pull-request-review-comment.github-app.permissions.git-signing,1,0,False,False
safe-outputs.create-pull-request-review-comment.github-app.permissions.members,1,0,False,False
safe-outputs.create-pull-request-review-comment.github-app.permissions.organization-administration,1,0,False,False
safe-outputs.create-pull-request-review-comment.github-app.permissions.organization-announcement-banners,1,0,False,False
safe-outputs.create-pull-request-review-comment.github-app.permissions.organization-codespaces,1,0,False,False
safe-outputs.create-pull-request-review-comment.github-app.permissions.organization-copilot,1,0,False,False
safe-outputs.create-pull-request-review-comment.github-app.permissions.organization-custom-org-roles,1,0,False,False
safe-outputs.create-pull-request-review-comment.github-app.permissions.organization-custom-properties,1,0,False,False
safe-outputs.create-pull-request-review-comment.github-app.permissions.organization-custom-repository-roles,1,0,False,False
safe-outputs.create-pull-request-review-comment.github-app.permissions.organization-events,1,0,False,False
safe-outputs.create-pull-request-review-comment.github-app.permissions.organization-hooks,1,0,False,False
safe-outputs.create-pull-request-review-comment.github-app.permissions.organization-members,1,0,False,False
safe-outputs.create-pull-request-review-comment.github-app.permissions.organization-packages,1,0,False,False
safe-outputs.create-pull-request-review-comment.github-app.permissions.organization-personal-access-token-requests,1,0,False,False
safe-outputs.create-pull-request-review-comment.github-app.permissions.organization-personal-access-tokens,1,0,False,False
safe-outputs.create-pull-request-review-comment.github-app.permissions.organization-plan,1,0,False,False
safe-outputs.create-pull-request-review-comment.github-app.permissions.organization-self-hosted-runners,1,0,False,False
safe-outputs.create-pull-request-review-comment.github-app.permissions.organization-user-blocking,1,0,False,False
safe-outputs.create-pull-request-review-comment.github-app.permissions.repository-custom-properties,1,0,False,False
safe-outputs.create-pull-request-review-comment.github-app.permissions.repository-hooks,1,0,False,False
safe-outputs.create-pull-request-review-comment.github-app.permissions.secret-scanning-alerts,1,0,False,False
safe-outputs.create-pull-request-review-comment.github-app.permissions.single-file,1,0,False,False
safe-outputs.create-pull-request-review-comment.github-app.permissions.team-discussions,1,0,False,False
safe-outputs.create-pull-request-review-comment.github-app.permissions.vulnerability-alerts,1,0,False,False
safe-outputs.create-pull-request-review-comment.github-app.permissions.workflows,1,0,False,False
safe-outputs.create-pull-request-review-comment.github-app.private-key,1,0,False,False
safe-outputs.create-pull-request-review-comment.github-app.repositories,1,0,False,False
safe-outputs.create-pull-request-review-comment.github-token,1,0,False,False
safe-outputs.create-pull-request-review-comment.max,1,0,False,False
safe-outputs.create-pull-request-review-comment.required-labels,1,0,False,False
safe-outputs.create-pull-request-review-comment.required-title-prefix,1,0,False,False
safe-outputs.create-pull-request-review-comment.samples,1,0,False,False
safe-outputs.create-pull-request-review-comment.side,1,0,False,False
safe-outputs.create-pull-request-review-comment.staged,1,0,False,False
safe-outputs.create-pull-request-review-comment.target,1,0,False,False
safe-outputs.create-pull-request-review-comment.target-repo,1,0,False,False
safe-outputs.create-pull-request.allow-empty,1,0,False,False
safe-outputs.create-pull-request.allow-workflows,1,1,False,False
safe-outputs.create-pull-request.allowed-base-branches,1,0,False,False
safe-outputs.create-pull-request.allowed-branches,1,0,False,False
safe-outputs.create-pull-request.allowed-files,1,0,False,False
safe-outputs.create-pull-request.allowed-labels,1,0,False,False
safe-outputs.create-pull-request.allowed-repos,1,0,False,False
safe-outputs.create-pull-request.assignees,1,0,False,False
safe-outputs.create-pull-request.auto-close-issue,1,1,False,False
safe-outputs.create-pull-request.auto-merge,1,1,False,False
safe-outputs.create-pull-request.base-branch,1,0,False,False
safe-outputs.create-pull-request.body-footer,1,0,False,False
safe-outputs.create-pull-request.branch-prefix,1,0,False,False
safe-outputs.create-pull-request.close-older-key,1,0,False,False
safe-outputs.create-pull-request.close-older-pull-requests,1,1,False,False
safe-outputs.create-pull-request.draft,1,1,False,False
safe-outputs.create-pull-request.excluded-files,1,0,False,False
safe-outputs.create-pull-request.expires,1,0,False,False
safe-outputs.create-pull-request.fallback-as-issue,1,1,False,False
safe-outputs.create-pull-request.fallback-labels,1,0,False,False
safe-outputs.create-pull-request.footer,1,1,False,False
safe-outputs.create-pull-request.github-app,1,0,False,False
safe-outputs.create-pull-request.github-app.app-id,1,0,False,False
safe-outputs.create-pull-request.github-app.client-id,1,0,False,False
safe-outputs.create-pull-request.github-app.ignore-if-missing,1,0,False,False
safe-outputs.create-pull-request.github-app.owner,1,0,False,False
safe-outputs.create-pull-request.github-app.permissions,1,0,False,False
safe-outputs.create-pull-request.github-app.permissions.administration,1,0,False,False
safe-outputs.create-pull-request.github-app.permissions.codespaces,1,0,False,False
safe-outputs.create-pull-request.github-app.permissions.codespaces-lifecycle-admin,1,0,False,False
safe-outputs.create-pull-request.github-app.permissions.codespaces-metadata,1,0,False,False
safe-outputs.create-pull-request.github-app.permissions.email-addresses,1,0,False,False
safe-outputs.create-pull-request.github-app.permissions.environments,1,0,False,False
safe-outputs.create-pull-request.github-app.permissions.git-signing,1,0,False,False
safe-outputs.create-pull-request.github-app.permissions.members,1,0,False,False
safe-outputs.create-pull-request.github-app.permissions.organization-administration,1,0,False,False
safe-outputs.create-pull-request.github-app.permissions.organization-announcement-banners,1,0,False,False
safe-outputs.create-pull-request.github-app.permissions.organization-codespaces,1,0,False,False
safe-outputs.create-pull-request.github-app.permissions.organization-copilot,1,0,False,False
safe-outputs.create-pull-request.github-app.permissions.organization-custom-org-roles,1,0,False,False
safe-outputs.create-pull-request.github-app.permissions.organization-custom-properties,1,0,False,False
safe-outputs.create-pull-request.github-app.permissions.organization-custom-repository-roles,1,0,False,False
safe-outputs.create-pull-request.github-app.permissions.organization-events,1,0,False,False
safe-outputs.create-pull-request.github-app.permissions.organization-hooks,1,0,False,False
safe-outputs.create-pull-request.github-app.permissions.organization-members,1,0,False,False
safe-outputs.create-pull-request.github-app.permissions.organization-packages,1,0,False,False
safe-outputs.create-pull-request.github-app.permissions.organization-personal-access-token-requests,1,0,False,False
safe-outputs.create-pull-request.github-app.permissions.organization-personal-access-tokens,1,0,False,False
safe-outputs.create-pull-request.github-app.permissions.organization-plan,1,0,False,False
safe-outputs.create-pull-request.github-app.permissions.organization-self-hosted-runners,1,0,False,False
safe-outputs.create-pull-request.github-app.permissions.organization-user-blocking,1,0,False,False
safe-outputs.create-pull-request.github-app.permissions.repository-custom-properties,1,0,False,False
safe-outputs.create-pull-request.github-app.permissions.repository-hooks,1,0,False,False
safe-outputs.create-pull-request.github-app.permissions.secret-scanning-alerts,1,0,False,False
safe-outputs.create-pull-request.github-app.permissions.single-file,1,0,False,False
safe-outputs.create-pull-request.github-app.permissions.team-discussions,1,0,False,False
safe-outputs.create-pull-request.github-app.permissions.vulnerability-alerts,1,0,False,False
safe-outputs.create-pull-request.github-app.permissions.workflows,1,0,False,False
safe-outputs.create-pull-request.github-app.private-key,1,0,False,False
safe-outputs.create-pull-request.github-app.repositories,1,0,False,False
safe-outputs.create-pull-request.github-token,1,0,False,False
safe-outputs.create-pull-request.github-token-for-extra-empty-commit,1,0,False,False
safe-outputs.create-pull-request.head-github-app,1,0,False,False
safe-outputs.create-pull-request.head-github-app.app-id,1,0,False,False
safe-outputs.create-pull-request.head-github-app.client-id,1,0,False,False
safe-outputs.create-pull-request.head-github-app.ignore-if-missing,1,0,False,False
safe-outputs.create-pull-request.head-github-app.owner,1,0,False,False
safe-outputs.create-pull-request.head-github-app.permissions,1,0,False,False
safe-outputs.create-pull-request.head-github-app.permissions.administration,1,0,False,False
safe-outputs.create-pull-request.head-github-app.permissions.codespaces,1,0,False,False
safe-outputs.create-pull-request.head-github-app.permissions.codespaces-lifecycle-admin,1,0,False,False
safe-outputs.create-pull-request.head-github-app.permissions.codespaces-metadata,1,0,False,False
safe-outputs.create-pull-request.head-github-app.permissions.email-addresses,1,0,False,False
safe-outputs.create-pull-request.head-github-app.permissions.environments,1,0,False,False
safe-outputs.create-pull-request.head-github-app.permissions.git-signing,1,0,False,False
safe-outputs.create-pull-request.head-github-app.permissions.members,1,0,False,False
safe-outputs.create-pull-request.head-github-app.permissions.organization-administration,1,0,False,False
safe-outputs.create-pull-request.head-github-app.permissions.organization-announcement-banners,1,0,False,False
safe-outputs.create-pull-request.head-github-app.permissions.organization-codespaces,1,0,False,False
safe-outputs.create-pull-request.head-github-app.permissions.organization-copilot,1,0,False,False
safe-outputs.create-pull-request.head-github-app.permissions.organization-custom-org-roles,1,0,False,False
safe-outputs.create-pull-request.head-github-app.permissions.organization-custom-properties,1,0,False,False
safe-outputs.create-pull-request.head-github-app.permissions.organization-custom-repository-roles,1,0,False,False
safe-outputs.create-pull-request.head-github-app.permissions.organization-events,1,0,False,False
safe-outputs.create-pull-request.head-github-app.permissions.organization-hooks,1,0,False,False
safe-outputs.create-pull-request.head-github-app.permissions.organization-members,1,0,False,False
safe-outputs.create-pull-request.head-github-app.permissions.organization-packages,1,0,False,False
safe-outputs.create-pull-request.head-github-app.permissions.organization-personal-access-token-requests,1,0,False,False
safe-outputs.create-pull-request.head-github-app.permissions.organization-personal-access-tokens,1,0,False,False
safe-outputs.create-pull-request.head-github-app.permissions.organization-plan,1,0,False,False
safe-outputs.create-pull-request.head-github-app.permissions.organization-self-hosted-runners,1,0,False,False
safe-outputs.create-pull-request.head-github-app.permissions.organization-user-blocking,1,0,False,False
safe-outputs.create-pull-request.head-github-app.permissions.repository-custom-properties,1,0,False,False
safe-outputs.create-pull-request.head-github-app.permissions.repository-hooks,1,0,False,False
safe-outputs.create-pull-request.head-github-app.permissions.secret-scanning-alerts,1,0,False,False
safe-outputs.create-pull-request.head-github-app.permissions.single-file,1,0,False,False
safe-outputs.create-pull-request.head-github-app.permissions.team-discussions,1,0,False,False
safe-outputs.create-pull-request.head-github-app.permissions.vulnerability-alerts,1,0,False,False
safe-outputs.create-pull-request.head-github-app.permissions.workflows,1,0,False,False
safe-outputs.create-pull-request.head-github-app.private-key,1,0,False,False
safe-outputs.create-pull-request.head-github-app.repositories,1,0,False,False
safe-outputs.create-pull-request.head-github-token,1,0,False,False
safe-outputs.create-pull-request.head-repo,1,0,False,False
safe-outputs.create-pull-request.if-no-changes,1,0,False,False
safe-outputs.create-pull-request.labels,1,0,False,False
safe-outputs.create-pull-request.max,1,0,False,False
safe-outputs.create-pull-request.max-patch-files,1,0,False,False
safe-outputs.create-pull-request.max-patch-size,1,0,False,False
safe-outputs.create-pull-request.normalize-closing-keywords,1,0,False,False
safe-outputs.create-pull-request.patch-format,1,0,False,False
safe-outputs.create-pull-request.preserve-branch-name,1,1,False,False
safe-outputs.create-pull-request.protected-files,1,0,False,False
safe-outputs.create-pull-request.protected-files.exclude,1,0,False,False
safe-outputs.create-pull-request.protected-files.policy,1,0,False,False
safe-outputs.create-pull-request.recreate-ref,1,1,False,False
safe-outputs.create-pull-request.require-temporary-id,1,0,False,False
safe-outputs.create-pull-request.reviewers,1,0,False,False
safe-outputs.create-pull-request.samples,1,0,False,False
safe-outputs.create-pull-request.signed-commits,1,1,False,False
safe-outputs.create-pull-request.stacked,1,1,False,False
safe-outputs.create-pull-request.staged,1,0,False,False
safe-outputs.create-pull-request.target-repo,1,0,False,False
safe-outputs.create-pull-request.team-reviewers,1,0,False,False
safe-outputs.create-pull-request.title-prefix,1,0,False,False
safe-outputs.data,1,0,False,False
safe-outputs.dismiss-pull-request-review,1,0,False,False
safe-outputs.dismiss-pull-request-review.allowed-repos,1,0,False,False
safe-outputs.dismiss-pull-request-review.github-app,1,0,False,False
safe-outputs.dismiss-pull-request-review.github-app.app-id,1,0,False,False
safe-outputs.dismiss-pull-request-review.github-app.client-id,1,0,False,False
safe-outputs.dismiss-pull-request-review.github-app.ignore-if-missing,1,0,False,False
safe-outputs.dismiss-pull-request-review.github-app.owner,1,0,False,False
safe-outputs.dismiss-pull-request-review.github-app.permissions,1,0,False,False
safe-outputs.dismiss-pull-request-review.github-app.permissions.administration,1,0,False,False
safe-outputs.dismiss-pull-request-review.github-app.permissions.codespaces,1,0,False,False
safe-outputs.dismiss-pull-request-review.github-app.permissions.codespaces-lifecycle-admin,1,0,False,False
safe-outputs.dismiss-pull-request-review.github-app.permissions.codespaces-metadata,1,0,False,False
safe-outputs.dismiss-pull-request-review.github-app.permissions.email-addresses,1,0,False,False
safe-outputs.dismiss-pull-request-review.github-app.permissions.environments,1,0,False,False
safe-outputs.dismiss-pull-request-review.github-app.permissions.git-signing,1,0,False,False
safe-outputs.dismiss-pull-request-review.github-app.permissions.members,1,0,False,False
safe-outputs.dismiss-pull-request-review.github-app.permissions.organization-administration,1,0,False,False
safe-outputs.dismiss-pull-request-review.github-app.permissions.organization-announcement-banners,1,0,False,False
safe-outputs.dismiss-pull-request-review.github-app.permissions.organization-codespaces,1,0,False,False
safe-outputs.dismiss-pull-request-review.github-app.permissions.organization-copilot,1,0,False,False
safe-outputs.dismiss-pull-request-review.github-app.permissions.organization-custom-org-roles,1,0,False,False
safe-outputs.dismiss-pull-request-review.github-app.permissions.organization-custom-properties,1,0,False,False
safe-outputs.dismiss-pull-request-review.github-app.permissions.organization-custom-repository-roles,1,0,False,False
safe-outputs.dismiss-pull-request-review.github-app.permissions.organization-events,1,0,False,False
safe-outputs.dismiss-pull-request-review.github-app.permissions.organization-hooks,1,0,False,False
safe-outputs.dismiss-pull-request-review.github-app.permissions.organization-members,1,0,False,False
safe-outputs.dismiss-pull-request-review.github-app.permissions.organization-packages,1,0,False,False
safe-outputs.dismiss-pull-request-review.github-app.permissions.organization-personal-access-token-requests,1,0,False,False
safe-outputs.dismiss-pull-request-review.github-app.permissions.organization-personal-access-tokens,1,0,False,False
safe-outputs.dismiss-pull-request-review.github-app.permissions.organization-plan,1,0,False,False
safe-outputs.dismiss-pull-request-review.github-app.permissions.organization-self-hosted-runners,1,0,False,False
safe-outputs.dismiss-pull-request-review.github-app.permissions.organization-user-blocking,1,0,False,False
safe-outputs.dismiss-pull-request-review.github-app.permissions.repository-custom-properties,1,0,False,False
safe-outputs.dismiss-pull-request-review.github-app.permissions.repository-hooks,1,0,False,False
safe-outputs.dismiss-pull-request-review.github-app.permissions.secret-scanning-alerts,1,0,False,False
safe-outputs.dismiss-pull-request-review.github-app.permissions.single-file,1,0,False,False
safe-outputs.dismiss-pull-request-review.github-app.permissions.team-discussions,1,0,False,False
safe-outputs.dismiss-pull-request-review.github-app.permissions.vulnerability-alerts,1,0,False,False
safe-outputs.dismiss-pull-request-review.github-app.permissions.workflows,1,0,False,False
safe-outputs.dismiss-pull-request-review.github-app.private-key,1,0,False,False
safe-outputs.dismiss-pull-request-review.github-app.repositories,1,0,False,False
safe-outputs.dismiss-pull-request-review.github-token,1,0,False,False
safe-outputs.dismiss-pull-request-review.max,1,0,False,False
safe-outputs.dismiss-pull-request-review.required-labels,1,0,False,False
safe-outputs.dismiss-pull-request-review.required-title-prefix,1,0,False,False
safe-outputs.dismiss-pull-request-review.samples,1,0,False,False
safe-outputs.dismiss-pull-request-review.staged,1,0,False,False
safe-outputs.dismiss-pull-request-review.target,1,0,False,False
safe-outputs.dismiss-pull-request-review.target-repo,1,0,False,False
safe-outputs.dismiss-review,1,0,False,False
safe-outputs.dispatch-repository,1,0,False,False
safe-outputs.dispatch-repository.*,1,0,False,False
safe-outputs.dispatch-repository.*.allowed_repositories,1,0,False,False
safe-outputs.dispatch-repository.*.description,1,0,False,False
safe-outputs.dispatch-repository.*.event_type,1,0,False,False
safe-outputs.dispatch-repository.*.github-app,1,0,False,False
safe-outputs.dispatch-repository.*.github-app.app-id,1,0,False,False
safe-outputs.dispatch-repository.*.github-app.client-id,1,0,False,False
safe-outputs.dispatch-repository.*.github-app.ignore-if-missing,1,0,False,False
safe-outputs.dispatch-repository.*.github-app.owner,1,0,False,False
safe-outputs.dispatch-repository.*.github-app.permissions,1,0,False,False
safe-outputs.dispatch-repository.*.github-app.permissions.administration,1,0,False,False
safe-outputs.dispatch-repository.*.github-app.permissions.codespaces,1,0,False,False
safe-outputs.dispatch-repository.*.github-app.permissions.codespaces-lifecycle-admin,1,0,False,False
safe-outputs.dispatch-repository.*.github-app.permissions.codespaces-metadata,1,0,False,False
safe-outputs.dispatch-repository.*.github-app.permissions.email-addresses,1,0,False,False
safe-outputs.dispatch-repository.*.github-app.permissions.environments,1,0,False,False
safe-outputs.dispatch-repository.*.github-app.permissions.git-signing,1,0,False,False
safe-outputs.dispatch-repository.*.github-app.permissions.members,1,0,False,False
safe-outputs.dispatch-repository.*.github-app.permissions.organization-administration,1,0,False,False
safe-outputs.dispatch-repository.*.github-app.permissions.organization-announcement-banners,1,0,False,False
safe-outputs.dispatch-repository.*.github-app.permissions.organization-codespaces,1,0,False,False
safe-outputs.dispatch-repository.*.github-app.permissions.organization-copilot,1,0,False,False
safe-outputs.dispatch-repository.*.github-app.permissions.organization-custom-org-roles,1,0,False,False
safe-outputs.dispatch-repository.*.github-app.permissions.organization-custom-properties,1,0,False,False
safe-outputs.dispatch-repository.*.github-app.permissions.organization-custom-repository-roles,1,0,False,False
safe-outputs.dispatch-repository.*.github-app.permissions.organization-events,1,0,False,False
safe-outputs.dispatch-repository.*.github-app.permissions.organization-hooks,1,0,False,False
safe-outputs.dispatch-repository.*.github-app.permissions.organization-members,1,0,False,False
safe-outputs.dispatch-repository.*.github-app.permissions.organization-packages,1,0,False,False
safe-outputs.dispatch-repository.*.github-app.permissions.organization-personal-access-token-requests,1,0,False,False
safe-outputs.dispatch-repository.*.github-app.permissions.organization-personal-access-tokens,1,0,False,False
safe-outputs.dispatch-repository.*.github-app.permissions.organization-plan,1,0,False,False
safe-outputs.dispatch-repository.*.github-app.permissions.organization-self-hosted-runners,1,0,False,False
safe-outputs.dispatch-repository.*.github-app.permissions.organization-user-blocking,1,0,False,False
safe-outputs.dispatch-repository.*.github-app.permissions.repository-custom-properties,1,0,False,False
safe-outputs.dispatch-repository.*.github-app.permissions.repository-hooks,1,0,False,False
safe-outputs.dispatch-repository.*.github-app.permissions.secret-scanning-alerts,1,0,False,False
safe-outputs.dispatch-repository.*.github-app.permissions.single-file,1,0,False,False
safe-outputs.dispatch-repository.*.github-app.permissions.team-discussions,1,0,False,False
safe-outputs.dispatch-repository.*.github-app.permissions.vulnerability-alerts,1,0,False,False
safe-outputs.dispatch-repository.*.github-app.permissions.workflows,1,0,False,False
safe-outputs.dispatch-repository.*.github-app.private-key,1,0,False,False
safe-outputs.dispatch-repository.*.github-app.repositories,1,0,False,False
safe-outputs.dispatch-repository.*.github-token,1,0,False,False
safe-outputs.dispatch-repository.*.inputs,1,0,False,False
safe-outputs.dispatch-repository.*.inputs.*,1,0,False,False
safe-outputs.dispatch-repository.*.inputs.*.default,1,0,False,False
safe-outputs.dispatch-repository.*.inputs.*.description,1,0,False,False
safe-outputs.dispatch-repository.*.inputs.*.options,1,0,False,False
safe-outputs.dispatch-repository.*.inputs.*.required,1,0,False,False
safe-outputs.dispatch-repository.*.inputs.*.type,1,0,False,False
safe-outputs.dispatch-repository.*.max,1,0,False,False
safe-outputs.dispatch-repository.*.repository,1,0,False,False
safe-outputs.dispatch-repository.*.staged,1,0,False,False
safe-outputs.dispatch-repository.*.workflow,1,0,False,False
safe-outputs.dispatch-workflow,1,0,False,False
safe-outputs.dispatch-workflow.allowed-refs,1,0,False,False
safe-outputs.dispatch-workflow.allowed-repos,1,0,False,False
safe-outputs.dispatch-workflow.github-app,1,0,False,False
safe-outputs.dispatch-workflow.github-app.app-id,1,0,False,False
safe-outputs.dispatch-workflow.github-app.client-id,1,0,False,False
safe-outputs.dispatch-workflow.github-app.ignore-if-missing,1,0,False,False
safe-outputs.dispatch-workflow.github-app.owner,1,0,False,False
safe-outputs.dispatch-workflow.github-app.permissions,1,0,False,False
safe-outputs.dispatch-workflow.github-app.permissions.administration,1,0,False,False
safe-outputs.dispatch-workflow.github-app.permissions.codespaces,1,0,False,False
safe-outputs.dispatch-workflow.github-app.permissions.codespaces-lifecycle-admin,1,0,False,False
safe-outputs.dispatch-workflow.github-app.permissions.codespaces-metadata,1,0,False,False
safe-outputs.dispatch-workflow.github-app.permissions.email-addresses,1,0,False,False
safe-outputs.dispatch-workflow.github-app.permissions.environments,1,0,False,False
safe-outputs.dispatch-workflow.github-app.permissions.git-signing,1,0,False,False
safe-outputs.dispatch-workflow.github-app.permissions.members,1,0,False,False
safe-outputs.dispatch-workflow.github-app.permissions.organization-administration,1,0,False,False
safe-outputs.dispatch-workflow.github-app.permissions.organization-announcement-banners,1,0,False,False
safe-outputs.dispatch-workflow.github-app.permissions.organization-codespaces,1,0,False,False
safe-outputs.dispatch-workflow.github-app.permissions.organization-copilot,1,0,False,False
safe-outputs.dispatch-workflow.github-app.permissions.organization-custom-org-roles,1,0,False,False
safe-outputs.dispatch-workflow.github-app.permissions.organization-custom-properties,1,0,False,False
safe-outputs.dispatch-workflow.github-app.permissions.organization-custom-repository-roles,1,0,False,False
safe-outputs.dispatch-workflow.github-app.permissions.organization-events,1,0,False,False
safe-outputs.dispatch-workflow.github-app.permissions.organization-hooks,1,0,False,False
safe-outputs.dispatch-workflow.github-app.permissions.organization-members,1,0,False,False
safe-outputs.dispatch-workflow.github-app.permissions.organization-packages,1,0,False,False
safe-outputs.dispatch-workflow.github-app.permissions.organization-personal-access-token-requests,1,0,False,False
safe-outputs.dispatch-workflow.github-app.permissions.organization-personal-access-tokens,1,0,False,False
safe-outputs.dispatch-workflow.github-app.permissions.organization-plan,1,0,False,False
safe-outputs.dispatch-workflow.github-app.permissions.organization-self-hosted-runners,1,0,False,False
safe-outputs.dispatch-workflow.github-app.permissions.organization-user-blocking,1,0,False,False
safe-outputs.dispatch-workflow.github-app.permissions.repository-custom-properties,1,0,False,False
safe-outputs.dispatch-workflow.github-app.permissions.repository-hooks,1,0,False,False
safe-outputs.dispatch-workflow.github-app.permissions.secret-scanning-alerts,1,0,False,False
safe-outputs.dispatch-workflow.github-app.permissions.single-file,1,0,False,False
safe-outputs.dispatch-workflow.github-app.permissions.team-discussions,1,0,False,False
safe-outputs.dispatch-workflow.github-app.permissions.vulnerability-alerts,1,0,False,False
safe-outputs.dispatch-workflow.github-app.permissions.workflows,1,0,False,False
safe-outputs.dispatch-workflow.github-app.private-key,1,0,False,False
safe-outputs.dispatch-workflow.github-app.repositories,1,0,False,False
safe-outputs.dispatch-workflow.github-token,1,0,False,False
safe-outputs.dispatch-workflow.max,1,0,False,False
safe-outputs.dispatch-workflow.samples,1,0,False,False
safe-outputs.dispatch-workflow.staged,1,0,False,False
safe-outputs.dispatch-workflow.target-ref,1,0,False,False
safe-outputs.dispatch-workflow.target-repo,1,0,False,False
safe-outputs.dispatch-workflow.workflows,1,0,False,False
safe-outputs.dispatch_repository,1,0,False,False
safe-outputs.env,1,0,False,False
safe-outputs.env.*,1,0,False,False
safe-outputs.environment,1,0,False,False
safe-outputs.environment.name,1,0,False,False
safe-outputs.environment.url,1,0,False,False
safe-outputs.failure-issue-repo,1,0,False,False
safe-outputs.footer,1,1,False,False
safe-outputs.github-app,1,0,False,False
safe-outputs.github-app.app-id,1,0,False,False
safe-outputs.github-app.client-id,1,0,False,False
safe-outputs.github-app.ignore-if-missing,1,0,False,False
safe-outputs.github-app.owner,1,0,False,False
safe-outputs.github-app.permissions,1,0,False,False
safe-outputs.github-app.permissions.administration,1,0,False,False
safe-outputs.github-app.permissions.codespaces,1,0,False,False
safe-outputs.github-app.permissions.codespaces-lifecycle-admin,1,0,False,False
safe-outputs.github-app.permissions.codespaces-metadata,1,0,False,False
safe-outputs.github-app.permissions.email-addresses,1,0,False,False
safe-outputs.github-app.permissions.environments,1,0,False,False
safe-outputs.github-app.permissions.git-signing,1,0,False,False
safe-outputs.github-app.permissions.members,1,0,False,False
safe-outputs.github-app.permissions.organization-administration,1,0,False,False
safe-outputs.github-app.permissions.organization-announcement-banners,1,0,False,False
safe-outputs.github-app.permissions.organization-codespaces,1,0,False,False
safe-outputs.github-app.permissions.organization-copilot,1,0,False,False
safe-outputs.github-app.permissions.organization-custom-org-roles,1,0,False,False
safe-outputs.github-app.permissions.organization-custom-properties,1,0,False,False
safe-outputs.github-app.permissions.organization-custom-repository-roles,1,0,False,False
safe-outputs.github-app.permissions.organization-events,1,0,False,False
safe-outputs.github-app.permissions.organization-hooks,1,0,False,False
safe-outputs.github-app.permissions.organization-members,1,0,False,False
safe-outputs.github-app.permissions.organization-packages,1,0,False,False
safe-outputs.github-app.permissions.organization-personal-access-token-requests,1,0,False,False
safe-outputs.github-app.permissions.organization-personal-access-tokens,1,0,False,False
safe-outputs.github-app.permissions.organization-plan,1,0,False,False
safe-outputs.github-app.permissions.organization-self-hosted-runners,1,0,False,False
safe-outputs.github-app.permissions.organization-user-blocking,1,0,False,False
safe-outputs.github-app.permissions.repository-custom-properties,1,0,False,False
safe-outputs.github-app.permissions.repository-hooks,1,0,False,False
safe-outputs.github-app.permissions.secret-scanning-alerts,1,0,False,False
safe-outputs.github-app.permissions.single-file,1,0,False,False
safe-outputs.github-app.permissions.team-discussions,1,0,False,False
safe-outputs.github-app.permissions.vulnerability-alerts,1,0,False,False
safe-outputs.github-app.permissions.workflows,1,0,False,False
safe-outputs.github-app.private-key,1,0,False,False
safe-outputs.github-app.repositories,1,0,False,False
safe-outputs.github-token,1,0,False,False
safe-outputs.group-reports,1,1,False,False
safe-outputs.hide-comment,1,0,False,False
safe-outputs.hide-comment.allowed-reasons,1,0,False,False
safe-outputs.hide-comment.allowed-repos,1,0,False,False
safe-outputs.hide-comment.discussions,1,0,False,False
safe-outputs.hide-comment.max,1,0,False,False
safe-outputs.hide-comment.required-labels,1,0,False,False
safe-outputs.hide-comment.required-title-prefix,1,0,False,False
safe-outputs.hide-comment.samples,1,0,False,False
safe-outputs.hide-comment.staged,1,0,False,False
safe-outputs.hide-comment.target,1,0,False,False
safe-outputs.hide-comment.target-repo,1,0,False,False
safe-outputs.id-token,1,0,False,False
safe-outputs.jira-add-comment,1,0,False,False
safe-outputs.jira-add-comment.max,1,0,False,False
safe-outputs.jira-add-comment.staged,1,0,False,False
safe-outputs.jira-add-label,1,0,False,False
safe-outputs.jira-add-label.max,1,0,False,False
safe-outputs.jira-add-label.staged,1,0,False,False
safe-outputs.jira-create-issue,1,0,False,False
safe-outputs.jira-create-issue.max,1,0,False,False
safe-outputs.jira-create-issue.staged,1,0,False,False
safe-outputs.jira-update-issue,1,0,False,False
safe-outputs.jira-update-issue.max,1,0,False,False
safe-outputs.jira-update-issue.staged,1,0,False,False
safe-outputs.jobs,1,0,False,False
safe-outputs.jobs.*,1,0,False,False
safe-outputs.jobs.*.agent-output,1,0,False,False
safe-outputs.jobs.*.artifacts,1,0,False,False
safe-outputs.jobs.*.description,1,0,False,False
safe-outputs.jobs.*.env,1,0,False,False
safe-outputs.jobs.*.env.*,1,0,False,False
safe-outputs.jobs.*.github-app,1,0,False,False
safe-outputs.jobs.*.github-app.app-id,1,0,False,False
safe-outputs.jobs.*.github-app.client-id,1,0,False,False
safe-outputs.jobs.*.github-app.ignore-if-missing,1,0,False,False
safe-outputs.jobs.*.github-app.owner,1,0,False,False
safe-outputs.jobs.*.github-app.permissions,1,0,False,False
safe-outputs.jobs.*.github-app.permissions.administration,1,0,False,False
safe-outputs.jobs.*.github-app.permissions.codespaces,1,0,False,False
safe-outputs.jobs.*.github-app.permissions.codespaces-lifecycle-admin,1,0,False,False
safe-outputs.jobs.*.github-app.permissions.codespaces-metadata,1,0,False,False
safe-outputs.jobs.*.github-app.permissions.email-addresses,1,0,False,False
safe-outputs.jobs.*.github-app.permissions.environments,1,0,False,False
safe-outputs.jobs.*.github-app.permissions.git-signing,1,0,False,False
safe-outputs.jobs.*.github-app.permissions.members,1,0,False,False
safe-outputs.jobs.*.github-app.permissions.organization-administration,1,0,False,False
safe-outputs.jobs.*.github-app.permissions.organization-announcement-banners,1,0,False,False
safe-outputs.jobs.*.github-app.permissions.organization-codespaces,1,0,False,False
safe-outputs.jobs.*.github-app.permissions.organization-copilot,1,0,False,False
safe-outputs.jobs.*.github-app.permissions.organization-custom-org-roles,1,0,False,False
safe-outputs.jobs.*.github-app.permissions.organization-custom-properties,1,0,False,False
safe-outputs.jobs.*.github-app.permissions.organization-custom-repository-roles,1,0,False,False
safe-outputs.jobs.*.github-app.permissions.organization-events,1,0,False,False
safe-outputs.jobs.*.github-app.permissions.organization-hooks,1,0,False,False
safe-outputs.jobs.*.github-app.permissions.organization-members,1,0,False,False
safe-outputs.jobs.*.github-app.permissions.organization-packages,1,0,False,False
safe-outputs.jobs.*.github-app.permissions.organization-personal-access-token-requests,1,0,False,False
safe-outputs.jobs.*.github-app.permissions.organization-personal-access-tokens,1,0,False,False
safe-outputs.jobs.*.github-app.permissions.organization-plan,1,0,False,False
safe-outputs.jobs.*.github-app.permissions.organization-self-hosted-runners,1,0,False,False
safe-outputs.jobs.*.github-app.permissions.organization-user-blocking,1,0,False,False
safe-outputs.jobs.*.github-app.permissions.repository-custom-properties,1,0,False,False
safe-outputs.jobs.*.github-app.permissions.repository-hooks,1,0,False,False
safe-outputs.jobs.*.github-app.permissions.secret-scanning-alerts,1,0,False,False
safe-outputs.jobs.*.github-app.permissions.single-file,1,0,False,False
safe-outputs.jobs.*.github-app.permissions.team-discussions,1,0,False,False
safe-outputs.jobs.*.github-app.permissions.vulnerability-alerts,1,0,False,False
safe-outputs.jobs.*.github-app.permissions.workflows,1,0,False,False
safe-outputs.jobs.*.github-app.private-key,1,0,False,False
safe-outputs.jobs.*.github-app.repositories,1,0,False,False
safe-outputs.jobs.*.github-token,1,0,False,False
safe-outputs.jobs.*.if,1,0,False,False
safe-outputs.jobs.*.inputs,1,0,False,False
safe-outputs.jobs.*.inputs.*,1,0,False,False
safe-outputs.jobs.*.inputs.*.default,1,0,False,False
safe-outputs.jobs.*.inputs.*.description,1,0,False,False
safe-outputs.jobs.*.inputs.*.options,1,0,False,False
safe-outputs.jobs.*.inputs.*.required,1,1,False,False
safe-outputs.jobs.*.inputs.*.type,1,1,False,False
safe-outputs.jobs.*.max,1,0,False,False
safe-outputs.jobs.*.name,1,0,False,False
safe-outputs.jobs.*.needs,1,0,False,False
safe-outputs.jobs.*.output,1,0,False,False
safe-outputs.jobs.*.permissions,1,0,False,False
safe-outputs.jobs.*.runs-on,1,0,False,False
safe-outputs.jobs.*.runs-on.group,1,0,False,False
safe-outputs.jobs.*.runs-on.labels,1,0,False,False
safe-outputs.jobs.*.steps,1,0,False,False
safe-outputs.jobs.*.steps[].continue-on-error,1,0,False,False
safe-outputs.jobs.*.steps[].env,1,0,False,False
safe-outputs.jobs.*.steps[].env.*,1,0,False,False
safe-outputs.jobs.*.steps[].id,1,0,False,False
safe-outputs.jobs.*.steps[].if,1,0,False,False
safe-outputs.jobs.*.steps[].name,1,0,False,False
safe-outputs.jobs.*.steps[].run,1,0,False,False
safe-outputs.jobs.*.steps[].shell,1,0,False,False
safe-outputs.jobs.*.steps[].timeout-minutes,1,0,False,False
safe-outputs.jobs.*.steps[].uses,1,0,False,False
safe-outputs.jobs.*.steps[].with,1,0,False,False
safe-outputs.jobs.*.steps[].with.*,1,0,False,False
safe-outputs.jobs.*.steps[].working-directory,1,0,False,False
safe-outputs.linear-add-comment,1,0,False,False
safe-outputs.linear-add-comment.max,1,0,False,False
safe-outputs.linear-add-comment.samples,1,0,False,False
safe-outputs.linear-add-comment.staged,1,0,False,False
safe-outputs.linear-add-comment.target,1,0,False,False
safe-outputs.linear-create-issue,1,0,False,False
safe-outputs.linear-create-issue.max,1,0,False,False
safe-outputs.linear-create-issue.project-id,1,0,False,False
safe-outputs.linear-create-issue.samples,1,0,False,False
safe-outputs.linear-create-issue.staged,1,0,False,False
safe-outputs.linear-create-issue.team-id,1,0,False,False
safe-outputs.linear-token,1,0,False,False
safe-outputs.linear-update-issue,1,0,False,False
safe-outputs.linear-update-issue.body,1,0,False,False
safe-outputs.linear-update-issue.max,1,0,False,False
safe-outputs.linear-update-issue.samples,1,0,False,False
safe-outputs.linear-update-issue.staged,1,0,False,False
safe-outputs.linear-update-issue.target,1,0,False,False
safe-outputs.linear-update-issue.title,1,0,False,False
safe-outputs.link-sub-issue,1,0,False,False
safe-outputs.link-sub-issue.allowed-repos,1,0,False,False
safe-outputs.link-sub-issue.github-app,1,0,False,False
safe-outputs.link-sub-issue.github-app.app-id,1,0,False,False
safe-outputs.link-sub-issue.github-app.client-id,1,0,False,False
safe-outputs.link-sub-issue.github-app.ignore-if-missing,1,0,False,False
safe-outputs.link-sub-issue.github-app.owner,1,0,False,False
safe-outputs.link-sub-issue.github-app.permissions,1,0,False,False
safe-outputs.link-sub-issue.github-app.permissions.administration,1,0,False,False
safe-outputs.link-sub-issue.github-app.permissions.codespaces,1,0,False,False
safe-outputs.link-sub-issue.github-app.permissions.codespaces-lifecycle-admin,1,0,False,False
safe-outputs.link-sub-issue.github-app.permissions.codespaces-metadata,1,0,False,False
safe-outputs.link-sub-issue.github-app.permissions.email-addresses,1,0,False,False
safe-outputs.link-sub-issue.github-app.permissions.environments,1,0,False,False
safe-outputs.link-sub-issue.github-app.permissions.git-signing,1,0,False,False
safe-outputs.link-sub-issue.github-app.permissions.members,1,0,False,False
safe-outputs.link-sub-issue.github-app.permissions.organization-administration,1,0,False,False
safe-outputs.link-sub-issue.github-app.permissions.organization-announcement-banners,1,0,False,False
safe-outputs.link-sub-issue.github-app.permissions.organization-codespaces,1,0,False,False
safe-outputs.link-sub-issue.github-app.permissions.organization-copilot,1,0,False,False
safe-outputs.link-sub-issue.github-app.permissions.organization-custom-org-roles,1,0,False,False
safe-outputs.link-sub-issue.github-app.permissions.organization-custom-properties,1,0,False,False
safe-outputs.link-sub-issue.github-app.permissions.organization-custom-repository-roles,1,0,False,False
safe-outputs.link-sub-issue.github-app.permissions.organization-events,1,0,False,False
safe-outputs.link-sub-issue.github-app.permissions.organization-hooks,1,0,False,False
safe-outputs.link-sub-issue.github-app.permissions.organization-members,1,0,False,False
safe-outputs.link-sub-issue.github-app.permissions.organization-packages,1,0,False,False
safe-outputs.link-sub-issue.github-app.permissions.organization-personal-access-token-requests,1,0,False,False
safe-outputs.link-sub-issue.github-app.permissions.organization-personal-access-tokens,1,0,False,False
safe-outputs.link-sub-issue.github-app.permissions.organization-plan,1,0,False,False
safe-outputs.link-sub-issue.github-app.permissions.organization-self-hosted-runners,1,0,False,False
safe-outputs.link-sub-issue.github-app.permissions.organization-user-blocking,1,0,False,False
safe-outputs.link-sub-issue.github-app.permissions.repository-custom-properties,1,0,False,False
safe-outputs.link-sub-issue.github-app.permissions.repository-hooks,1,0,False,False
safe-outputs.link-sub-issue.github-app.permissions.secret-scanning-alerts,1,0,False,False
safe-outputs.link-sub-issue.github-app.permissions.single-file,1,0,False,False
safe-outputs.link-sub-issue.github-app.permissions.team-discussions,1,0,False,False
safe-outputs.link-sub-issue.github-app.permissions.vulnerability-alerts,1,0,False,False
safe-outputs.link-sub-issue.github-app.permissions.workflows,1,0,False,False
safe-outputs.link-sub-issue.github-app.private-key,1,0,False,False
safe-outputs.link-sub-issue.github-app.repositories,1,0,False,False
safe-outputs.link-sub-issue.github-token,1,0,False,False
safe-outputs.link-sub-issue.max,1,0,False,False
safe-outputs.link-sub-issue.parent-required-labels,1,0,False,False
safe-outputs.link-sub-issue.parent-title-prefix,1,0,False,False
safe-outputs.link-sub-issue.samples,1,0,False,False
safe-outputs.link-sub-issue.staged,1,0,False,False
safe-outputs.link-sub-issue.sub-required-labels,1,0,False,False
safe-outputs.link-sub-issue.sub-title-prefix,1,0,False,False
safe-outputs.link-sub-issue.target,1,0,False,False
safe-outputs.link-sub-issue.target-repo,1,0,False,False
safe-outputs.mark-pull-request-as-ready-for-review,1,0,False,False
safe-outputs.mark-pull-request-as-ready-for-review.allowed-repos,1,0,False,False
safe-outputs.mark-pull-request-as-ready-for-review.github-app,1,0,False,False
safe-outputs.mark-pull-request-as-ready-for-review.github-app.app-id,1,0,False,False
safe-outputs.mark-pull-request-as-ready-for-review.github-app.client-id,1,0,False,False
safe-outputs.mark-pull-request-as-ready-for-review.github-app.ignore-if-missing,1,0,False,False
safe-outputs.mark-pull-request-as-ready-for-review.github-app.owner,1,0,False,False
safe-outputs.mark-pull-request-as-ready-for-review.github-app.permissions,1,0,False,False
safe-outputs.mark-pull-request-as-ready-for-review.github-app.permissions.administration,1,0,False,False
safe-outputs.mark-pull-request-as-ready-for-review.github-app.permissions.codespaces,1,0,False,False
safe-outputs.mark-pull-request-as-ready-for-review.github-app.permissions.codespaces-lifecycle-admin,1,0,False,False
safe-outputs.mark-pull-request-as-ready-for-review.github-app.permissions.codespaces-metadata,1,0,False,False
safe-outputs.mark-pull-request-as-ready-for-review.github-app.permissions.email-addresses,1,0,False,False
safe-outputs.mark-pull-request-as-ready-for-review.github-app.permissions.environments,1,0,False,False
safe-outputs.mark-pull-request-as-ready-for-review.github-app.permissions.git-signing,1,0,False,False
safe-outputs.mark-pull-request-as-ready-for-review.github-app.permissions.members,1,0,False,False
safe-outputs.mark-pull-request-as-ready-for-review.github-app.permissions.organization-administration,1,0,False,False
safe-outputs.mark-pull-request-as-ready-for-review.github-app.permissions.organization-announcement-banners,1,0,False,False
safe-outputs.mark-pull-request-as-ready-for-review.github-app.permissions.organization-codespaces,1,0,False,False
safe-outputs.mark-pull-request-as-ready-for-review.github-app.permissions.organization-copilot,1,0,False,False
safe-outputs.mark-pull-request-as-ready-for-review.github-app.permissions.organization-custom-org-roles,1,0,False,False
safe-outputs.mark-pull-request-as-ready-for-review.github-app.permissions.organization-custom-properties,1,0,False,False
safe-outputs.mark-pull-request-as-ready-for-review.github-app.permissions.organization-custom-repository-roles,1,0,False,False
safe-outputs.mark-pull-request-as-ready-for-review.github-app.permissions.organization-events,1,0,False,False
safe-outputs.mark-pull-request-as-ready-for-review.github-app.permissions.organization-hooks,1,0,False,False
safe-outputs.mark-pull-request-as-ready-for-review.github-app.permissions.organization-members,1,0,False,False
safe-outputs.mark-pull-request-as-ready-for-review.github-app.permissions.organization-packages,1,0,False,False
safe-outputs.mark-pull-request-as-ready-for-review.github-app.permissions.organization-personal-access-token-requests,1,0,False,False
safe-outputs.mark-pull-request-as-ready-for-review.github-app.permissions.organization-personal-access-tokens,1,0,False,False
safe-outputs.mark-pull-request-as-ready-for-review.github-app.permissions.organization-plan,1,0,False,False
safe-outputs.mark-pull-request-as-ready-for-review.github-app.permissions.organization-self-hosted-runners,1,0,False,False
safe-outputs.mark-pull-request-as-ready-for-review.github-app.permissions.organization-user-blocking,1,0,False,False
safe-outputs.mark-pull-request-as-ready-for-review.github-app.permissions.repository-custom-properties,1,0,False,False
safe-outputs.mark-pull-request-as-ready-for-review.github-app.permissions.repository-hooks,1,0,False,False
safe-outputs.mark-pull-request-as-ready-for-review.github-app.permissions.secret-scanning-alerts,1,0,False,False
safe-outputs.mark-pull-request-as-ready-for-review.github-app.permissions.single-file,1,0,False,False
safe-outputs.mark-pull-request-as-ready-for-review.github-app.permissions.team-discussions,1,0,False,False
safe-outputs.mark-pull-request-as-ready-for-review.github-app.permissions.vulnerability-alerts,1,0,False,False
safe-outputs.mark-pull-request-as-ready-for-review.github-app.permissions.workflows,1,0,False,False
safe-outputs.mark-pull-request-as-ready-for-review.github-app.private-key,1,0,False,False
safe-outputs.mark-pull-request-as-ready-for-review.github-app.repositories,1,0,False,False
safe-outputs.mark-pull-request-as-ready-for-review.github-token,1,0,False,False
safe-outputs.mark-pull-request-as-ready-for-review.max,1,0,False,False
safe-outputs.mark-pull-request-as-ready-for-review.required-labels,1,0,False,False
safe-outputs.mark-pull-request-as-ready-for-review.required-title-prefix,1,0,False,False
safe-outputs.mark-pull-request-as-ready-for-review.samples,1,0,False,False
safe-outputs.mark-pull-request-as-ready-for-review.staged,1,0,False,False
safe-outputs.mark-pull-request-as-ready-for-review.target,1,0,False,False
safe-outputs.mark-pull-request-as-ready-for-review.target-repo,1,0,False,False
safe-outputs.mark-pull-request-as-ready-for-review.title-prefix,1,0,False,False
safe-outputs.max-bot-mentions,1,0,False,False
safe-outputs.max-patch-files,1,1,False,False
safe-outputs.max-patch-size,1,1,False,False
safe-outputs.mentions,1,0,False,False
safe-outputs.mentions.allow-context,1,1,False,False
safe-outputs.mentions.allow-team-members,1,0,False,False
safe-outputs.mentions.allowed,1,0,False,False
safe-outputs.mentions.allowed-collaborators,1,1,False,False
safe-outputs.mentions.allowed-teams,1,0,False,False
safe-outputs.mentions.max,1,0,False,False
safe-outputs.merge-pull-request,1,0,False,False
safe-outputs.merge-pull-request.allowed-branches,1,0,False,False
safe-outputs.merge-pull-request.allowed-labels,1,0,False,False
safe-outputs.merge-pull-request.allowed-repos,1,0,False,False
safe-outputs.merge-pull-request.github-app,1,0,False,False
safe-outputs.merge-pull-request.github-app.app-id,1,0,False,False
safe-outputs.merge-pull-request.github-app.client-id,1,0,False,False
safe-outputs.merge-pull-request.github-app.ignore-if-missing,1,0,False,False
safe-outputs.merge-pull-request.github-app.owner,1,0,False,False
safe-outputs.merge-pull-request.github-app.permissions,1,0,False,False
safe-outputs.merge-pull-request.github-app.permissions.administration,1,0,False,False
safe-outputs.merge-pull-request.github-app.permissions.codespaces,1,0,False,False
safe-outputs.merge-pull-request.github-app.permissions.codespaces-lifecycle-admin,1,0,False,False
safe-outputs.merge-pull-request.github-app.permissions.codespaces-metadata,1,0,False,False
safe-outputs.merge-pull-request.github-app.permissions.email-addresses,1,0,False,False
safe-outputs.merge-pull-request.github-app.permissions.environments,1,0,False,False
safe-outputs.merge-pull-request.github-app.permissions.git-signing,1,0,False,False
safe-outputs.merge-pull-request.github-app.permissions.members,1,0,False,False
safe-outputs.merge-pull-request.github-app.permissions.organization-administration,1,0,False,False
safe-outputs.merge-pull-request.github-app.permissions.organization-announcement-banners,1,0,False,False
safe-outputs.merge-pull-request.github-app.permissions.organization-codespaces,1,0,False,False
safe-outputs.merge-pull-request.github-app.permissions.organization-copilot,1,0,False,False
safe-outputs.merge-pull-request.github-app.permissions.organization-custom-org-roles,1,0,False,False
safe-outputs.merge-pull-request.github-app.permissions.organization-custom-properties,1,0,False,False
safe-outputs.merge-pull-request.github-app.permissions.organization-custom-repository-roles,1,0,False,False
safe-outputs.merge-pull-request.github-app.permissions.organization-events,1,0,False,False
safe-outputs.merge-pull-request.github-app.permissions.organization-hooks,1,0,False,False
safe-outputs.merge-pull-request.github-app.permissions.organization-members,1,0,False,False
safe-outputs.merge-pull-request.github-app.permissions.organization-packages,1,0,False,False
safe-outputs.merge-pull-request.github-app.permissions.organization-personal-access-token-requests,1,0,False,False
safe-outputs.merge-pull-request.github-app.permissions.organization-personal-access-tokens,1,0,False,False
safe-outputs.merge-pull-request.github-app.permissions.organization-plan,1,0,False,False
safe-outputs.merge-pull-request.github-app.permissions.organization-self-hosted-runners,1,0,False,False
safe-outputs.merge-pull-request.github-app.permissions.organization-user-blocking,1,0,False,False
safe-outputs.merge-pull-request.github-app.permissions.repository-custom-properties,1,0,False,False
safe-outputs.merge-pull-request.github-app.permissions.repository-hooks,1,0,False,False
safe-outputs.merge-pull-request.github-app.permissions.secret-scanning-alerts,1,0,False,False
safe-outputs.merge-pull-request.github-app.permissions.single-file,1,0,False,False
safe-outputs.merge-pull-request.github-app.permissions.team-discussions,1,0,False,False
safe-outputs.merge-pull-request.github-app.permissions.vulnerability-alerts,1,0,False,False
safe-outputs.merge-pull-request.github-app.permissions.workflows,1,0,False,False
safe-outputs.merge-pull-request.github-app.private-key,1,0,False,False
safe-outputs.merge-pull-request.github-app.repositories,1,0,False,False
safe-outputs.merge-pull-request.github-token,1,0,False,False
safe-outputs.merge-pull-request.max,1,0,False,False
safe-outputs.merge-pull-request.required-labels,1,0,False,False
safe-outputs.merge-pull-request.required-title-prefix,1,0,False,False
safe-outputs.merge-pull-request.samples,1,0,False,False
safe-outputs.merge-pull-request.staged,1,0,False,False
safe-outputs.merge-pull-request.target,1,0,False,False
safe-outputs.merge-pull-request.target-repo,1,0,False,False
safe-outputs.messages,1,0,False,False
safe-outputs.messages.agent-failure-comment,1,0,False,False
safe-outputs.messages.agent-failure-issue,1,0,False,False
safe-outputs.messages.append-only-comments,1,1,False,False
safe-outputs.messages.body-header,1,0,False,False
safe-outputs.messages.commit-pushed,1,0,False,False
safe-outputs.messages.detection-failure,1,0,False,False
safe-outputs.messages.disclosure-header,1,0,False,False
safe-outputs.messages.footer,1,0,False,False
safe-outputs.messages.footer-install,1,0,False,False
safe-outputs.messages.footer-workflow-recompile,1,0,False,False
safe-outputs.messages.footer-workflow-recompile-comment,1,0,False,False
safe-outputs.messages.issue-created,1,0,False,False
safe-outputs.messages.pull-request-created,1,0,False,False
safe-outputs.messages.run-failure,1,0,False,False
safe-outputs.messages.run-started,1,0,False,False
safe-outputs.messages.run-success,1,0,False,False
safe-outputs.messages.staged-description,1,0,False,False
safe-outputs.messages.staged-title,1,0,False,False
safe-outputs.missing-data,1,0,False,False
safe-outputs.missing-data.create-issue,1,0,False,False
safe-outputs.missing-data.github-app,1,0,False,False
safe-outputs.missing-data.github-app.app-id,1,0,False,False
safe-outputs.missing-data.github-app.client-id,1,0,False,False
safe-outputs.missing-data.github-app.ignore-if-missing,1,0,False,False
safe-outputs.missing-data.github-app.owner,1,0,False,False
safe-outputs.missing-data.github-app.permissions,1,0,False,False
safe-outputs.missing-data.github-app.permissions.administration,1,0,False,False
safe-outputs.missing-data.github-app.permissions.codespaces,1,0,False,False
safe-outputs.missing-data.github-app.permissions.codespaces-lifecycle-admin,1,0,False,False
safe-outputs.missing-data.github-app.permissions.codespaces-metadata,1,0,False,False
safe-outputs.missing-data.github-app.permissions.email-addresses,1,0,False,False
safe-outputs.missing-data.github-app.permissions.environments,1,0,False,False
safe-outputs.missing-data.github-app.permissions.git-signing,1,0,False,False
safe-outputs.missing-data.github-app.permissions.members,1,0,False,False
safe-outputs.missing-data.github-app.permissions.organization-administration,1,0,False,False
safe-outputs.missing-data.github-app.permissions.organization-announcement-banners,1,0,False,False
safe-outputs.missing-data.github-app.permissions.organization-codespaces,1,0,False,False
safe-outputs.missing-data.github-app.permissions.organization-copilot,1,0,False,False
safe-outputs.missing-data.github-app.permissions.organization-custom-org-roles,1,0,False,False
safe-outputs.missing-data.github-app.permissions.organization-custom-properties,1,0,False,False
safe-outputs.missing-data.github-app.permissions.organization-custom-repository-roles,1,0,False,False
safe-outputs.missing-data.github-app.permissions.organization-events,1,0,False,False
safe-outputs.missing-data.github-app.permissions.organization-hooks,1,0,False,False
safe-outputs.missing-data.github-app.permissions.organization-members,1,0,False,False
safe-outputs.missing-data.github-app.permissions.organization-packages,1,0,False,False
safe-outputs.missing-data.github-app.permissions.organization-personal-access-token-requests,1,0,False,False
safe-outputs.missing-data.github-app.permissions.organization-personal-access-tokens,1,0,False,False
safe-outputs.missing-data.github-app.permissions.organization-plan,1,0,False,False
safe-outputs.missing-data.github-app.permissions.organization-self-hosted-runners,1,0,False,False
safe-outputs.missing-data.github-app.permissions.organization-user-blocking,1,0,False,False
safe-outputs.missing-data.github-app.permissions.repository-custom-properties,1,0,False,False
safe-outputs.missing-data.github-app.permissions.repository-hooks,1,0,False,False
safe-outputs.missing-data.github-app.permissions.secret-scanning-alerts,1,0,False,False
safe-outputs.missing-data.github-app.permissions.single-file,1,0,False,False
safe-outputs.missing-data.github-app.permissions.team-discussions,1,0,False,False
safe-outputs.missing-data.github-app.permissions.vulnerability-alerts,1,0,False,False
safe-outputs.missing-data.github-app.permissions.workflows,1,0,False,False
safe-outputs.missing-data.github-app.private-key,1,0,False,False
safe-outputs.missing-data.github-app.repositories,1,0,False,False
safe-outputs.missing-data.github-token,1,0,False,False
safe-outputs.missing-data.labels,1,1,False,False
safe-outputs.missing-data.max,1,0,False,False
safe-outputs.missing-data.samples,1,0,False,False
safe-outputs.missing-data.staged,1,0,False,False
safe-outputs.missing-data.title-prefix,1,1,False,False
safe-outputs.missing-tool,1,0,False,False
safe-outputs.missing-tool.create-issue,1,0,False,False
safe-outputs.missing-tool.github-app,1,0,False,False
safe-outputs.missing-tool.github-app.app-id,1,0,False,False
safe-outputs.missing-tool.github-app.client-id,1,0,False,False
safe-outputs.missing-tool.github-app.ignore-if-missing,1,0,False,False
safe-outputs.missing-tool.github-app.owner,1,0,False,False
safe-outputs.missing-tool.github-app.permissions,1,0,False,False
safe-outputs.missing-tool.github-app.permissions.administration,1,0,False,False
safe-outputs.missing-tool.github-app.permissions.codespaces,1,0,False,False
safe-outputs.missing-tool.github-app.permissions.codespaces-lifecycle-admin,1,0,False,False
safe-outputs.missing-tool.github-app.permissions.codespaces-metadata,1,0,False,False
safe-outputs.missing-tool.github-app.permissions.email-addresses,1,0,False,False
safe-outputs.missing-tool.github-app.permissions.environments,1,0,False,False
safe-outputs.missing-tool.github-app.permissions.git-signing,1,0,False,False
safe-outputs.missing-tool.github-app.permissions.members,1,0,False,False
safe-outputs.missing-tool.github-app.permissions.organization-administration,1,0,False,False
safe-outputs.missing-tool.github-app.permissions.organization-announcement-banners,1,0,False,False
safe-outputs.missing-tool.github-app.permissions.organization-codespaces,1,0,False,False
safe-outputs.missing-tool.github-app.permissions.organization-copilot,1,0,False,False
safe-outputs.missing-tool.github-app.permissions.organization-custom-org-roles,1,0,False,False
safe-outputs.missing-tool.github-app.permissions.organization-custom-properties,1,0,False,False
safe-outputs.missing-tool.github-app.permissions.organization-custom-repository-roles,1,0,False,False
safe-outputs.missing-tool.github-app.permissions.organization-events,1,0,False,False
safe-outputs.missing-tool.github-app.permissions.organization-hooks,1,0,False,False
safe-outputs.missing-tool.github-app.permissions.organization-members,1,0,False,False
safe-outputs.missing-tool.github-app.permissions.organization-packages,1,0,False,False
safe-outputs.missing-tool.github-app.permissions.organization-personal-access-token-requests,1,0,False,False
safe-outputs.missing-tool.github-app.permissions.organization-personal-access-tokens,1,0,False,False
safe-outputs.missing-tool.github-app.permissions.organization-plan,1,0,False,False
safe-outputs.missing-tool.github-app.permissions.organization-self-hosted-runners,1,0,False,False
safe-outputs.missing-tool.github-app.permissions.organization-user-blocking,1,0,False,False
safe-outputs.missing-tool.github-app.permissions.repository-custom-properties,1,0,False,False
safe-outputs.missing-tool.github-app.permissions.repository-hooks,1,0,False,False
safe-outputs.missing-tool.github-app.permissions.secret-scanning-alerts,1,0,False,False
safe-outputs.missing-tool.github-app.permissions.single-file,1,0,False,False
safe-outputs.missing-tool.github-app.permissions.team-discussions,1,0,False,False
safe-outputs.missing-tool.github-app.permissions.vulnerability-alerts,1,0,False,False
safe-outputs.missing-tool.github-app.permissions.workflows,1,0,False,False
safe-outputs.missing-tool.github-app.private-key,1,0,False,False
safe-outputs.missing-tool.github-app.repositories,1,0,False,False
safe-outputs.missing-tool.github-token,1,0,False,False
safe-outputs.missing-tool.labels,1,1,False,False
safe-outputs.missing-tool.max,1,0,False,False
safe-outputs.missing-tool.samples,1,0,False,False
safe-outputs.missing-tool.staged,1,0,False,False
safe-outputs.missing-tool.title-prefix,1,1,False,False
safe-outputs.needs,1,1,False,False
safe-outputs.noop,1,0,False,False
safe-outputs.noop.github-app,1,0,False,False
safe-outputs.noop.github-app.app-id,1,0,False,False
safe-outputs.noop.github-app.client-id,1,0,False,False
safe-outputs.noop.github-app.ignore-if-missing,1,0,False,False
safe-outputs.noop.github-app.owner,1,0,False,False
safe-outputs.noop.github-app.permissions,1,0,False,False
safe-outputs.noop.github-app.permissions.administration,1,0,False,False
safe-outputs.noop.github-app.permissions.codespaces,1,0,False,False
safe-outputs.noop.github-app.permissions.codespaces-lifecycle-admin,1,0,False,False
safe-outputs.noop.github-app.permissions.codespaces-metadata,1,0,False,False
safe-outputs.noop.github-app.permissions.email-addresses,1,0,False,False
safe-outputs.noop.github-app.permissions.environments,1,0,False,False
safe-outputs.noop.github-app.permissions.git-signing,1,0,False,False
safe-outputs.noop.github-app.permissions.members,1,0,False,False
safe-outputs.noop.github-app.permissions.organization-administration,1,0,False,False
safe-outputs.noop.github-app.permissions.organization-announcement-banners,1,0,False,False
safe-outputs.noop.github-app.permissions.organization-codespaces,1,0,False,False
safe-outputs.noop.github-app.permissions.organization-copilot,1,0,False,False
safe-outputs.noop.github-app.permissions.organization-custom-org-roles,1,0,False,False
safe-outputs.noop.github-app.permissions.organization-custom-properties,1,0,False,False
safe-outputs.noop.github-app.permissions.organization-custom-repository-roles,1,0,False,False
safe-outputs.noop.github-app.permissions.organization-events,1,0,False,False
safe-outputs.noop.github-app.permissions.organization-hooks,1,0,False,False
safe-outputs.noop.github-app.permissions.organization-members,1,0,False,False
safe-outputs.noop.github-app.permissions.organization-packages,1,0,False,False
safe-outputs.noop.github-app.permissions.organization-personal-access-token-requests,1,0,False,False
safe-outputs.noop.github-app.permissions.organization-personal-access-tokens,1,0,False,False
safe-outputs.noop.github-app.permissions.organization-plan,1,0,False,False
safe-outputs.noop.github-app.permissions.organization-self-hosted-runners,1,0,False,False
safe-outputs.noop.github-app.permissions.organization-user-blocking,1,0,False,False
safe-outputs.noop.github-app.permissions.repository-custom-properties,1,0,False,False
safe-outputs.noop.github-app.permissions.repository-hooks,1,0,False,False
safe-outputs.noop.github-app.permissions.secret-scanning-alerts,1,0,False,False
safe-outputs.noop.github-app.permissions.single-file,1,0,False,False
safe-outputs.noop.github-app.permissions.team-discussions,1,0,False,False
safe-outputs.noop.github-app.permissions.vulnerability-alerts,1,0,False,False
safe-outputs.noop.github-app.permissions.workflows,1,0,False,False
safe-outputs.noop.github-app.private-key,1,0,False,False
safe-outputs.noop.github-app.repositories,1,0,False,False
safe-outputs.noop.github-token,1,0,False,False
safe-outputs.noop.max,1,0,False,False
safe-outputs.noop.report-as-issue,1,1,False,False
safe-outputs.noop.samples,1,0,False,False
safe-outputs.noop.staged,1,0,False,False
safe-outputs.push-to-pull-request-branch,1,0,False,False
safe-outputs.push-to-pull-request-branch.allow-workflows,1,1,False,False
safe-outputs.push-to-pull-request-branch.allowed-files,1,0,False,False
safe-outputs.push-to-pull-request-branch.allowed-repos,1,0,False,False
safe-outputs.push-to-pull-request-branch.base-branch,1,0,False,False
safe-outputs.push-to-pull-request-branch.branch,1,0,False,False
safe-outputs.push-to-pull-request-branch.check-branch-protection,1,1,False,False
safe-outputs.push-to-pull-request-branch.commit-title-suffix,1,0,False,False
safe-outputs.push-to-pull-request-branch.excluded-files,1,0,False,False
safe-outputs.push-to-pull-request-branch.fallback-as-pull-request,1,1,False,False
safe-outputs.push-to-pull-request-branch.github-app,1,0,False,False
safe-outputs.push-to-pull-request-branch.github-app.app-id,1,0,False,False
safe-outputs.push-to-pull-request-branch.github-app.client-id,1,0,False,False
safe-outputs.push-to-pull-request-branch.github-app.ignore-if-missing,1,0,False,False
safe-outputs.push-to-pull-request-branch.github-app.owner,1,0,False,False
safe-outputs.push-to-pull-request-branch.github-app.permissions,1,0,False,False
safe-outputs.push-to-pull-request-branch.github-app.permissions.administration,1,0,False,False
safe-outputs.push-to-pull-request-branch.github-app.permissions.codespaces,1,0,False,False
safe-outputs.push-to-pull-request-branch.github-app.permissions.codespaces-lifecycle-admin,1,0,False,False
safe-outputs.push-to-pull-request-branch.github-app.permissions.codespaces-metadata,1,0,False,False
safe-outputs.push-to-pull-request-branch.github-app.permissions.email-addresses,1,0,False,False
safe-outputs.push-to-pull-request-branch.github-app.permissions.environments,1,0,False,False
safe-outputs.push-to-pull-request-branch.github-app.permissions.git-signing,1,0,False,False
safe-outputs.push-to-pull-request-branch.github-app.permissions.members,1,0,False,False
safe-outputs.push-to-pull-request-branch.github-app.permissions.organization-administration,1,0,False,False
safe-outputs.push-to-pull-request-branch.github-app.permissions.organization-announcement-banners,1,0,False,False
safe-outputs.push-to-pull-request-branch.github-app.permissions.organization-codespaces,1,0,False,False
safe-outputs.push-to-pull-request-branch.github-app.permissions.organization-copilot,1,0,False,False
safe-outputs.push-to-pull-request-branch.github-app.permissions.organization-custom-org-roles,1,0,False,False
safe-outputs.push-to-pull-request-branch.github-app.permissions.organization-custom-properties,1,0,False,False
safe-outputs.push-to-pull-request-branch.github-app.permissions.organization-custom-repository-roles,1,0,False,False
safe-outputs.push-to-pull-request-branch.github-app.permissions.organization-events,1,0,False,False
safe-outputs.push-to-pull-request-branch.github-app.permissions.organization-hooks,1,0,False,False
safe-outputs.push-to-pull-request-branch.github-app.permissions.organization-members,1,0,False,False
safe-outputs.push-to-pull-request-branch.github-app.permissions.organization-packages,1,0,False,False
safe-outputs.push-to-pull-request-branch.github-app.permissions.organization-personal-access-token-requests,1,0,False,False
safe-outputs.push-to-pull-request-branch.github-app.permissions.organization-personal-access-tokens,1,0,False,False
safe-outputs.push-to-pull-request-branch.github-app.permissions.organization-plan,1,0,False,False
safe-outputs.push-to-pull-request-branch.github-app.permissions.organization-self-hosted-runners,1,0,False,False
safe-outputs.push-to-pull-request-branch.github-app.permissions.organization-user-blocking,1,0,False,False
safe-outputs.push-to-pull-request-branch.github-app.permissions.repository-custom-properties,1,0,False,False
safe-outputs.push-to-pull-request-branch.github-app.permissions.repository-hooks,1,0,False,False
safe-outputs.push-to-pull-request-branch.github-app.permissions.secret-scanning-alerts,1,0,False,False
safe-outputs.push-to-pull-request-branch.github-app.permissions.single-file,1,0,False,False
safe-outputs.push-to-pull-request-branch.github-app.permissions.team-discussions,1,0,False,False
safe-outputs.push-to-pull-request-branch.github-app.permissions.vulnerability-alerts,1,0,False,False
safe-outputs.push-to-pull-request-branch.github-app.permissions.workflows,1,0,False,False
safe-outputs.push-to-pull-request-branch.github-app.private-key,1,0,False,False
safe-outputs.push-to-pull-request-branch.github-app.repositories,1,0,False,False
safe-outputs.push-to-pull-request-branch.github-token,1,0,False,False
safe-outputs.push-to-pull-request-branch.github-token-for-extra-empty-commit,1,0,False,False
safe-outputs.push-to-pull-request-branch.head-github-app,1,0,False,False
safe-outputs.push-to-pull-request-branch.head-github-app.app-id,1,0,False,False
safe-outputs.push-to-pull-request-branch.head-github-app.client-id,1,0,False,False
safe-outputs.push-to-pull-request-branch.head-github-app.ignore-if-missing,1,0,False,False
safe-outputs.push-to-pull-request-branch.head-github-app.owner,1,0,False,False
safe-outputs.push-to-pull-request-branch.head-github-app.permissions,1,0,False,False
safe-outputs.push-to-pull-request-branch.head-github-app.permissions.administration,1,0,False,False
safe-outputs.push-to-pull-request-branch.head-github-app.permissions.codespaces,1,0,False,False
safe-outputs.push-to-pull-request-branch.head-github-app.permissions.codespaces-lifecycle-admin,1,0,False,False
safe-outputs.push-to-pull-request-branch.head-github-app.permissions.codespaces-metadata,1,0,False,False
safe-outputs.push-to-pull-request-branch.head-github-app.permissions.email-addresses,1,0,False,False
safe-outputs.push-to-pull-request-branch.head-github-app.permissions.environments,1,0,False,False
safe-outputs.push-to-pull-request-branch.head-github-app.permissions.git-signing,1,0,False,False
safe-outputs.push-to-pull-request-branch.head-github-app.permissions.members,1,0,False,False
safe-outputs.push-to-pull-request-branch.head-github-app.permissions.organization-administration,1,0,False,False
safe-outputs.push-to-pull-request-branch.head-github-app.permissions.organization-announcement-banners,1,0,False,False
safe-outputs.push-to-pull-request-branch.head-github-app.permissions.organization-codespaces,1,0,False,False
safe-outputs.push-to-pull-request-branch.head-github-app.permissions.organization-copilot,1,0,False,False
safe-outputs.push-to-pull-request-branch.head-github-app.permissions.organization-custom-org-roles,1,0,False,False
safe-outputs.push-to-pull-request-branch.head-github-app.permissions.organization-custom-properties,1,0,False,False
safe-outputs.push-to-pull-request-branch.head-github-app.permissions.organization-custom-repository-roles,1,0,False,False
safe-outputs.push-to-pull-request-branch.head-github-app.permissions.organization-events,1,0,False,False
safe-outputs.push-to-pull-request-branch.head-github-app.permissions.organization-hooks,1,0,False,False
safe-outputs.push-to-pull-request-branch.head-github-app.permissions.organization-members,1,0,False,False
safe-outputs.push-to-pull-request-branch.head-github-app.permissions.organization-packages,1,0,False,False
safe-outputs.push-to-pull-request-branch.head-github-app.permissions.organization-personal-access-token-requests,1,0,False,False
safe-outputs.push-to-pull-request-branch.head-github-app.permissions.organization-personal-access-tokens,1,0,False,False
safe-outputs.push-to-pull-request-branch.head-github-app.permissions.organization-plan,1,0,False,False
safe-outputs.push-to-pull-request-branch.head-github-app.permissions.organization-self-hosted-runners,1,0,False,False
safe-outputs.push-to-pull-request-branch.head-github-app.permissions.organization-user-blocking,1,0,False,False
safe-outputs.push-to-pull-request-branch.head-github-app.permissions.repository-custom-properties,1,0,False,False
safe-outputs.push-to-pull-request-branch.head-github-app.permissions.repository-hooks,1,0,False,False
safe-outputs.push-to-pull-request-branch.head-github-app.permissions.secret-scanning-alerts,1,0,False,False
safe-outputs.push-to-pull-request-branch.head-github-app.permissions.single-file,1,0,False,False
safe-outputs.push-to-pull-request-branch.head-github-app.permissions.team-discussions,1,0,False,False
safe-outputs.push-to-pull-request-branch.head-github-app.permissions.vulnerability-alerts,1,0,False,False
safe-outputs.push-to-pull-request-branch.head-github-app.permissions.workflows,1,0,False,False
safe-outputs.push-to-pull-request-branch.head-github-app.private-key,1,0,False,False
safe-outputs.push-to-pull-request-branch.head-github-app.repositories,1,0,False,False
safe-outputs.push-to-pull-request-branch.head-github-token,1,0,False,False
safe-outputs.push-to-pull-request-branch.head-repo,1,0,False,False
safe-outputs.push-to-pull-request-branch.if-no-changes,1,0,False,False
safe-outputs.push-to-pull-request-branch.ignore-missing-branch-failure,1,1,False,False
safe-outputs.push-to-pull-request-branch.labels,1,0,False,False
safe-outputs.push-to-pull-request-branch.max,1,0,False,False
safe-outputs.push-to-pull-request-branch.max-patch-size,1,0,False,False
safe-outputs.push-to-pull-request-branch.patch-format,1,0,False,False
safe-outputs.push-to-pull-request-branch.protected-files,1,0,False,False
safe-outputs.push-to-pull-request-branch.protected-files.exclude,1,0,False,False
safe-outputs.push-to-pull-request-branch.protected-files.policy,1,0,False,False
safe-outputs.push-to-pull-request-branch.required-labels,1,0,False,False
safe-outputs.push-to-pull-request-branch.required-title-prefix,1,0,False,False
safe-outputs.push-to-pull-request-branch.samples,1,0,False,False
safe-outputs.push-to-pull-request-branch.signed-commits,1,1,False,False
safe-outputs.push-to-pull-request-branch.staged,1,0,False,False
safe-outputs.push-to-pull-request-branch.target,1,0,False,False
safe-outputs.push-to-pull-request-branch.target-repo,1,0,False,False
safe-outputs.push-to-pull-request-branch.title-prefix,1,0,False,False
safe-outputs.remove-labels,1,0,False,False
safe-outputs.remove-labels.allowed,1,0,False,False
safe-outputs.remove-labels.allowed-repos,1,0,False,False
safe-outputs.remove-labels.blocked,1,0,False,False
safe-outputs.remove-labels.github-app,1,0,False,False
safe-outputs.remove-labels.github-app.app-id,1,0,False,False
safe-outputs.remove-labels.github-app.client-id,1,0,False,False
safe-outputs.remove-labels.github-app.ignore-if-missing,1,0,False,False
safe-outputs.remove-labels.github-app.owner,1,0,False,False
safe-outputs.remove-labels.github-app.permissions,1,0,False,False
safe-outputs.remove-labels.github-app.permissions.administration,1,0,False,False
safe-outputs.remove-labels.github-app.permissions.codespaces,1,0,False,False
safe-outputs.remove-labels.github-app.permissions.codespaces-lifecycle-admin,1,0,False,False
safe-outputs.remove-labels.github-app.permissions.codespaces-metadata,1,0,False,False
safe-outputs.remove-labels.github-app.permissions.email-addresses,1,0,False,False
safe-outputs.remove-labels.github-app.permissions.environments,1,0,False,False
safe-outputs.remove-labels.github-app.permissions.git-signing,1,0,False,False
safe-outputs.remove-labels.github-app.permissions.members,1,0,False,False
safe-outputs.remove-labels.github-app.permissions.organization-administration,1,0,False,False
safe-outputs.remove-labels.github-app.permissions.organization-announcement-banners,1,0,False,False
safe-outputs.remove-labels.github-app.permissions.organization-codespaces,1,0,False,False
safe-outputs.remove-labels.github-app.permissions.organization-copilot,1,0,False,False
safe-outputs.remove-labels.github-app.permissions.organization-custom-org-roles,1,0,False,False
safe-outputs.remove-labels.github-app.permissions.organization-custom-properties,1,0,False,False
safe-outputs.remove-labels.github-app.permissions.organization-custom-repository-roles,1,0,False,False
safe-outputs.remove-labels.github-app.permissions.organization-events,1,0,False,False
safe-outputs.remove-labels.github-app.permissions.organization-hooks,1,0,False,False
safe-outputs.remove-labels.github-app.permissions.organization-members,1,0,False,False
safe-outputs.remove-labels.github-app.permissions.organization-packages,1,0,False,False
safe-outputs.remove-labels.github-app.permissions.organization-personal-access-token-requests,1,0,False,False
safe-outputs.remove-labels.github-app.permissions.organization-personal-access-tokens,1,0,False,False
safe-outputs.remove-labels.github-app.permissions.organization-plan,1,0,False,False
safe-outputs.remove-labels.github-app.permissions.organization-self-hosted-runners,1,0,False,False
safe-outputs.remove-labels.github-app.permissions.organization-user-blocking,1,0,False,False
safe-outputs.remove-labels.github-app.permissions.repository-custom-properties,1,0,False,False
safe-outputs.remove-labels.github-app.permissions.repository-hooks,1,0,False,False
safe-outputs.remove-labels.github-app.permissions.secret-scanning-alerts,1,0,False,False
safe-outputs.remove-labels.github-app.permissions.single-file,1,0,False,False
safe-outputs.remove-labels.github-app.permissions.team-discussions,1,0,False,False
safe-outputs.remove-labels.github-app.permissions.vulnerability-alerts,1,0,False,False
safe-outputs.remove-labels.github-app.permissions.workflows,1,0,False,False
safe-outputs.remove-labels.github-app.private-key,1,0,False,False
safe-outputs.remove-labels.github-app.repositories,1,0,False,False
safe-outputs.remove-labels.github-token,1,0,False,False
safe-outputs.remove-labels.issues,1,0,False,False
safe-outputs.remove-labels.max,1,0,False,False
safe-outputs.remove-labels.pull-requests,1,0,False,False
safe-outputs.remove-labels.required-labels,1,0,False,False
safe-outputs.remove-labels.required-title-prefix,1,0,False,False
safe-outputs.remove-labels.samples,1,0,False,False
safe-outputs.remove-labels.staged,1,0,False,False
safe-outputs.remove-labels.target,1,0,False,False
safe-outputs.remove-labels.target-repo,1,0,False,False
safe-outputs.replace-label,1,0,False,False
safe-outputs.replace-label.allowed-add,1,0,False,False
safe-outputs.replace-label.allowed-remove,1,0,False,False
safe-outputs.replace-label.allowed-repos,1,0,False,False
safe-outputs.replace-label.allowed-transitions,1,0,False,False
safe-outputs.replace-label.allowed-transitions[].from,1,0,False,False
safe-outputs.replace-label.allowed-transitions[].to,1,0,False,False
safe-outputs.replace-label.blocked,1,0,False,False
safe-outputs.replace-label.github-app,1,0,False,False
safe-outputs.replace-label.github-app.app-id,1,0,False,False
safe-outputs.replace-label.github-app.client-id,1,0,False,False
safe-outputs.replace-label.github-app.ignore-if-missing,1,0,False,False
safe-outputs.replace-label.github-app.owner,1,0,False,False
safe-outputs.replace-label.github-app.permissions,1,0,False,False
safe-outputs.replace-label.github-app.permissions.administration,1,0,False,False
safe-outputs.replace-label.github-app.permissions.codespaces,1,0,False,False
safe-outputs.replace-label.github-app.permissions.codespaces-lifecycle-admin,1,0,False,False
safe-outputs.replace-label.github-app.permissions.codespaces-metadata,1,0,False,False
safe-outputs.replace-label.github-app.permissions.email-addresses,1,0,False,False
safe-outputs.replace-label.github-app.permissions.environments,1,0,False,False
safe-outputs.replace-label.github-app.permissions.git-signing,1,0,False,False
safe-outputs.replace-label.github-app.permissions.members,1,0,False,False
safe-outputs.replace-label.github-app.permissions.organization-administration,1,0,False,False
safe-outputs.replace-label.github-app.permissions.organization-announcement-banners,1,0,False,False
safe-outputs.replace-label.github-app.permissions.organization-codespaces,1,0,False,False
safe-outputs.replace-label.github-app.permissions.organization-copilot,1,0,False,False
safe-outputs.replace-label.github-app.permissions.organization-custom-org-roles,1,0,False,False
safe-outputs.replace-label.github-app.permissions.organization-custom-properties,1,0,False,False
safe-outputs.replace-label.github-app.permissions.organization-custom-repository-roles,1,0,False,False
safe-outputs.replace-label.github-app.permissions.organization-events,1,0,False,False
safe-outputs.replace-label.github-app.permissions.organization-hooks,1,0,False,False
safe-outputs.replace-label.github-app.permissions.organization-members,1,0,False,False
safe-outputs.replace-label.github-app.permissions.organization-packages,1,0,False,False
safe-outputs.replace-label.github-app.permissions.organization-personal-access-token-requests,1,0,False,False
safe-outputs.replace-label.github-app.permissions.organization-personal-access-tokens,1,0,False,False
safe-outputs.replace-label.github-app.permissions.organization-plan,1,0,False,False
safe-outputs.replace-label.github-app.permissions.organization-self-hosted-runners,1,0,False,False
safe-outputs.replace-label.github-app.permissions.organization-user-blocking,1,0,False,False
safe-outputs.replace-label.github-app.permissions.repository-custom-properties,1,0,False,False
safe-outputs.replace-label.github-app.permissions.repository-hooks,1,0,False,False
safe-outputs.replace-label.github-app.permissions.secret-scanning-alerts,1,0,False,False
safe-outputs.replace-label.github-app.permissions.single-file,1,0,False,False
safe-outputs.replace-label.github-app.permissions.team-discussions,1,0,False,False
safe-outputs.replace-label.github-app.permissions.vulnerability-alerts,1,0,False,False
safe-outputs.replace-label.github-app.permissions.workflows,1,0,False,False
safe-outputs.replace-label.github-app.private-key,1,0,False,False
safe-outputs.replace-label.github-app.repositories,1,0,False,False
safe-outputs.replace-label.github-token,1,0,False,False
safe-outputs.replace-label.max,1,0,False,False
safe-outputs.replace-label.required-labels,1,0,False,False
safe-outputs.replace-label.required-title-prefix,1,0,False,False
safe-outputs.replace-label.samples,1,0,False,False
safe-outputs.replace-label.staged,1,0,False,False
safe-outputs.replace-label.target,1,0,False,False
safe-outputs.replace-label.target-repo,1,0,False,False
safe-outputs.reply-to-pull-request-review-comment,1,0,False,False
safe-outputs.reply-to-pull-request-review-comment.allowed-repos,1,0,False,False
safe-outputs.reply-to-pull-request-review-comment.footer,1,1,False,False
safe-outputs.reply-to-pull-request-review-comment.github-app,1,0,False,False
safe-outputs.reply-to-pull-request-review-comment.github-app.app-id,1,0,False,False
safe-outputs.reply-to-pull-request-review-comment.github-app.client-id,1,0,False,False
safe-outputs.reply-to-pull-request-review-comment.github-app.ignore-if-missing,1,0,False,False
safe-outputs.reply-to-pull-request-review-comment.github-app.owner,1,0,False,False
safe-outputs.reply-to-pull-request-review-comment.github-app.permissions,1,0,False,False
safe-outputs.reply-to-pull-request-review-comment.github-app.permissions.administration,1,0,False,False
safe-outputs.reply-to-pull-request-review-comment.github-app.permissions.codespaces,1,0,False,False
safe-outputs.reply-to-pull-request-review-comment.github-app.permissions.codespaces-lifecycle-admin,1,0,False,False
safe-outputs.reply-to-pull-request-review-comment.github-app.permissions.codespaces-metadata,1,0,False,False
safe-outputs.reply-to-pull-request-review-comment.github-app.permissions.email-addresses,1,0,False,False
safe-outputs.reply-to-pull-request-review-comment.github-app.permissions.environments,1,0,False,False
safe-outputs.reply-to-pull-request-review-comment.github-app.permissions.git-signing,1,0,False,False
safe-outputs.reply-to-pull-request-review-comment.github-app.permissions.members,1,0,False,False
safe-outputs.reply-to-pull-request-review-comment.github-app.permissions.organization-administration,1,0,False,False
safe-outputs.reply-to-pull-request-review-comment.github-app.permissions.organization-announcement-banners,1,0,False,False
safe-outputs.reply-to-pull-request-review-comment.github-app.permissions.organization-codespaces,1,0,False,False
safe-outputs.reply-to-pull-request-review-comment.github-app.permissions.organization-copilot,1,0,False,False
safe-outputs.reply-to-pull-request-review-comment.github-app.permissions.organization-custom-org-roles,1,0,False,False
safe-outputs.reply-to-pull-request-review-comment.github-app.permissions.organization-custom-properties,1,0,False,False
safe-outputs.reply-to-pull-request-review-comment.github-app.permissions.organization-custom-repository-roles,1,0,False,False
safe-outputs.reply-to-pull-request-review-comment.github-app.permissions.organization-events,1,0,False,False
safe-outputs.reply-to-pull-request-review-comment.github-app.permissions.organization-hooks,1,0,False,False
safe-outputs.reply-to-pull-request-review-comment.github-app.permissions.organization-members,1,0,False,False
safe-outputs.reply-to-pull-request-review-comment.github-app.permissions.organization-packages,1,0,False,False
safe-outputs.reply-to-pull-request-review-comment.github-app.permissions.organization-personal-access-token-requests,1,0,False,False
safe-outputs.reply-to-pull-request-review-comment.github-app.permissions.organization-personal-access-tokens,1,0,False,False
safe-outputs.reply-to-pull-request-review-comment.github-app.permissions.organization-plan,1,0,False,False
safe-outputs.reply-to-pull-request-review-comment.github-app.permissions.organization-self-hosted-runners,1,0,False,False
safe-outputs.reply-to-pull-request-review-comment.github-app.permissions.organization-user-blocking,1,0,False,False
safe-outputs.reply-to-pull-request-review-comment.github-app.permissions.repository-custom-properties,1,0,False,False
safe-outputs.reply-to-pull-request-review-comment.github-app.permissions.repository-hooks,1,0,False,False
safe-outputs.reply-to-pull-request-review-comment.github-app.permissions.secret-scanning-alerts,1,0,False,False
safe-outputs.reply-to-pull-request-review-comment.github-app.permissions.single-file,1,0,False,False
safe-outputs.reply-to-pull-request-review-comment.github-app.permissions.team-discussions,1,0,False,False
safe-outputs.reply-to-pull-request-review-comment.github-app.permissions.vulnerability-alerts,1,0,False,False
safe-outputs.reply-to-pull-request-review-comment.github-app.permissions.workflows,1,0,False,False
safe-outputs.reply-to-pull-request-review-comment.github-app.private-key,1,0,False,False
safe-outputs.reply-to-pull-request-review-comment.github-app.repositories,1,0,False,False
safe-outputs.reply-to-pull-request-review-comment.github-token,1,0,False,False
safe-outputs.reply-to-pull-request-review-comment.max,1,0,False,False
safe-outputs.reply-to-pull-request-review-comment.required-labels,1,0,False,False
safe-outputs.reply-to-pull-request-review-comment.required-title-prefix,1,0,False,False
safe-outputs.reply-to-pull-request-review-comment.samples,1,0,False,False
safe-outputs.reply-to-pull-request-review-comment.staged,1,0,False,False
safe-outputs.reply-to-pull-request-review-comment.target,1,0,False,False
safe-outputs.reply-to-pull-request-review-comment.target-repo,1,0,False,False
safe-outputs.report-failed-jobs,1,1,False,False
safe-outputs.report-failure-as-issue,1,1,False,False
safe-outputs.report-incomplete,1,0,False,False
safe-outputs.report-incomplete.create-issue,1,0,False,False
safe-outputs.report-incomplete.github-app,1,0,False,False
safe-outputs.report-incomplete.github-app.app-id,1,0,False,False
safe-outputs.report-incomplete.github-app.client-id,1,0,False,False
safe-outputs.report-incomplete.github-app.ignore-if-missing,1,0,False,False
safe-outputs.report-incomplete.github-app.owner,1,0,False,False
safe-outputs.report-incomplete.github-app.permissions,1,0,False,False
safe-outputs.report-incomplete.github-app.permissions.administration,1,0,False,False
safe-outputs.report-incomplete.github-app.permissions.codespaces,1,0,False,False
safe-outputs.report-incomplete.github-app.permissions.codespaces-lifecycle-admin,1,0,False,False
safe-outputs.report-incomplete.github-app.permissions.codespaces-metadata,1,0,False,False
safe-outputs.report-incomplete.github-app.permissions.email-addresses,1,0,False,False
safe-outputs.report-incomplete.github-app.permissions.environments,1,0,False,False
safe-outputs.report-incomplete.github-app.permissions.git-signing,1,0,False,False
safe-outputs.report-incomplete.github-app.permissions.members,1,0,False,False
safe-outputs.report-incomplete.github-app.permissions.organization-administration,1,0,False,False
safe-outputs.report-incomplete.github-app.permissions.organization-announcement-banners,1,0,False,False
safe-outputs.report-incomplete.github-app.permissions.organization-codespaces,1,0,False,False
safe-outputs.report-incomplete.github-app.permissions.organization-copilot,1,0,False,False
safe-outputs.report-incomplete.github-app.permissions.organization-custom-org-roles,1,0,False,False
safe-outputs.report-incomplete.github-app.permissions.organization-custom-properties,1,0,False,False
safe-outputs.report-incomplete.github-app.permissions.organization-custom-repository-roles,1,0,False,False
safe-outputs.report-incomplete.github-app.permissions.organization-events,1,0,False,False
safe-outputs.report-incomplete.github-app.permissions.organization-hooks,1,0,False,False
safe-outputs.report-incomplete.github-app.permissions.organization-members,1,0,False,False
safe-outputs.report-incomplete.github-app.permissions.organization-packages,1,0,False,False
safe-outputs.report-incomplete.github-app.permissions.organization-personal-access-token-requests,1,0,False,False
safe-outputs.report-incomplete.github-app.permissions.organization-personal-access-tokens,1,0,False,False
safe-outputs.report-incomplete.github-app.permissions.organization-plan,1,0,False,False
safe-outputs.report-incomplete.github-app.permissions.organization-self-hosted-runners,1,0,False,False
safe-outputs.report-incomplete.github-app.permissions.organization-user-blocking,1,0,False,False
safe-outputs.report-incomplete.github-app.permissions.repository-custom-properties,1,0,False,False
safe-outputs.report-incomplete.github-app.permissions.repository-hooks,1,0,False,False
safe-outputs.report-incomplete.github-app.permissions.secret-scanning-alerts,1,0,False,False
safe-outputs.report-incomplete.github-app.permissions.single-file,1,0,False,False
safe-outputs.report-incomplete.github-app.permissions.team-discussions,1,0,False,False
safe-outputs.report-incomplete.github-app.permissions.vulnerability-alerts,1,0,False,False
safe-outputs.report-incomplete.github-app.permissions.workflows,1,0,False,False
safe-outputs.report-incomplete.github-app.private-key,1,0,False,False
safe-outputs.report-incomplete.github-app.repositories,1,0,False,False
safe-outputs.report-incomplete.github-token,1,0,False,False
safe-outputs.report-incomplete.labels,1,1,False,False
safe-outputs.report-incomplete.max,1,0,False,False
safe-outputs.report-incomplete.samples,1,0,False,False
safe-outputs.report-incomplete.staged,1,0,False,False
safe-outputs.report-incomplete.title-prefix,1,1,False,False
safe-outputs.resolve-pull-request-review-thread,1,0,False,False
safe-outputs.resolve-pull-request-review-thread.allowed-repos,1,0,False,False
safe-outputs.resolve-pull-request-review-thread.github-app,1,0,False,False
safe-outputs.resolve-pull-request-review-thread.github-app.app-id,1,0,False,False
safe-outputs.resolve-pull-request-review-thread.github-app.client-id,1,0,False,False
safe-outputs.resolve-pull-request-review-thread.github-app.ignore-if-missing,1,0,False,False
safe-outputs.resolve-pull-request-review-thread.github-app.owner,1,0,False,False
safe-outputs.resolve-pull-request-review-thread.github-app.permissions,1,0,False,False
safe-outputs.resolve-pull-request-review-thread.github-app.permissions.administration,1,0,False,False
safe-outputs.resolve-pull-request-review-thread.github-app.permissions.codespaces,1,0,False,False
safe-outputs.resolve-pull-request-review-thread.github-app.permissions.codespaces-lifecycle-admin,1,0,False,False
safe-outputs.resolve-pull-request-review-thread.github-app.permissions.codespaces-metadata,1,0,False,False
safe-outputs.resolve-pull-request-review-thread.github-app.permissions.email-addresses,1,0,False,False
safe-outputs.resolve-pull-request-review-thread.github-app.permissions.environments,1,0,False,False
safe-outputs.resolve-pull-request-review-thread.github-app.permissions.git-signing,1,0,False,False
safe-outputs.resolve-pull-request-review-thread.github-app.permissions.members,1,0,False,False
safe-outputs.resolve-pull-request-review-thread.github-app.permissions.organization-administration,1,0,False,False
safe-outputs.resolve-pull-request-review-thread.github-app.permissions.organization-announcement-banners,1,0,False,False
safe-outputs.resolve-pull-request-review-thread.github-app.permissions.organization-codespaces,1,0,False,False
safe-outputs.resolve-pull-request-review-thread.github-app.permissions.organization-copilot,1,0,False,False
safe-outputs.resolve-pull-request-review-thread.github-app.permissions.organization-custom-org-roles,1,0,False,False
safe-outputs.resolve-pull-request-review-thread.github-app.permissions.organization-custom-properties,1,0,False,False
safe-outputs.resolve-pull-request-review-thread.github-app.permissions.organization-custom-repository-roles,1,0,False,False
safe-outputs.resolve-pull-request-review-thread.github-app.permissions.organization-events,1,0,False,False
safe-outputs.resolve-pull-request-review-thread.github-app.permissions.organization-hooks,1,0,False,False
safe-outputs.resolve-pull-request-review-thread.github-app.permissions.organization-members,1,0,False,False
safe-outputs.resolve-pull-request-review-thread.github-app.permissions.organization-packages,1,0,False,False
safe-outputs.resolve-pull-request-review-thread.github-app.permissions.organization-personal-access-token-requests,1,0,False,False
safe-outputs.resolve-pull-request-review-thread.github-app.permissions.organization-personal-access-tokens,1,0,False,False
safe-outputs.resolve-pull-request-review-thread.github-app.permissions.organization-plan,1,0,False,False
safe-outputs.resolve-pull-request-review-thread.github-app.permissions.organization-self-hosted-runners,1,0,False,False
safe-outputs.resolve-pull-request-review-thread.github-app.permissions.organization-user-blocking,1,0,False,False
safe-outputs.resolve-pull-request-review-thread.github-app.permissions.repository-custom-properties,1,0,False,False
safe-outputs.resolve-pull-request-review-thread.github-app.permissions.repository-hooks,1,0,False,False
safe-outputs.resolve-pull-request-review-thread.github-app.permissions.secret-scanning-alerts,1,0,False,False
safe-outputs.resolve-pull-request-review-thread.github-app.permissions.single-file,1,0,False,False
safe-outputs.resolve-pull-request-review-thread.github-app.permissions.team-discussions,1,0,False,False
safe-outputs.resolve-pull-request-review-thread.github-app.permissions.vulnerability-alerts,1,0,False,False
safe-outputs.resolve-pull-request-review-thread.github-app.permissions.workflows,1,0,False,False
safe-outputs.resolve-pull-request-review-thread.github-app.private-key,1,0,False,False
safe-outputs.resolve-pull-request-review-thread.github-app.repositories,1,0,False,False
safe-outputs.resolve-pull-request-review-thread.github-token,1,0,False,False
safe-outputs.resolve-pull-request-review-thread.max,1,0,False,False
safe-outputs.resolve-pull-request-review-thread.required-labels,1,0,False,False
safe-outputs.resolve-pull-request-review-thread.required-title-prefix,1,0,False,False
safe-outputs.resolve-pull-request-review-thread.samples,1,0,False,False
safe-outputs.resolve-pull-request-review-thread.staged,1,0,False,False
safe-outputs.resolve-pull-request-review-thread.target,1,0,False,False
safe-outputs.resolve-pull-request-review-thread.target-repo,1,0,False,False
safe-outputs.runs-on,1,0,False,False
safe-outputs.runs-on.group,1,0,False,False
safe-outputs.runs-on.labels,1,0,False,False
safe-outputs.scripts,1,0,False,False
safe-outputs.scripts.*,1,0,False,False
safe-outputs.scripts.*.description,1,0,False,False
safe-outputs.scripts.*.inputs,1,0,False,False
safe-outputs.scripts.*.inputs.*,1,0,False,False
safe-outputs.scripts.*.inputs.*.default,1,0,False,False
safe-outputs.scripts.*.inputs.*.description,1,0,False,False
safe-outputs.scripts.*.inputs.*.required,1,1,False,False
safe-outputs.scripts.*.inputs.*.type,1,1,False,False
safe-outputs.scripts.*.name,1,0,False,False
safe-outputs.scripts.*.script,1,0,False,False
safe-outputs.set-issue-field,1,0,False,False
safe-outputs.set-issue-field.allowed-fields,1,0,False,False
safe-outputs.set-issue-field.allowed-repos,1,0,False,False
safe-outputs.set-issue-field.github-app,1,0,False,False
safe-outputs.set-issue-field.github-app.app-id,1,0,False,False
safe-outputs.set-issue-field.github-app.client-id,1,0,False,False
safe-outputs.set-issue-field.github-app.ignore-if-missing,1,0,False,False
safe-outputs.set-issue-field.github-app.owner,1,0,False,False
safe-outputs.set-issue-field.github-app.permissions,1,0,False,False
safe-outputs.set-issue-field.github-app.permissions.administration,1,0,False,False
safe-outputs.set-issue-field.github-app.permissions.codespaces,1,0,False,False
safe-outputs.set-issue-field.github-app.permissions.codespaces-lifecycle-admin,1,0,False,False
safe-outputs.set-issue-field.github-app.permissions.codespaces-metadata,1,0,False,False
safe-outputs.set-issue-field.github-app.permissions.email-addresses,1,0,False,False
safe-outputs.set-issue-field.github-app.permissions.environments,1,0,False,False
safe-outputs.set-issue-field.github-app.permissions.git-signing,1,0,False,False
safe-outputs.set-issue-field.github-app.permissions.members,1,0,False,False
safe-outputs.set-issue-field.github-app.permissions.organization-administration,1,0,False,False
safe-outputs.set-issue-field.github-app.permissions.organization-announcement-banners,1,0,False,False
safe-outputs.set-issue-field.github-app.permissions.organization-codespaces,1,0,False,False
safe-outputs.set-issue-field.github-app.permissions.organization-copilot,1,0,False,False
safe-outputs.set-issue-field.github-app.permissions.organization-custom-org-roles,1,0,False,False
safe-outputs.set-issue-field.github-app.permissions.organization-custom-properties,1,0,False,False
safe-outputs.set-issue-field.github-app.permissions.organization-custom-repository-roles,1,0,False,False
safe-outputs.set-issue-field.github-app.permissions.organization-events,1,0,False,False
safe-outputs.set-issue-field.github-app.permissions.organization-hooks,1,0,False,False
safe-outputs.set-issue-field.github-app.permissions.organization-members,1,0,False,False
safe-outputs.set-issue-field.github-app.permissions.organization-packages,1,0,False,False
safe-outputs.set-issue-field.github-app.permissions.organization-personal-access-token-requests,1,0,False,False
safe-outputs.set-issue-field.github-app.permissions.organization-personal-access-tokens,1,0,False,False
safe-outputs.set-issue-field.github-app.permissions.organization-plan,1,0,False,False
safe-outputs.set-issue-field.github-app.permissions.organization-self-hosted-runners,1,0,False,False
safe-outputs.set-issue-field.github-app.permissions.organization-user-blocking,1,0,False,False
safe-outputs.set-issue-field.github-app.permissions.repository-custom-properties,1,0,False,False
safe-outputs.set-issue-field.github-app.permissions.repository-hooks,1,0,False,False
safe-outputs.set-issue-field.github-app.permissions.secret-scanning-alerts,1,0,False,False
safe-outputs.set-issue-field.github-app.permissions.single-file,1,0,False,False
safe-outputs.set-issue-field.github-app.permissions.team-discussions,1,0,False,False
safe-outputs.set-issue-field.github-app.permissions.vulnerability-alerts,1,0,False,False
safe-outputs.set-issue-field.github-app.permissions.workflows,1,0,False,False
safe-outputs.set-issue-field.github-app.private-key,1,0,False,False
safe-outputs.set-issue-field.github-app.repositories,1,0,False,False
safe-outputs.set-issue-field.github-token,1,0,False,False
safe-outputs.set-issue-field.issue-intent,1,0,False,False
safe-outputs.set-issue-field.max,1,0,False,False
safe-outputs.set-issue-field.required-labels,1,0,False,False
safe-outputs.set-issue-field.required-title-prefix,1,0,False,False
safe-outputs.set-issue-field.samples,1,0,False,False
safe-outputs.set-issue-field.staged,1,0,False,False
safe-outputs.set-issue-field.target,1,0,False,False
safe-outputs.set-issue-field.target-repo,1,0,False,False
safe-outputs.set-issue-type,1,0,False,False
safe-outputs.set-issue-type.allowed,1,0,False,False
safe-outputs.set-issue-type.allowed-repos,1,0,False,False
safe-outputs.set-issue-type.github-app,1,0,False,False
safe-outputs.set-issue-type.github-app.app-id,1,0,False,False
safe-outputs.set-issue-type.github-app.client-id,1,0,False,False
safe-outputs.set-issue-type.github-app.ignore-if-missing,1,0,False,False
safe-outputs.set-issue-type.github-app.owner,1,0,False,False
safe-outputs.set-issue-type.github-app.permissions,1,0,False,False
safe-outputs.set-issue-type.github-app.permissions.administration,1,0,False,False
safe-outputs.set-issue-type.github-app.permissions.codespaces,1,0,False,False
safe-outputs.set-issue-type.github-app.permissions.codespaces-lifecycle-admin,1,0,False,False
safe-outputs.set-issue-type.github-app.permissions.codespaces-metadata,1,0,False,False
safe-outputs.set-issue-type.github-app.permissions.email-addresses,1,0,False,False
safe-outputs.set-issue-type.github-app.permissions.environments,1,0,False,False
safe-outputs.set-issue-type.github-app.permissions.git-signing,1,0,False,False
safe-outputs.set-issue-type.github-app.permissions.members,1,0,False,False
safe-outputs.set-issue-type.github-app.permissions.organization-administration,1,0,False,False
safe-outputs.set-issue-type.github-app.permissions.organization-announcement-banners,1,0,False,False
safe-outputs.set-issue-type.github-app.permissions.organization-codespaces,1,0,False,False
safe-outputs.set-issue-type.github-app.permissions.organization-copilot,1,0,False,False
safe-outputs.set-issue-type.github-app.permissions.organization-custom-org-roles,1,0,False,False
safe-outputs.set-issue-type.github-app.permissions.organization-custom-properties,1,0,False,False
safe-outputs.set-issue-type.github-app.permissions.organization-custom-repository-roles,1,0,False,False
safe-outputs.set-issue-type.github-app.permissions.organization-events,1,0,False,False
safe-outputs.set-issue-type.github-app.permissions.organization-hooks,1,0,False,False
safe-outputs.set-issue-type.github-app.permissions.organization-members,1,0,False,False
safe-outputs.set-issue-type.github-app.permissions.organization-packages,1,0,False,False
safe-outputs.set-issue-type.github-app.permissions.organization-personal-access-token-requests,1,0,False,False
safe-outputs.set-issue-type.github-app.permissions.organization-personal-access-tokens,1,0,False,False
safe-outputs.set-issue-type.github-app.permissions.organization-plan,1,0,False,False
safe-outputs.set-issue-type.github-app.permissions.organization-self-hosted-runners,1,0,False,False
safe-outputs.set-issue-type.github-app.permissions.organization-user-blocking,1,0,False,False
safe-outputs.set-issue-type.github-app.permissions.repository-custom-properties,1,0,False,False
safe-outputs.set-issue-type.github-app.permissions.repository-hooks,1,0,False,False
safe-outputs.set-issue-type.github-app.permissions.secret-scanning-alerts,1,0,False,False
safe-outputs.set-issue-type.github-app.permissions.single-file,1,0,False,False
safe-outputs.set-issue-type.github-app.permissions.team-discussions,1,0,False,False
safe-outputs.set-issue-type.github-app.permissions.vulnerability-alerts,1,0,False,False
safe-outputs.set-issue-type.github-app.permissions.workflows,1,0,False,False
safe-outputs.set-issue-type.github-app.private-key,1,0,False,False
safe-outputs.set-issue-type.github-app.repositories,1,0,False,False
safe-outputs.set-issue-type.github-token,1,0,False,False
safe-outputs.set-issue-type.head-github-token,1,0,False,False
safe-outputs.set-issue-type.issue-intent,1,0,False,False
safe-outputs.set-issue-type.max,1,0,False,False
safe-outputs.set-issue-type.required-labels,1,0,False,False
safe-outputs.set-issue-type.required-title-prefix,1,0,False,False
safe-outputs.set-issue-type.samples,1,0,False,False
safe-outputs.set-issue-type.staged,1,0,False,False
safe-outputs.set-issue-type.target,1,0,False,False
safe-outputs.set-issue-type.target-repo,1,0,False,False
safe-outputs.staged,1,0,False,False
safe-outputs.steer,1,1,False,False
safe-outputs.steps,1,0,False,False
safe-outputs.steps[].continue-on-error,1,0,False,False
safe-outputs.steps[].env,1,0,False,False
safe-outputs.steps[].env.*,1,0,False,False
safe-outputs.steps[].id,1,0,False,False
safe-outputs.steps[].if,1,0,False,False
safe-outputs.steps[].name,1,0,False,False
safe-outputs.steps[].run,1,0,False,False
safe-outputs.steps[].shell,1,0,False,False
safe-outputs.steps[].timeout-minutes,1,0,False,False
safe-outputs.steps[].uses,1,0,False,False
safe-outputs.steps[].with,1,0,False,False
safe-outputs.steps[].with.*,1,0,False,False
safe-outputs.steps[].with.*.*,1,0,False,False
safe-outputs.steps[].working-directory,1,0,False,False
safe-outputs.submit-pull-request-review,1,0,False,False
safe-outputs.submit-pull-request-review.allowed-events,1,0,False,False
safe-outputs.submit-pull-request-review.allowed-repos,1,0,False,False
safe-outputs.submit-pull-request-review.commit-id,1,0,False,False
safe-outputs.submit-pull-request-review.footer,1,0,False,False
safe-outputs.submit-pull-request-review.github-app,1,0,False,False
safe-outputs.submit-pull-request-review.github-app.app-id,1,0,False,False
safe-outputs.submit-pull-request-review.github-app.client-id,1,0,False,False
safe-outputs.submit-pull-request-review.github-app.ignore-if-missing,1,0,False,False
safe-outputs.submit-pull-request-review.github-app.owner,1,0,False,False
safe-outputs.submit-pull-request-review.github-app.permissions,1,0,False,False
safe-outputs.submit-pull-request-review.github-app.permissions.administration,1,0,False,False
safe-outputs.submit-pull-request-review.github-app.permissions.codespaces,1,0,False,False
safe-outputs.submit-pull-request-review.github-app.permissions.codespaces-lifecycle-admin,1,0,False,False
safe-outputs.submit-pull-request-review.github-app.permissions.codespaces-metadata,1,0,False,False
safe-outputs.submit-pull-request-review.github-app.permissions.email-addresses,1,0,False,False
safe-outputs.submit-pull-request-review.github-app.permissions.environments,1,0,False,False
safe-outputs.submit-pull-request-review.github-app.permissions.git-signing,1,0,False,False
safe-outputs.submit-pull-request-review.github-app.permissions.members,1,0,False,False
safe-outputs.submit-pull-request-review.github-app.permissions.organization-administration,1,0,False,False
safe-outputs.submit-pull-request-review.github-app.permissions.organization-announcement-banners,1,0,False,False
safe-outputs.submit-pull-request-review.github-app.permissions.organization-codespaces,1,0,False,False
safe-outputs.submit-pull-request-review.github-app.permissions.organization-copilot,1,0,False,False
safe-outputs.submit-pull-request-review.github-app.permissions.organization-custom-org-roles,1,0,False,False
safe-outputs.submit-pull-request-review.github-app.permissions.organization-custom-properties,1,0,False,False
safe-outputs.submit-pull-request-review.github-app.permissions.organization-custom-repository-roles,1,0,False,False
safe-outputs.submit-pull-request-review.github-app.permissions.organization-events,1,0,False,False
safe-outputs.submit-pull-request-review.github-app.permissions.organization-hooks,1,0,False,False
safe-outputs.submit-pull-request-review.github-app.permissions.organization-members,1,0,False,False
safe-outputs.submit-pull-request-review.github-app.permissions.organization-packages,1,0,False,False
safe-outputs.submit-pull-request-review.github-app.permissions.organization-personal-access-token-requests,1,0,False,False
safe-outputs.submit-pull-request-review.github-app.permissions.organization-personal-access-tokens,1,0,False,False
safe-outputs.submit-pull-request-review.github-app.permissions.organization-plan,1,0,False,False
safe-outputs.submit-pull-request-review.github-app.permissions.organization-self-hosted-runners,1,0,False,False
safe-outputs.submit-pull-request-review.github-app.permissions.organization-user-blocking,1,0,False,False
safe-outputs.submit-pull-request-review.github-app.permissions.repository-custom-properties,1,0,False,False
safe-outputs.submit-pull-request-review.github-app.permissions.repository-hooks,1,0,False,False
safe-outputs.submit-pull-request-review.github-app.permissions.secret-scanning-alerts,1,0,False,False
safe-outputs.submit-pull-request-review.github-app.permissions.single-file,1,0,False,False
safe-outputs.submit-pull-request-review.github-app.permissions.team-discussions,1,0,False,False
safe-outputs.submit-pull-request-review.github-app.permissions.vulnerability-alerts,1,0,False,False
safe-outputs.submit-pull-request-review.github-app.permissions.workflows,1,0,False,False
safe-outputs.submit-pull-request-review.github-app.private-key,1,0,False,False
safe-outputs.submit-pull-request-review.github-app.repositories,1,0,False,False
safe-outputs.submit-pull-request-review.github-token,1,0,False,False
safe-outputs.submit-pull-request-review.max,1,0,False,False
safe-outputs.submit-pull-request-review.required-labels,1,0,False,False
safe-outputs.submit-pull-request-review.required-title-prefix,1,0,False,False
safe-outputs.submit-pull-request-review.samples,1,0,False,False
safe-outputs.submit-pull-request-review.staged,1,0,False,False
safe-outputs.submit-pull-request-review.supersede-older-reviews,1,0,False,False
safe-outputs.submit-pull-request-review.target,1,0,False,False
safe-outputs.submit-pull-request-review.target-repo,1,0,False,False
safe-outputs.threat-detection,1,0,False,False
safe-outputs.threat-detection.artifact-base-url,1,0,False,False
safe-outputs.threat-detection.continue-on-error,1,0,False,False
safe-outputs.threat-detection.enabled,1,0,False,False
safe-outputs.threat-detection.engine,1,0,False,False
safe-outputs.threat-detection.engine-config,1,0,False,False
safe-outputs.threat-detection.engine-config.agent,1,0,False,False
safe-outputs.threat-detection.engine-config.api-target,1,0,False,False
safe-outputs.threat-detection.engine-config.args,1,0,False,False
safe-outputs.threat-detection.engine-config.auth,2,0,True,False
safe-outputs.threat-detection.engine-config.auth.audience,1,0,False,False
safe-outputs.threat-detection.engine-config.auth.azure-client-id,1,0,False,False
safe-outputs.threat-detection.engine-config.auth.azure-cloud,1,0,False,False
safe-outputs.threat-detection.engine-config.auth.azure-scope,1,0,False,False
safe-outputs.threat-detection.engine-config.auth.azure-tenant-id,1,0,False,False
safe-outputs.threat-detection.engine-config.auth.federation-rule-id,1,0,False,False
safe-outputs.threat-detection.engine-config.auth.location,1,0,False,False
safe-outputs.threat-detection.engine-config.auth.organization-id,1,0,False,False
safe-outputs.threat-detection.engine-config.auth.project,1,0,False,False
safe-outputs.threat-detection.engine-config.auth.provider,1,0,False,False
safe-outputs.threat-detection.engine-config.auth.service-account,1,0,False,False
safe-outputs.threat-detection.engine-config.auth.service-account-id,1,0,False,False
safe-outputs.threat-detection.engine-config.auth.type,1,0,False,False
safe-outputs.threat-detection.engine-config.auth.workload-identity-provider,1,0,False,False
safe-outputs.threat-detection.engine-config.auth.workspace-id,1,0,False,False
safe-outputs.threat-detection.engine-config.auth[].role,1,0,False,False
safe-outputs.threat-detection.engine-config.auth[].secret,1,0,False,False
safe-outputs.threat-detection.engine-config.bare,2,2,True,False
safe-outputs.threat-detection.engine-config.behaviors,1,0,False,False
safe-outputs.threat-detection.engine-config.behaviors.capabilities,1,0,False,False
safe-outputs.threat-detection.engine-config.behaviors.capabilities.bare-mode,1,0,False,False
safe-outputs.threat-detection.engine-config.behaviors.capabilities.bash-command-allowlist,1,0,False,False
safe-outputs.threat-detection.engine-config.behaviors.capabilities.max-continuations,1,0,False,False
safe-outputs.threat-detection.engine-config.behaviors.capabilities.max-turns,1,0,False,False
safe-outputs.threat-detection.engine-config.behaviors.capabilities.native-agent-file,1,0,False,False
safe-outputs.threat-detection.engine-config.behaviors.capabilities.tools-allowlist,1,0,False,False
safe-outputs.threat-detection.engine-config.behaviors.capabilities.web-search,1,0,False,False
safe-outputs.threat-detection.engine-config.behaviors.config-file,1,0,False,False
safe-outputs.threat-detection.engine-config.behaviors.config-file.content,1,0,False,False
safe-outputs.threat-detection.engine-config.behaviors.config-file.merge-strategy,1,0,False,False
safe-outputs.threat-detection.engine-config.behaviors.config-file.path,1,0,False,False
safe-outputs.threat-detection.engine-config.behaviors.config-file.step-name,1,0,False,False
safe-outputs.threat-detection.engine-config.behaviors.execution,1,0,False,False
safe-outputs.threat-detection.engine-config.behaviors.execution.args,1,0,False,False
safe-outputs.threat-detection.engine-config.behaviors.execution.command-name,1,0,False,False
safe-outputs.threat-detection.engine-config.behaviors.execution.env,1,0,False,False
safe-outputs.threat-detection.engine-config.behaviors.execution.env.*,1,0,False,False
safe-outputs.threat-detection.engine-config.behaviors.execution.mcp-config-env-var,1,0,False,False
safe-outputs.threat-detection.engine-config.behaviors.execution.mcp-config-flag,1,0,False,False
safe-outputs.threat-detection.engine-config.behaviors.execution.model-env-provider-prefix,1,0,False,False
safe-outputs.threat-detection.engine-config.behaviors.execution.model-env-var,1,0,False,False
safe-outputs.threat-detection.engine-config.behaviors.execution.model-flag,1,0,False,False
safe-outputs.threat-detection.engine-config.behaviors.execution.provider-env-mode,1,0,False,False
safe-outputs.threat-detection.engine-config.behaviors.execution.step-name,1,0,False,False
safe-outputs.threat-detection.engine-config.behaviors.execution.write-timestamp,1,0,False,False
safe-outputs.threat-detection.engine-config.behaviors.harness-script,1,0,False,False
safe-outputs.threat-detection.engine-config.behaviors.installation,1,0,False,False
safe-outputs.threat-detection.engine-config.behaviors.installation.binary-name,1,0,False,False
safe-outputs.threat-detection.engine-config.behaviors.installation.cooldown,1,0,False,False
safe-outputs.threat-detection.engine-config.behaviors.installation.docs-url,1,0,False,False
safe-outputs.threat-detection.engine-config.behaviors.installation.include-node-setup,1,0,False,False
safe-outputs.threat-detection.engine-config.behaviors.installation.package-manager,1,0,False,False
safe-outputs.threat-detection.engine-config.behaviors.installation.package-name,1,0,False,False
safe-outputs.threat-detection.engine-config.behaviors.installation.post-install-scripts,1,0,False,False
safe-outputs.threat-detection.engine-config.behaviors.installation.step-name,1,0,False,False
safe-outputs.threat-detection.engine-config.behaviors.installation.verify-command,1,0,False,False
safe-outputs.threat-detection.engine-config.behaviors.installation.verify-step-name,1,0,False,False
safe-outputs.threat-detection.engine-config.behaviors.installation.version,1,0,False,False
safe-outputs.threat-detection.engine-config.behaviors.log-parser,1,0,False,False
safe-outputs.threat-detection.engine-config.behaviors.manifest,1,0,False,False
safe-outputs.threat-detection.engine-config.behaviors.manifest.files,1,0,False,False
safe-outputs.threat-detection.engine-config.behaviors.manifest.path-prefixes,1,0,False,False
safe-outputs.threat-detection.engine-config.behaviors.mcp,1,0,False,False
safe-outputs.threat-detection.engine-config.behaviors.mcp.config-adapter,1,0,False,False
safe-outputs.threat-detection.engine-config.behaviors.mcp.config-path,1,0,False,False
safe-outputs.threat-detection.engine-config.behaviors.network,1,0,False,False
safe-outputs.threat-detection.engine-config.behaviors.network.default-provider,1,0,False,False
safe-outputs.threat-detection.engine-config.behaviors.network.defaults,1,0,False,False
safe-outputs.threat-detection.engine-config.behaviors.network.provider-domains,1,0,False,False
safe-outputs.threat-detection.engine-config.behaviors.network.provider-domains.*,1,0,False,False
safe-outputs.threat-detection.engine-config.behaviors.plugins,1,0,False,False
safe-outputs.threat-detection.engine-config.behaviors.plugins.command-name,1,0,False,False
safe-outputs.threat-detection.engine-config.behaviors.plugins.directory,1,0,False,False
safe-outputs.threat-detection.engine-config.behaviors.plugins.install-args,1,0,False,False
safe-outputs.threat-detection.engine-config.behaviors.secret-strategy,1,0,False,False
safe-outputs.threat-detection.engine-config.behaviors.supported-env-var-keys,1,0,False,False
safe-outputs.threat-detection.engine-config.command,1,0,False,False
safe-outputs.threat-detection.engine-config.concurrency,1,0,False,False
safe-outputs.threat-detection.engine-config.concurrency.cancel-in-progress,1,0,False,False
safe-outputs.threat-detection.engine-config.concurrency.group,1,0,False,False
safe-outputs.threat-detection.engine-config.concurrency.queue,1,0,False,False
safe-outputs.threat-detection.engine-config.config,1,0,False,False
safe-outputs.threat-detection.engine-config.context-window,1,0,False,False
safe-outputs.threat-detection.engine-config.copilot-sdk,1,0,False,False
safe-outputs.threat-detection.engine-config.cwd,1,0,False,False
safe-outputs.threat-detection.engine-config.description,1,0,False,False
safe-outputs.threat-detection.engine-config.detection-engine,1,0,False,False
safe-outputs.threat-detection.engine-config.display-name,1,0,False,False
safe-outputs.threat-detection.engine-config.driver,1,0,False,False
safe-outputs.threat-detection.engine-config.driver.go,1,0,False,False
safe-outputs.threat-detection.engine-config.driver.java,1,0,False,False
safe-outputs.threat-detection.engine-config.driver.node,1,0,False,False
safe-outputs.threat-detection.engine-config.driver.python,1,0,False,False
safe-outputs.threat-detection.engine-config.env,1,0,False,False
safe-outputs.threat-detection.engine-config.env.*,1,0,False,False
safe-outputs.threat-detection.engine-config.experimental,1,0,False,False
safe-outputs.threat-detection.engine-config.extensions,1,0,False,False
safe-outputs.threat-detection.engine-config.harness,1,0,False,False
safe-outputs.threat-detection.engine-config.harness.backoff-multiplier,1,0,False,False
safe-outputs.threat-detection.engine-config.harness.initial-delay-ms,1,0,False,False
safe-outputs.threat-detection.engine-config.harness.max-delay-ms,1,0,False,False
safe-outputs.threat-detection.engine-config.harness.max-retries,1,0,False,False
safe-outputs.threat-detection.engine-config.harness.use,1,0,False,False
safe-outputs.threat-detection.engine-config.harness.watchdog-timeout,1,0,False,False
safe-outputs.threat-detection.engine-config.id,2,0,True,False
safe-outputs.threat-detection.engine-config.max-continuations,1,0,False,False
safe-outputs.threat-detection.engine-config.max-turns,1,0,False,False
safe-outputs.threat-detection.engine-config.mcp,3,1,True,True
safe-outputs.threat-detection.engine-config.mcp.session-timeout,2,0,True,False
safe-outputs.threat-detection.engine-config.mcp.tool-timeout,2,0,False,False
safe-outputs.threat-detection.engine-config.model,2,0,True,False
safe-outputs.threat-detection.engine-config.model-provider,1,0,False,False
safe-outputs.threat-detection.engine-config.models,1,0,False,False
safe-outputs.threat-detection.engine-config.models.default,1,0,False,False
safe-outputs.threat-detection.engine-config.models.supported,1,0,False,False
safe-outputs.threat-detection.engine-config.options,1,0,False,False
safe-outputs.threat-detection.engine-config.permission-mode,1,0,False,False
safe-outputs.threat-detection.engine-config.provider,2,0,True,False
safe-outputs.threat-detection.engine-config.provider.auth,2,0,True,False
safe-outputs.threat-detection.engine-config.provider.auth.client-id,2,0,True,False
safe-outputs.threat-detection.engine-config.provider.auth.client-secret,2,0,True,False
safe-outputs.threat-detection.engine-config.provider.auth.header-name,2,0,True,False
safe-outputs.threat-detection.engine-config.provider.auth.secret,2,0,True,False
safe-outputs.threat-detection.engine-config.provider.auth.strategy,2,0,True,False
safe-outputs.threat-detection.engine-config.provider.auth.token-field,2,0,True,False
safe-outputs.threat-detection.engine-config.provider.auth.token-url,2,0,True,False
safe-outputs.threat-detection.engine-config.provider.id,1,0,False,False
safe-outputs.threat-detection.engine-config.provider.model,1,0,False,False
safe-outputs.threat-detection.engine-config.provider.name,1,0,False,False
safe-outputs.threat-detection.engine-config.provider.request,2,0,True,False
safe-outputs.threat-detection.engine-config.provider.request.body-inject,2,0,True,False
safe-outputs.threat-detection.engine-config.provider.request.body-inject.*,2,0,False,False
safe-outputs.threat-detection.engine-config.provider.request.path-template,2,0,True,False
safe-outputs.threat-detection.engine-config.provider.request.query,2,0,True,False
safe-outputs.threat-detection.engine-config.provider.request.query.*,2,0,False,False
safe-outputs.threat-detection.engine-config.runtime,1,0,False,False
safe-outputs.threat-detection.engine-config.runtime-id,1,0,False,False
safe-outputs.threat-detection.engine-config.runtime.id,1,0,False,False
safe-outputs.threat-detection.engine-config.runtime.version,1,0,False,False
safe-outputs.threat-detection.engine-config.user-agent,1,0,False,False
safe-outputs.threat-detection.engine-config.version,2,0,True,False
safe-outputs.threat-detection.engine-timeout,1,0,False,False
safe-outputs.threat-detection.engine.agent,1,0,False,False
safe-outputs.threat-detection.engine.api-target,1,0,False,False
safe-outputs.threat-detection.engine.args,1,0,False,False
safe-outputs.threat-detection.engine.auth,2,0,True,False
safe-outputs.threat-detection.engine.auth.audience,1,0,False,False
safe-outputs.threat-detection.engine.auth.azure-client-id,1,0,False,False
safe-outputs.threat-detection.engine.auth.azure-cloud,1,0,False,False
safe-outputs.threat-detection.engine.auth.azure-scope,1,0,False,False
safe-outputs.threat-detection.engine.auth.azure-tenant-id,1,0,False,False
safe-outputs.threat-detection.engine.auth.federation-rule-id,1,0,False,False
safe-outputs.threat-detection.engine.auth.location,1,0,False,False
safe-outputs.threat-detection.engine.auth.organization-id,1,0,False,False
safe-outputs.threat-detection.engine.auth.project,1,0,False,False
safe-outputs.threat-detection.engine.auth.provider,1,0,False,False
safe-outputs.threat-detection.engine.auth.service-account,1,0,False,False
safe-outputs.threat-detection.engine.auth.service-account-id,1,0,False,False
safe-outputs.threat-detection.engine.auth.type,1,0,False,False
safe-outputs.threat-detection.engine.auth.workload-identity-provider,1,0,False,False
safe-outputs.threat-detection.engine.auth.workspace-id,1,0,False,False
safe-outputs.threat-detection.engine.auth[].role,1,0,False,False
safe-outputs.threat-detection.engine.auth[].secret,1,0,False,False
safe-outputs.threat-detection.engine.bare,2,2,True,False
safe-outputs.threat-detection.engine.behaviors,1,0,False,False
safe-outputs.threat-detection.engine.behaviors.capabilities,1,0,False,False
safe-outputs.threat-detection.engine.behaviors.capabilities.bare-mode,1,0,False,False
safe-outputs.threat-detection.engine.behaviors.capabilities.bash-command-allowlist,1,0,False,False
safe-outputs.threat-detection.engine.behaviors.capabilities.max-continuations,1,0,False,False
safe-outputs.threat-detection.engine.behaviors.capabilities.max-turns,1,0,False,False
safe-outputs.threat-detection.engine.behaviors.capabilities.native-agent-file,1,0,False,False
safe-outputs.threat-detection.engine.behaviors.capabilities.tools-allowlist,1,0,False,False
safe-outputs.threat-detection.engine.behaviors.capabilities.web-search,1,0,False,False
safe-outputs.threat-detection.engine.behaviors.config-file,1,0,False,False
safe-outputs.threat-detection.engine.behaviors.config-file.content,1,0,False,False
safe-outputs.threat-detection.engine.behaviors.config-file.merge-strategy,1,0,False,False
safe-outputs.threat-detection.engine.behaviors.config-file.path,1,0,False,False
safe-outputs.threat-detection.engine.behaviors.config-file.step-name,1,0,False,False
safe-outputs.threat-detection.engine.behaviors.execution,1,0,False,False
safe-outputs.threat-detection.engine.behaviors.execution.args,1,0,False,False
safe-outputs.threat-detection.engine.behaviors.execution.command-name,1,0,False,False
safe-outputs.threat-detection.engine.behaviors.execution.env,1,0,False,False
safe-outputs.threat-detection.engine.behaviors.execution.env.*,1,0,False,False
safe-outputs.threat-detection.engine.behaviors.execution.mcp-config-env-var,1,0,False,False
safe-outputs.threat-detection.engine.behaviors.execution.mcp-config-flag,1,0,False,False
safe-outputs.threat-detection.engine.behaviors.execution.model-env-provider-prefix,1,0,False,False
safe-outputs.threat-detection.engine.behaviors.execution.model-env-var,1,0,False,False
safe-outputs.threat-detection.engine.behaviors.execution.model-flag,1,0,False,False
safe-outputs.threat-detection.engine.behaviors.execution.provider-env-mode,1,0,False,False
safe-outputs.threat-detection.engine.behaviors.execution.step-name,1,0,False,False
safe-outputs.threat-detection.engine.behaviors.execution.write-timestamp,1,0,False,False
safe-outputs.threat-detection.engine.behaviors.harness-script,1,0,False,False
safe-outputs.threat-detection.engine.behaviors.installation,1,0,False,False
safe-outputs.threat-detection.engine.behaviors.installation.binary-name,1,0,False,False
safe-outputs.threat-detection.engine.behaviors.installation.cooldown,1,0,False,False
safe-outputs.threat-detection.engine.behaviors.installation.docs-url,1,0,False,False
safe-outputs.threat-detection.engine.behaviors.installation.include-node-setup,1,0,False,False
safe-outputs.threat-detection.engine.behaviors.installation.package-manager,1,0,False,False
safe-outputs.threat-detection.engine.behaviors.installation.package-name,1,0,False,False
safe-outputs.threat-detection.engine.behaviors.installation.post-install-scripts,1,0,False,False
safe-outputs.threat-detection.engine.behaviors.installation.step-name,1,0,False,False
safe-outputs.threat-detection.engine.behaviors.installation.verify-command,1,0,False,False
safe-outputs.threat-detection.engine.behaviors.installation.verify-step-name,1,0,False,False
safe-outputs.threat-detection.engine.behaviors.installation.version,1,0,False,False
safe-outputs.threat-detection.engine.behaviors.log-parser,1,0,False,False
safe-outputs.threat-detection.engine.behaviors.manifest,1,0,False,False
safe-outputs.threat-detection.engine.behaviors.manifest.files,1,0,False,False
safe-outputs.threat-detection.engine.behaviors.manifest.path-prefixes,1,0,False,False
safe-outputs.threat-detection.engine.behaviors.mcp,1,0,False,False
safe-outputs.threat-detection.engine.behaviors.mcp.config-adapter,1,0,False,False
safe-outputs.threat-detection.engine.behaviors.mcp.config-path,1,0,False,False
safe-outputs.threat-detection.engine.behaviors.network,1,0,False,False
safe-outputs.threat-detection.engine.behaviors.network.default-provider,1,0,False,False
safe-outputs.threat-detection.engine.behaviors.network.defaults,1,0,False,False
safe-outputs.threat-detection.engine.behaviors.network.provider-domains,1,0,False,False
safe-outputs.threat-detection.engine.behaviors.network.provider-domains.*,1,0,False,False
safe-outputs.threat-detection.engine.behaviors.plugins,1,0,False,False
safe-outputs.threat-detection.engine.behaviors.plugins.command-name,1,0,False,False
safe-outputs.threat-detection.engine.behaviors.plugins.directory,1,0,False,False
safe-outputs.threat-detection.engine.behaviors.plugins.install-args,1,0,False,False
safe-outputs.threat-detection.engine.behaviors.secret-strategy,1,0,False,False
safe-outputs.threat-detection.engine.behaviors.supported-env-var-keys,1,0,False,False
safe-outputs.threat-detection.engine.command,1,0,False,False
safe-outputs.threat-detection.engine.concurrency,1,0,False,False
safe-outputs.threat-detection.engine.concurrency.cancel-in-progress,1,0,False,False
safe-outputs.threat-detection.engine.concurrency.group,1,0,False,False
safe-outputs.threat-detection.engine.concurrency.queue,1,0,False,False
safe-outputs.threat-detection.engine.config,1,0,False,False
safe-outputs.threat-detection.engine.context-window,1,0,False,False
safe-outputs.threat-detection.engine.copilot-sdk,1,0,False,False
safe-outputs.threat-detection.engine.cwd,1,0,False,False
safe-outputs.threat-detection.engine.description,1,0,False,False
safe-outputs.threat-detection.engine.detection-engine,1,0,False,False
safe-outputs.threat-detection.engine.display-name,1,0,False,False
safe-outputs.threat-detection.engine.driver,1,0,False,False
safe-outputs.threat-detection.engine.driver.go,1,0,False,False
safe-outputs.threat-detection.engine.driver.java,1,0,False,False
safe-outputs.threat-detection.engine.driver.node,1,0,False,False
safe-outputs.threat-detection.engine.driver.python,1,0,False,False
safe-outputs.threat-detection.engine.env,1,0,False,False
safe-outputs.threat-detection.engine.env.*,1,0,False,False
safe-outputs.threat-detection.engine.experimental,1,0,False,False
safe-outputs.threat-detection.engine.extensions,1,0,False,False
safe-outputs.threat-detection.engine.harness,1,0,False,False
safe-outputs.threat-detection.engine.harness.backoff-multiplier,1,0,False,False
safe-outputs.threat-detection.engine.harness.initial-delay-ms,1,0,False,False
safe-outputs.threat-detection.engine.harness.max-delay-ms,1,0,False,False
safe-outputs.threat-detection.engine.harness.max-retries,1,0,False,False
safe-outputs.threat-detection.engine.harness.use,1,0,False,False
safe-outputs.threat-detection.engine.harness.watchdog-timeout,1,0,False,False
safe-outputs.threat-detection.engine.id,2,0,True,False
safe-outputs.threat-detection.engine.max-continuations,1,0,False,False
safe-outputs.threat-detection.engine.max-turns,1,0,False,False
safe-outputs.threat-detection.engine.mcp,3,1,True,True
safe-outputs.threat-detection.engine.mcp.session-timeout,2,0,True,False
safe-outputs.threat-detection.engine.mcp.tool-timeout,2,0,False,False
safe-outputs.threat-detection.engine.model,2,0,True,False
safe-outputs.threat-detection.engine.model-provider,1,0,False,False
safe-outputs.threat-detection.engine.models,1,0,False,False
safe-outputs.threat-detection.engine.models.default,1,0,False,False
safe-outputs.threat-detection.engine.models.supported,1,0,False,False
safe-outputs.threat-detection.engine.options,1,0,False,False
safe-outputs.threat-detection.engine.permission-mode,1,0,False,False
safe-outputs.threat-detection.engine.provider,2,0,True,False
safe-outputs.threat-detection.engine.provider.auth,2,0,True,False
safe-outputs.threat-detection.engine.provider.auth.client-id,2,0,True,False
safe-outputs.threat-detection.engine.provider.auth.client-secret,2,0,True,False
safe-outputs.threat-detection.engine.provider.auth.header-name,2,0,True,False
safe-outputs.threat-detection.engine.provider.auth.secret,2,0,True,False
safe-outputs.threat-detection.engine.provider.auth.strategy,2,0,True,False
safe-outputs.threat-detection.engine.provider.auth.token-field,2,0,True,False
safe-outputs.threat-detection.engine.provider.auth.token-url,2,0,True,False
safe-outputs.threat-detection.engine.provider.id,1,0,False,False
safe-outputs.threat-detection.engine.provider.model,1,0,False,False
safe-outputs.threat-detection.engine.provider.name,1,0,False,False
safe-outputs.threat-detection.engine.provider.request,2,0,True,False
safe-outputs.threat-detection.engine.provider.request.body-inject,2,0,True,False
safe-outputs.threat-detection.engine.provider.request.body-inject.*,2,0,False,False
safe-outputs.threat-detection.engine.provider.request.path-template,2,0,True,False
safe-outputs.threat-detection.engine.provider.request.query,2,0,True,False
safe-outputs.threat-detection.engine.provider.request.query.*,2,0,False,False
safe-outputs.threat-detection.engine.runtime,1,0,False,False
safe-outputs.threat-detection.engine.runtime-id,1,0,False,False
safe-outputs.threat-detection.engine.runtime.id,1,0,False,False
safe-outputs.threat-detection.engine.runtime.version,1,0,False,False
safe-outputs.threat-detection.engine.user-agent,1,0,False,False
safe-outputs.threat-detection.engine.version,2,0,True,False
safe-outputs.threat-detection.environment,1,0,False,False
safe-outputs.threat-detection.max-ai-credits,1,0,False,False
safe-outputs.threat-detection.max-turns,1,0,False,False
safe-outputs.threat-detection.model,1,0,False,False
safe-outputs.threat-detection.post-steps,1,0,False,False
safe-outputs.threat-detection.post-steps[].continue-on-error,1,0,False,False
safe-outputs.threat-detection.post-steps[].env,1,0,False,False
safe-outputs.threat-detection.post-steps[].env.*,1,0,False,False
safe-outputs.threat-detection.post-steps[].id,1,0,False,False
safe-outputs.threat-detection.post-steps[].if,1,0,False,False
safe-outputs.threat-detection.post-steps[].name,1,0,False,False
safe-outputs.threat-detection.post-steps[].run,1,0,False,False
safe-outputs.threat-detection.post-steps[].shell,1,0,False,False
safe-outputs.threat-detection.post-steps[].timeout-minutes,1,0,False,False
safe-outputs.threat-detection.post-steps[].uses,1,0,False,False
safe-outputs.threat-detection.post-steps[].with,1,0,False,False
safe-outputs.threat-detection.post-steps[].with.*,1,0,False,False
safe-outputs.threat-detection.post-steps[].with.*.*,1,0,False,False
safe-outputs.threat-detection.post-steps[].working-directory,1,0,False,False
safe-outputs.threat-detection.prompt,1,0,False,False
safe-outputs.threat-detection.report-as-issue,1,1,False,False
safe-outputs.threat-detection.retries,1,0,False,False
safe-outputs.threat-detection.runs-on,1,0,False,False
safe-outputs.threat-detection.runs-on.group,1,0,False,False
safe-outputs.threat-detection.runs-on.labels,1,0,False,False
safe-outputs.threat-detection.steps,1,0,False,False
safe-outputs.threat-detection.steps[].continue-on-error,1,0,False,False
safe-outputs.threat-detection.steps[].env,1,0,False,False
safe-outputs.threat-detection.steps[].env.*,1,0,False,False
safe-outputs.threat-detection.steps[].id,1,0,False,False
safe-outputs.threat-detection.steps[].if,1,0,False,False
safe-outputs.threat-detection.steps[].name,1,0,False,False
safe-outputs.threat-detection.steps[].run,1,0,False,False
safe-outputs.threat-detection.steps[].shell,1,0,False,False
safe-outputs.threat-detection.steps[].timeout-minutes,1,0,False,False
safe-outputs.threat-detection.steps[].uses,1,0,False,False
safe-outputs.threat-detection.steps[].with,1,0,False,False
safe-outputs.threat-detection.steps[].with.*,1,0,False,False
safe-outputs.threat-detection.steps[].with.*.*,1,0,False,False
safe-outputs.threat-detection.steps[].working-directory,1,0,False,False
safe-outputs.timeout-minutes,1,0,False,False
safe-outputs.unassign-from-user,1,0,False,False
safe-outputs.unassign-from-user.allowed,1,0,False,False
safe-outputs.unassign-from-user.allowed-repos,1,0,False,False
safe-outputs.unassign-from-user.blocked,1,0,False,False
safe-outputs.unassign-from-user.github-app,1,0,False,False
safe-outputs.unassign-from-user.github-app.app-id,1,0,False,False
safe-outputs.unassign-from-user.github-app.client-id,1,0,False,False
safe-outputs.unassign-from-user.github-app.ignore-if-missing,1,0,False,False
safe-outputs.unassign-from-user.github-app.owner,1,0,False,False
safe-outputs.unassign-from-user.github-app.permissions,1,0,False,False
safe-outputs.unassign-from-user.github-app.permissions.administration,1,0,False,False
safe-outputs.unassign-from-user.github-app.permissions.codespaces,1,0,False,False
safe-outputs.unassign-from-user.github-app.permissions.codespaces-lifecycle-admin,1,0,False,False
safe-outputs.unassign-from-user.github-app.permissions.codespaces-metadata,1,0,False,False
safe-outputs.unassign-from-user.github-app.permissions.email-addresses,1,0,False,False
safe-outputs.unassign-from-user.github-app.permissions.environments,1,0,False,False
safe-outputs.unassign-from-user.github-app.permissions.git-signing,1,0,False,False
safe-outputs.unassign-from-user.github-app.permissions.members,1,0,False,False
safe-outputs.unassign-from-user.github-app.permissions.organization-administration,1,0,False,False
safe-outputs.unassign-from-user.github-app.permissions.organization-announcement-banners,1,0,False,False
safe-outputs.unassign-from-user.github-app.permissions.organization-codespaces,1,0,False,False
safe-outputs.unassign-from-user.github-app.permissions.organization-copilot,1,0,False,False
safe-outputs.unassign-from-user.github-app.permissions.organization-custom-org-roles,1,0,False,False
safe-outputs.unassign-from-user.github-app.permissions.organization-custom-properties,1,0,False,False
safe-outputs.unassign-from-user.github-app.permissions.organization-custom-repository-roles,1,0,False,False
safe-outputs.unassign-from-user.github-app.permissions.organization-events,1,0,False,False
safe-outputs.unassign-from-user.github-app.permissions.organization-hooks,1,0,False,False
safe-outputs.unassign-from-user.github-app.permissions.organization-members,1,0,False,False
safe-outputs.unassign-from-user.github-app.permissions.organization-packages,1,0,False,False
safe-outputs.unassign-from-user.github-app.permissions.organization-personal-access-token-requests,1,0,False,False
safe-outputs.unassign-from-user.github-app.permissions.organization-personal-access-tokens,1,0,False,False
safe-outputs.unassign-from-user.github-app.permissions.organization-plan,1,0,False,False
safe-outputs.unassign-from-user.github-app.permissions.organization-self-hosted-runners,1,0,False,False
safe-outputs.unassign-from-user.github-app.permissions.organization-user-blocking,1,0,False,False
safe-outputs.unassign-from-user.github-app.permissions.repository-custom-properties,1,0,False,False
safe-outputs.unassign-from-user.github-app.permissions.repository-hooks,1,0,False,False
safe-outputs.unassign-from-user.github-app.permissions.secret-scanning-alerts,1,0,False,False
safe-outputs.unassign-from-user.github-app.permissions.single-file,1,0,False,False
safe-outputs.unassign-from-user.github-app.permissions.team-discussions,1,0,False,False
safe-outputs.unassign-from-user.github-app.permissions.vulnerability-alerts,1,0,False,False
safe-outputs.unassign-from-user.github-app.permissions.workflows,1,0,False,False
safe-outputs.unassign-from-user.github-app.private-key,1,0,False,False
safe-outputs.unassign-from-user.github-app.repositories,1,0,False,False
safe-outputs.unassign-from-user.github-token,1,0,False,False
safe-outputs.unassign-from-user.max,1,0,False,False
safe-outputs.unassign-from-user.required-labels,1,0,False,False
safe-outputs.unassign-from-user.required-title-prefix,1,0,False,False
safe-outputs.unassign-from-user.samples,1,0,False,False
safe-outputs.unassign-from-user.staged,1,0,False,False
safe-outputs.unassign-from-user.target,1,0,False,False
safe-outputs.unassign-from-user.target-repo,1,0,False,False
safe-outputs.update-discussion,1,0,False,False
safe-outputs.update-discussion.allowed-labels,1,0,False,False
safe-outputs.update-discussion.allowed-repos,1,0,False,False
safe-outputs.update-discussion.body,1,0,False,False
safe-outputs.update-discussion.footer,1,1,False,False
safe-outputs.update-discussion.github-app,1,0,False,False
safe-outputs.update-discussion.github-app.app-id,1,0,False,False
safe-outputs.update-discussion.github-app.client-id,1,0,False,False
safe-outputs.update-discussion.github-app.ignore-if-missing,1,0,False,False
safe-outputs.update-discussion.github-app.owner,1,0,False,False
safe-outputs.update-discussion.github-app.permissions,1,0,False,False
safe-outputs.update-discussion.github-app.permissions.administration,1,0,False,False
safe-outputs.update-discussion.github-app.permissions.codespaces,1,0,False,False
safe-outputs.update-discussion.github-app.permissions.codespaces-lifecycle-admin,1,0,False,False
safe-outputs.update-discussion.github-app.permissions.codespaces-metadata,1,0,False,False
safe-outputs.update-discussion.github-app.permissions.email-addresses,1,0,False,False
safe-outputs.update-discussion.github-app.permissions.environments,1,0,False,False
safe-outputs.update-discussion.github-app.permissions.git-signing,1,0,False,False
safe-outputs.update-discussion.github-app.permissions.members,1,0,False,False
safe-outputs.update-discussion.github-app.permissions.organization-administration,1,0,False,False
safe-outputs.update-discussion.github-app.permissions.organization-announcement-banners,1,0,False,False
safe-outputs.update-discussion.github-app.permissions.organization-codespaces,1,0,False,False
safe-outputs.update-discussion.github-app.permissions.organization-copilot,1,0,False,False
safe-outputs.update-discussion.github-app.permissions.organization-custom-org-roles,1,0,False,False
safe-outputs.update-discussion.github-app.permissions.organization-custom-properties,1,0,False,False
safe-outputs.update-discussion.github-app.permissions.organization-custom-repository-roles,1,0,False,False
safe-outputs.update-discussion.github-app.permissions.organization-events,1,0,False,False
safe-outputs.update-discussion.github-app.permissions.organization-hooks,1,0,False,False
safe-outputs.update-discussion.github-app.permissions.organization-members,1,0,False,False
safe-outputs.update-discussion.github-app.permissions.organization-packages,1,0,False,False
safe-outputs.update-discussion.github-app.permissions.organization-personal-access-token-requests,1,0,False,False
safe-outputs.update-discussion.github-app.permissions.organization-personal-access-tokens,1,0,False,False
safe-outputs.update-discussion.github-app.permissions.organization-plan,1,0,False,False
safe-outputs.update-discussion.github-app.permissions.organization-self-hosted-runners,1,0,False,False
safe-outputs.update-discussion.github-app.permissions.organization-user-blocking,1,0,False,False
safe-outputs.update-discussion.github-app.permissions.repository-custom-properties,1,0,False,False
safe-outputs.update-discussion.github-app.permissions.repository-hooks,1,0,False,False
safe-outputs.update-discussion.github-app.permissions.secret-scanning-alerts,1,0,False,False
safe-outputs.update-discussion.github-app.permissions.single-file,1,0,False,False
safe-outputs.update-discussion.github-app.permissions.team-discussions,1,0,False,False
safe-outputs.update-discussion.github-app.permissions.vulnerability-alerts,1,0,False,False
safe-outputs.update-discussion.github-app.permissions.workflows,1,0,False,False
safe-outputs.update-discussion.github-app.private-key,1,0,False,False
safe-outputs.update-discussion.github-app.repositories,1,0,False,False
safe-outputs.update-discussion.github-token,1,0,False,False
safe-outputs.update-discussion.labels,1,0,False,False
safe-outputs.update-discussion.max,1,0,False,False
safe-outputs.update-discussion.samples,1,0,False,False
safe-outputs.update-discussion.staged,1,0,False,False
safe-outputs.update-discussion.target,1,0,False,False
safe-outputs.update-discussion.target-repo,1,0,False,False
safe-outputs.update-discussion.title,1,0,False,False
safe-outputs.update-issue,1,0,False,False
safe-outputs.update-issue.allowed-repos,1,0,False,False
safe-outputs.update-issue.body,1,1,False,False
safe-outputs.update-issue.footer,1,1,False,False
safe-outputs.update-issue.github-app,1,0,False,False
safe-outputs.update-issue.github-app.app-id,1,0,False,False
safe-outputs.update-issue.github-app.client-id,1,0,False,False
safe-outputs.update-issue.github-app.ignore-if-missing,1,0,False,False
safe-outputs.update-issue.github-app.owner,1,0,False,False
safe-outputs.update-issue.github-app.permissions,1,0,False,False
safe-outputs.update-issue.github-app.permissions.administration,1,0,False,False
safe-outputs.update-issue.github-app.permissions.codespaces,1,0,False,False
safe-outputs.update-issue.github-app.permissions.codespaces-lifecycle-admin,1,0,False,False
safe-outputs.update-issue.github-app.permissions.codespaces-metadata,1,0,False,False
safe-outputs.update-issue.github-app.permissions.email-addresses,1,0,False,False
safe-outputs.update-issue.github-app.permissions.environments,1,0,False,False
safe-outputs.update-issue.github-app.permissions.git-signing,1,0,False,False
safe-outputs.update-issue.github-app.permissions.members,1,0,False,False
safe-outputs.update-issue.github-app.permissions.organization-administration,1,0,False,False
safe-outputs.update-issue.github-app.permissions.organization-announcement-banners,1,0,False,False
safe-outputs.update-issue.github-app.permissions.organization-codespaces,1,0,False,False
safe-outputs.update-issue.github-app.permissions.organization-copilot,1,0,False,False
safe-outputs.update-issue.github-app.permissions.organization-custom-org-roles,1,0,False,False
safe-outputs.update-issue.github-app.permissions.organization-custom-properties,1,0,False,False
safe-outputs.update-issue.github-app.permissions.organization-custom-repository-roles,1,0,False,False
safe-outputs.update-issue.github-app.permissions.organization-events,1,0,False,False
safe-outputs.update-issue.github-app.permissions.organization-hooks,1,0,False,False
safe-outputs.update-issue.github-app.permissions.organization-members,1,0,False,False
safe-outputs.update-issue.github-app.permissions.organization-packages,1,0,False,False
safe-outputs.update-issue.github-app.permissions.organization-personal-access-token-requests,1,0,False,False
safe-outputs.update-issue.github-app.permissions.organization-personal-access-tokens,1,0,False,False
safe-outputs.update-issue.github-app.permissions.organization-plan,1,0,False,False
safe-outputs.update-issue.github-app.permissions.organization-self-hosted-runners,1,0,False,False
safe-outputs.update-issue.github-app.permissions.organization-user-blocking,1,0,False,False
safe-outputs.update-issue.github-app.permissions.repository-custom-properties,1,0,False,False
safe-outputs.update-issue.github-app.permissions.repository-hooks,1,0,False,False
safe-outputs.update-issue.github-app.permissions.secret-scanning-alerts,1,0,False,False
safe-outputs.update-issue.github-app.permissions.single-file,1,0,False,False
safe-outputs.update-issue.github-app.permissions.team-discussions,1,0,False,False
safe-outputs.update-issue.github-app.permissions.vulnerability-alerts,1,0,False,False
safe-outputs.update-issue.github-app.permissions.workflows,1,0,False,False
safe-outputs.update-issue.github-app.private-key,1,0,False,False
safe-outputs.update-issue.github-app.repositories,1,0,False,False
safe-outputs.update-issue.github-token,1,0,False,False
safe-outputs.update-issue.max,1,0,False,False
safe-outputs.update-issue.required-labels,1,0,False,False
safe-outputs.update-issue.required-title-prefix,1,0,False,False
safe-outputs.update-issue.samples,1,0,False,False
safe-outputs.update-issue.staged,1,0,False,False
safe-outputs.update-issue.status,1,0,False,False
safe-outputs.update-issue.target,1,0,False,False
safe-outputs.update-issue.target-repo,1,0,False,False
safe-outputs.update-issue.title,1,0,False,False
safe-outputs.update-issue.title-prefix,1,0,False,False
safe-outputs.update-project,1,0,False,False
safe-outputs.update-project.allowed-repos,1,0,False,False
safe-outputs.update-project.field-definitions,1,0,False,False
safe-outputs.update-project.field-definitions[].data-type,1,0,False,False
safe-outputs.update-project.field-definitions[].name,1,0,False,False
safe-outputs.update-project.field-definitions[].options,1,0,False,False
safe-outputs.update-project.github-app,1,0,False,False
safe-outputs.update-project.github-app.app-id,1,0,False,False
safe-outputs.update-project.github-app.client-id,1,0,False,False
safe-outputs.update-project.github-app.ignore-if-missing,1,0,False,False
safe-outputs.update-project.github-app.owner,1,0,False,False
safe-outputs.update-project.github-app.permissions,1,0,False,False
safe-outputs.update-project.github-app.permissions.administration,1,0,False,False
safe-outputs.update-project.github-app.permissions.codespaces,1,0,False,False
safe-outputs.update-project.github-app.permissions.codespaces-lifecycle-admin,1,0,False,False
safe-outputs.update-project.github-app.permissions.codespaces-metadata,1,0,False,False
safe-outputs.update-project.github-app.permissions.email-addresses,1,0,False,False
safe-outputs.update-project.github-app.permissions.environments,1,0,False,False
safe-outputs.update-project.github-app.permissions.git-signing,1,0,False,False
safe-outputs.update-project.github-app.permissions.members,1,0,False,False
safe-outputs.update-project.github-app.permissions.organization-administration,1,0,False,False
safe-outputs.update-project.github-app.permissions.organization-announcement-banners,1,0,False,False
safe-outputs.update-project.github-app.permissions.organization-codespaces,1,0,False,False
safe-outputs.update-project.github-app.permissions.organization-copilot,1,0,False,False
safe-outputs.update-project.github-app.permissions.organization-custom-org-roles,1,0,False,False
safe-outputs.update-project.github-app.permissions.organization-custom-properties,1,0,False,False
safe-outputs.update-project.github-app.permissions.organization-custom-repository-roles,1,0,False,False
safe-outputs.update-project.github-app.permissions.organization-events,1,0,False,False
safe-outputs.update-project.github-app.permissions.organization-hooks,1,0,False,False
safe-outputs.update-project.github-app.permissions.organization-members,1,0,False,False
safe-outputs.update-project.github-app.permissions.organization-packages,1,0,False,False
safe-outputs.update-project.github-app.permissions.organization-personal-access-token-requests,1,0,False,False
safe-outputs.update-project.github-app.permissions.organization-personal-access-tokens,1,0,False,False
safe-outputs.update-project.github-app.permissions.organization-plan,1,0,False,False
safe-outputs.update-project.github-app.permissions.organization-self-hosted-runners,1,0,False,False
safe-outputs.update-project.github-app.permissions.organization-user-blocking,1,0,False,False
safe-outputs.update-project.github-app.permissions.repository-custom-properties,1,0,False,False
safe-outputs.update-project.github-app.permissions.repository-hooks,1,0,False,False
safe-outputs.update-project.github-app.permissions.secret-scanning-alerts,1,0,False,False
safe-outputs.update-project.github-app.permissions.single-file,1,0,False,False
safe-outputs.update-project.github-app.permissions.team-discussions,1,0,False,False
safe-outputs.update-project.github-app.permissions.vulnerability-alerts,1,0,False,False
safe-outputs.update-project.github-app.permissions.workflows,1,0,False,False
safe-outputs.update-project.github-app.private-key,1,0,False,False
safe-outputs.update-project.github-app.repositories,1,0,False,False
safe-outputs.update-project.github-token,1,0,False,False
safe-outputs.update-project.max,1,0,False,False
safe-outputs.update-project.project,1,0,False,False
safe-outputs.update-project.samples,1,0,False,False
safe-outputs.update-project.staged,1,0,False,False
safe-outputs.update-project.target-repo,1,0,False,False
safe-outputs.update-project.views,1,0,False,False
safe-outputs.update-project.views[].description,1,0,False,False
safe-outputs.update-project.views[].filter,1,0,False,False
safe-outputs.update-project.views[].layout,1,0,False,False
safe-outputs.update-project.views[].name,1,0,False,False
safe-outputs.update-project.views[].visible-fields,1,0,False,False
safe-outputs.update-pull-request,1,0,False,False
safe-outputs.update-pull-request.allowed-repos,1,0,False,False
safe-outputs.update-pull-request.body,1,0,False,False
safe-outputs.update-pull-request.footer,1,1,False,False
safe-outputs.update-pull-request.github-app,1,0,False,False
safe-outputs.update-pull-request.github-app.app-id,1,0,False,False
safe-outputs.update-pull-request.github-app.client-id,1,0,False,False
safe-outputs.update-pull-request.github-app.ignore-if-missing,1,0,False,False
safe-outputs.update-pull-request.github-app.owner,1,0,False,False
safe-outputs.update-pull-request.github-app.permissions,1,0,False,False
safe-outputs.update-pull-request.github-app.permissions.administration,1,0,False,False
safe-outputs.update-pull-request.github-app.permissions.codespaces,1,0,False,False
safe-outputs.update-pull-request.github-app.permissions.codespaces-lifecycle-admin,1,0,False,False
safe-outputs.update-pull-request.github-app.permissions.codespaces-metadata,1,0,False,False
safe-outputs.update-pull-request.github-app.permissions.email-addresses,1,0,False,False
safe-outputs.update-pull-request.github-app.permissions.environments,1,0,False,False
safe-outputs.update-pull-request.github-app.permissions.git-signing,1,0,False,False
safe-outputs.update-pull-request.github-app.permissions.members,1,0,False,False
safe-outputs.update-pull-request.github-app.permissions.organization-administration,1,0,False,False
safe-outputs.update-pull-request.github-app.permissions.organization-announcement-banners,1,0,False,False
safe-outputs.update-pull-request.github-app.permissions.organization-codespaces,1,0,False,False
safe-outputs.update-pull-request.github-app.permissions.organization-copilot,1,0,False,False
safe-outputs.update-pull-request.github-app.permissions.organization-custom-org-roles,1,0,False,False
safe-outputs.update-pull-request.github-app.permissions.organization-custom-properties,1,0,False,False
safe-outputs.update-pull-request.github-app.permissions.organization-custom-repository-roles,1,0,False,False
safe-outputs.update-pull-request.github-app.permissions.organization-events,1,0,False,False
safe-outputs.update-pull-request.github-app.permissions.organization-hooks,1,0,False,False
safe-outputs.update-pull-request.github-app.permissions.organization-members,1,0,False,False
safe-outputs.update-pull-request.github-app.permissions.organization-packages,1,0,False,False
safe-outputs.update-pull-request.github-app.permissions.organization-personal-access-token-requests,1,0,False,False
safe-outputs.update-pull-request.github-app.permissions.organization-personal-access-tokens,1,0,False,False
safe-outputs.update-pull-request.github-app.permissions.organization-plan,1,0,False,False
safe-outputs.update-pull-request.github-app.permissions.organization-self-hosted-runners,1,0,False,False
safe-outputs.update-pull-request.github-app.permissions.organization-user-blocking,1,0,False,False
safe-outputs.update-pull-request.github-app.permissions.repository-custom-properties,1,0,False,False
safe-outputs.update-pull-request.github-app.permissions.repository-hooks,1,0,False,False
safe-outputs.update-pull-request.github-app.permissions.secret-scanning-alerts,1,0,False,False
safe-outputs.update-pull-request.github-app.permissions.single-file,1,0,False,False
safe-outputs.update-pull-request.github-app.permissions.team-discussions,1,0,False,False
safe-outputs.update-pull-request.github-app.permissions.vulnerability-alerts,1,0,False,False
safe-outputs.update-pull-request.github-app.permissions.workflows,1,0,False,False
safe-outputs.update-pull-request.github-app.private-key,1,0,False,False
safe-outputs.update-pull-request.github-app.repositories,1,0,False,False
safe-outputs.update-pull-request.github-token,1,0,False,False
safe-outputs.update-pull-request.max,1,0,False,False
safe-outputs.update-pull-request.operation,1,0,False,False
safe-outputs.update-pull-request.required-labels,1,0,False,False
safe-outputs.update-pull-request.required-title-prefix,1,0,False,False
safe-outputs.update-pull-request.samples,1,0,False,False
safe-outputs.update-pull-request.staged,1,0,False,False
safe-outputs.update-pull-request.sync-stack,1,0,False,False
safe-outputs.update-pull-request.target,1,0,False,False
safe-outputs.update-pull-request.target-repo,1,0,False,False
safe-outputs.update-pull-request.title,1,0,False,False
safe-outputs.update-pull-request.update-branch,1,0,False,False
safe-outputs.update-release,1,0,False,False
safe-outputs.update-release.footer,1,1,False,False
safe-outputs.update-release.max,1,0,False,False
safe-outputs.update-release.samples,1,0,False,False
safe-outputs.update-release.staged,1,0,False,False
safe-outputs.update-release.target-repo,1,0,False,False
safe-outputs.upload-artifact,1,0,False,False
safe-outputs.upload-artifact.allowed-paths,1,0,False,False
safe-outputs.upload-artifact.defaults,1,0,False,False
safe-outputs.upload-artifact.defaults.if-no-files,1,1,False,False
safe-outputs.upload-artifact.filters,1,0,False,False
safe-outputs.upload-artifact.filters.exclude,1,0,False,False
safe-outputs.upload-artifact.filters.include,1,0,False,False
safe-outputs.upload-artifact.github-app,1,0,False,False
safe-outputs.upload-artifact.github-app.app-id,1,0,False,False
safe-outputs.upload-artifact.github-app.client-id,1,0,False,False
safe-outputs.upload-artifact.github-app.ignore-if-missing,1,0,False,False
safe-outputs.upload-artifact.github-app.owner,1,0,False,False
safe-outputs.upload-artifact.github-app.permissions,1,0,False,False
safe-outputs.upload-artifact.github-app.permissions.administration,1,0,False,False
safe-outputs.upload-artifact.github-app.permissions.codespaces,1,0,False,False
safe-outputs.upload-artifact.github-app.permissions.codespaces-lifecycle-admin,1,0,False,False
safe-outputs.upload-artifact.github-app.permissions.codespaces-metadata,1,0,False,False
safe-outputs.upload-artifact.github-app.permissions.email-addresses,1,0,False,False
safe-outputs.upload-artifact.github-app.permissions.environments,1,0,False,False
safe-outputs.upload-artifact.github-app.permissions.git-signing,1,0,False,False
safe-outputs.upload-artifact.github-app.permissions.members,1,0,False,False
safe-outputs.upload-artifact.github-app.permissions.organization-administration,1,0,False,False
safe-outputs.upload-artifact.github-app.permissions.organization-announcement-banners,1,0,False,False
safe-outputs.upload-artifact.github-app.permissions.organization-codespaces,1,0,False,False
safe-outputs.upload-artifact.github-app.permissions.organization-copilot,1,0,False,False
safe-outputs.upload-artifact.github-app.permissions.organization-custom-org-roles,1,0,False,False
safe-outputs.upload-artifact.github-app.permissions.organization-custom-properties,1,0,False,False
safe-outputs.upload-artifact.github-app.permissions.organization-custom-repository-roles,1,0,False,False
safe-outputs.upload-artifact.github-app.permissions.organization-events,1,0,False,False
safe-outputs.upload-artifact.github-app.permissions.organization-hooks,1,0,False,False
safe-outputs.upload-artifact.github-app.permissions.organization-members,1,0,False,False
safe-outputs.upload-artifact.github-app.permissions.organization-packages,1,0,False,False
safe-outputs.upload-artifact.github-app.permissions.organization-personal-access-token-requests,1,0,False,False
safe-outputs.upload-artifact.github-app.permissions.organization-personal-access-tokens,1,0,False,False
safe-outputs.upload-artifact.github-app.permissions.organization-plan,1,0,False,False
safe-outputs.upload-artifact.github-app.permissions.organization-self-hosted-runners,1,0,False,False
safe-outputs.upload-artifact.github-app.permissions.organization-user-blocking,1,0,False,False
safe-outputs.upload-artifact.github-app.permissions.repository-custom-properties,1,0,False,False
safe-outputs.upload-artifact.github-app.permissions.repository-hooks,1,0,False,False
safe-outputs.upload-artifact.github-app.permissions.secret-scanning-alerts,1,0,False,False
safe-outputs.upload-artifact.github-app.permissions.single-file,1,0,False,False
safe-outputs.upload-artifact.github-app.permissions.team-discussions,1,0,False,False
safe-outputs.upload-artifact.github-app.permissions.vulnerability-alerts,1,0,False,False
safe-outputs.upload-artifact.github-app.permissions.workflows,1,0,False,False
safe-outputs.upload-artifact.github-app.private-key,1,0,False,False
safe-outputs.upload-artifact.github-app.repositories,1,0,False,False
safe-outputs.upload-artifact.github-token,1,0,False,False
safe-outputs.upload-artifact.max-size-bytes,1,1,False,False
safe-outputs.upload-artifact.max-uploads,1,1,False,False
safe-outputs.upload-artifact.retention-days,1,0,False,False
safe-outputs.upload-artifact.skip-archive,1,0,False,False
safe-outputs.upload-artifact.staged,1,0,False,False
safe-outputs.upload-asset,1,0,False,False
safe-outputs.upload-asset.allowed-exts,1,0,False,False
safe-outputs.upload-asset.branch,1,1,False,False
safe-outputs.upload-asset.github-app,1,0,False,False
safe-outputs.upload-asset.github-app.app-id,1,0,False,False
safe-outputs.upload-asset.github-app.client-id,1,0,False,False
safe-outputs.upload-asset.github-app.ignore-if-missing,1,0,False,False
safe-outputs.upload-asset.github-app.owner,1,0,False,False
safe-outputs.upload-asset.github-app.permissions,1,0,False,False
safe-outputs.upload-asset.github-app.permissions.administration,1,0,False,False
safe-outputs.upload-asset.github-app.permissions.codespaces,1,0,False,False
safe-outputs.upload-asset.github-app.permissions.codespaces-lifecycle-admin,1,0,False,False
safe-outputs.upload-asset.github-app.permissions.codespaces-metadata,1,0,False,False
safe-outputs.upload-asset.github-app.permissions.email-addresses,1,0,False,False
safe-outputs.upload-asset.github-app.permissions.environments,1,0,False,False
safe-outputs.upload-asset.github-app.permissions.git-signing,1,0,False,False
safe-outputs.upload-asset.github-app.permissions.members,1,0,False,False
safe-outputs.upload-asset.github-app.permissions.organization-administration,1,0,False,False
safe-outputs.upload-asset.github-app.permissions.organization-announcement-banners,1,0,False,False
safe-outputs.upload-asset.github-app.permissions.organization-codespaces,1,0,False,False
safe-outputs.upload-asset.github-app.permissions.organization-copilot,1,0,False,False
safe-outputs.upload-asset.github-app.permissions.organization-custom-org-roles,1,0,False,False
safe-outputs.upload-asset.github-app.permissions.organization-custom-properties,1,0,False,False
safe-outputs.upload-asset.github-app.permissions.organization-custom-repository-roles,1,0,False,False
safe-outputs.upload-asset.github-app.permissions.organization-events,1,0,False,False
safe-outputs.upload-asset.github-app.permissions.organization-hooks,1,0,False,False
safe-outputs.upload-asset.github-app.permissions.organization-members,1,0,False,False
safe-outputs.upload-asset.github-app.permissions.organization-packages,1,0,False,False
safe-outputs.upload-asset.github-app.permissions.organization-personal-access-token-requests,1,0,False,False
safe-outputs.upload-asset.github-app.permissions.organization-personal-access-tokens,1,0,False,False
safe-outputs.upload-asset.github-app.permissions.organization-plan,1,0,False,False
safe-outputs.upload-asset.github-app.permissions.organization-self-hosted-runners,1,0,False,False
safe-outputs.upload-asset.github-app.permissions.organization-user-blocking,1,0,False,False
safe-outputs.upload-asset.github-app.permissions.repository-custom-properties,1,0,False,False
safe-outputs.upload-asset.github-app.permissions.repository-hooks,1,0,False,False
safe-outputs.upload-asset.github-app.permissions.secret-scanning-alerts,1,0,False,False
safe-outputs.upload-asset.github-app.permissions.single-file,1,0,False,False
safe-outputs.upload-asset.github-app.permissions.team-discussions,1,0,False,False
safe-outputs.upload-asset.github-app.permissions.vulnerability-alerts,1,0,False,False
safe-outputs.upload-asset.github-app.permissions.workflows,1,0,False,False
safe-outputs.upload-asset.github-app.private-key,1,0,False,False
safe-outputs.upload-asset.github-app.repositories,1,0,False,False
safe-outputs.upload-asset.github-token,1,0,False,False
safe-outputs.upload-asset.max,1,0,False,False
safe-outputs.upload-asset.max-size,1,1,False,False
safe-outputs.upload-asset.samples,1,0,False,False
safe-outputs.upload-asset.staged,1,0,False,False
safe-outputs.upload-code-coverage,1,0,False,False
safe-outputs.upload-code-coverage.fail-on-error,1,1,False,False
safe-outputs.upload-code-coverage.github-app,1,0,False,False
safe-outputs.upload-code-coverage.github-app.app-id,1,0,False,False
safe-outputs.upload-code-coverage.github-app.client-id,1,0,False,False
safe-outputs.upload-code-coverage.github-app.ignore-if-missing,1,0,False,False
safe-outputs.upload-code-coverage.github-app.owner,1,0,False,False
safe-outputs.upload-code-coverage.github-app.permissions,1,0,False,False
safe-outputs.upload-code-coverage.github-app.permissions.administration,1,0,False,False
safe-outputs.upload-code-coverage.github-app.permissions.codespaces,1,0,False,False
safe-outputs.upload-code-coverage.github-app.permissions.codespaces-lifecycle-admin,1,0,False,False
safe-outputs.upload-code-coverage.github-app.permissions.codespaces-metadata,1,0,False,False
safe-outputs.upload-code-coverage.github-app.permissions.email-addresses,1,0,False,False
safe-outputs.upload-code-coverage.github-app.permissions.environments,1,0,False,False
safe-outputs.upload-code-coverage.github-app.permissions.git-signing,1,0,False,False
safe-outputs.upload-code-coverage.github-app.permissions.members,1,0,False,False
safe-outputs.upload-code-coverage.github-app.permissions.organization-administration,1,0,False,False
safe-outputs.upload-code-coverage.github-app.permissions.organization-announcement-banners,1,0,False,False
safe-outputs.upload-code-coverage.github-app.permissions.organization-codespaces,1,0,False,False
safe-outputs.upload-code-coverage.github-app.permissions.organization-copilot,1,0,False,False
safe-outputs.upload-code-coverage.github-app.permissions.organization-custom-org-roles,1,0,False,False
safe-outputs.upload-code-coverage.github-app.permissions.organization-custom-properties,1,0,False,False
safe-outputs.upload-code-coverage.github-app.permissions.organization-custom-repository-roles,1,0,False,False
safe-outputs.upload-code-coverage.github-app.permissions.organization-events,1,0,False,False
safe-outputs.upload-code-coverage.github-app.permissions.organization-hooks,1,0,False,False
safe-outputs.upload-code-coverage.github-app.permissions.organization-members,1,0,False,False
safe-outputs.upload-code-coverage.github-app.permissions.organization-packages,1,0,False,False
safe-outputs.upload-code-coverage.github-app.permissions.organization-personal-access-token-requests,1,0,False,False
safe-outputs.upload-code-coverage.github-app.permissions.organization-personal-access-tokens,1,0,False,False
safe-outputs.upload-code-coverage.github-app.permissions.organization-plan,1,0,False,False
safe-outputs.upload-code-coverage.github-app.permissions.organization-self-hosted-runners,1,0,False,False
safe-outputs.upload-code-coverage.github-app.permissions.organization-user-blocking,1,0,False,False
safe-outputs.upload-code-coverage.github-app.permissions.repository-custom-properties,1,0,False,False
safe-outputs.upload-code-coverage.github-app.permissions.repository-hooks,1,0,False,False
safe-outputs.upload-code-coverage.github-app.permissions.secret-scanning-alerts,1,0,False,False
safe-outputs.upload-code-coverage.github-app.permissions.single-file,1,0,False,False
safe-outputs.upload-code-coverage.github-app.permissions.team-discussions,1,0,False,False
safe-outputs.upload-code-coverage.github-app.permissions.vulnerability-alerts,1,0,False,False
safe-outputs.upload-code-coverage.github-app.permissions.workflows,1,0,False,False
safe-outputs.upload-code-coverage.github-app.private-key,1,0,False,False
safe-outputs.upload-code-coverage.github-app.repositories,1,0,False,False
safe-outputs.upload-code-coverage.github-token,1,0,False,False
safe-outputs.upload-code-coverage.max,1,0,False,False
safe-outputs.upload-code-coverage.samples,1,0,False,False
safe-outputs.upload-code-coverage.staged,1,0,False,False
safe-outputs.upload-code-coverage.wait-for-processing-timeout,1,1,False,False
safe-outputs.urls,1,0,False,False
sandbox,1,0,False,False
sandbox.agent,1,1,False,False
sandbox.agent.allow-host-ports,1,0,False,False
sandbox.agent.args,1,0,False,False
sandbox.agent.ca-cert,1,0,False,False
sandbox.agent.command,1,0,False,False
sandbox.agent.config,1,0,False,False
sandbox.agent.config.enableWeakerNestedSandbox,1,0,False,False
sandbox.agent.config.filesystem,1,0,False,False
sandbox.agent.config.filesystem.allowWrite,1,0,False,False
sandbox.agent.config.filesystem.denyRead,1,0,False,False
sandbox.agent.config.filesystem.denyWrite,1,0,False,False
sandbox.agent.config.ignoreViolations,1,0,False,False
sandbox.agent.config.ignoreViolations.*,1,0,False,False
sandbox.agent.env,1,0,False,False
sandbox.agent.env.*,1,0,False,False
sandbox.agent.id,1,0,False,False
sandbox.agent.images,1,0,False,False
sandbox.agent.images.agent,1,0,False,False
sandbox.agent.images.apiProxy,1,0,False,False
sandbox.agent.images.buildTools,1,0,False,False
sandbox.agent.images.cliProxy,1,0,False,False
sandbox.agent.images.dindStaging,1,0,False,False
sandbox.agent.images.dohProxy,1,0,False,False
sandbox.agent.images.enclaveAgent,1,0,False,False
sandbox.agent.images.enclaveMcpServer,1,0,False,False
sandbox.agent.images.enclaveScript,1,0,False,False
sandbox.agent.images.squid,1,0,False,False
sandbox.agent.memory,1,0,False,False
sandbox.agent.model-fallback,1,0,False,False
sandbox.agent.mounts,1,0,False,False
sandbox.agent.platform,1,0,False,False
sandbox.agent.runtime,1,1,False,False
sandbox.agent.targets,1,0,False,False
sandbox.agent.targets.anthropic,1,0,False,False
sandbox.agent.targets.anthropic.authHeader,1,0,False,False
sandbox.agent.targets.copilot,1,0,False,False
sandbox.agent.targets.copilot.authHeader,1,0,False,False
sandbox.agent.targets.copilot.extraBodyFields,1,0,False,False
sandbox.agent.targets.copilot.extraBodyFields.*,1,0,False,False
sandbox.agent.targets.copilot.extraHeaders,1,0,False,False
sandbox.agent.targets.copilot.extraHeaders.*,1,0,False,False
sandbox.agent.targets.copilot.sessionId,1,0,False,False
sandbox.agent.targets.openai,1,0,False,False
sandbox.agent.targets.openai.authHeader,1,0,False,False
sandbox.agent.token-steering,1,0,False,False
sandbox.agent.type,1,0,False,False
sandbox.agent.version,1,0,False,False
sandbox.config,1,0,False,False
sandbox.config.enableWeakerNestedSandbox,1,0,False,False
sandbox.config.filesystem,1,0,False,False
sandbox.config.filesystem.allowWrite,1,0,False,False
sandbox.config.filesystem.denyRead,1,0,False,False
sandbox.config.filesystem.denyWrite,1,0,False,False
sandbox.config.ignoreViolations,1,0,False,False
sandbox.config.ignoreViolations.*,1,0,False,False
sandbox.mcp,1,0,False,False
sandbox.mcp.agent-id,1,0,False,False
sandbox.mcp.args,1,0,False,False
sandbox.mcp.container,1,0,False,False
sandbox.mcp.domain,1,0,False,False
sandbox.mcp.entrypoint,1,0,False,False
sandbox.mcp.entrypointArgs,1,0,False,False
sandbox.mcp.env,1,0,False,False
sandbox.mcp.env.*,1,0,False,False
sandbox.mcp.keepalive-interval,1,0,False,False
sandbox.mcp.mounts,1,0,False,False
sandbox.mcp.port,1,1,False,False
sandbox.mcp.version,1,0,False,False
sandbox.type,1,0,False,False
secret-masking,1,0,False,False
secret-masking.steps,1,0,False,False
secret-masking.steps[].continue-on-error,1,0,False,False
secret-masking.steps[].env,1,0,False,False
secret-masking.steps[].env.*,1,0,False,False
secret-masking.steps[].id,1,0,False,False
secret-masking.steps[].if,1,0,False,False
secret-masking.steps[].name,1,0,False,False
secret-masking.steps[].run,1,0,False,False
secret-masking.steps[].shell,1,0,False,False
secret-masking.steps[].timeout-minutes,1,0,False,False
secret-masking.steps[].uses,1,0,False,False
secret-masking.steps[].with,1,0,False,False
secret-masking.steps[].with.*,1,0,False,False
secret-masking.steps[].with.*.*,1,0,False,False
secret-masking.steps[].working-directory,1,0,False,False
secrets,1,0,False,False
secrets.*,1,0,False,False
secrets.*.description,1,0,False,False
secrets.*.value,1,0,False,False
services,1,0,False,False
services.*,1,0,False,False
services.*.credentials,1,0,False,False
services.*.credentials.password,1,0,False,False
services.*.credentials.username,1,0,False,False
services.*.env,1,0,False,False
services.*.env.*,1,0,False,False
services.*.image,1,0,False,False
services.*.options,1,0,False,False
services.*.ports,1,0,False,False
services.*.volumes,1,0,False,False
skills,1,0,False,False
skills[].github-app,1,0,False,False
skills[].github-app.app-id,1,0,False,False
skills[].github-app.client-id,1,0,False,False
skills[].github-app.ignore-if-missing,1,0,False,False
skills[].github-app.owner,1,0,False,False
skills[].github-app.permissions,1,0,False,False
skills[].github-app.permissions.administration,1,0,False,False
skills[].github-app.permissions.codespaces,1,0,False,False
skills[].github-app.permissions.codespaces-lifecycle-admin,1,0,False,False
skills[].github-app.permissions.codespaces-metadata,1,0,False,False
skills[].github-app.permissions.email-addresses,1,0,False,False
skills[].github-app.permissions.environments,1,0,False,False
skills[].github-app.permissions.git-signing,1,0,False,False
skills[].github-app.permissions.members,1,0,False,False
skills[].github-app.permissions.organization-administration,1,0,False,False
skills[].github-app.permissions.organization-announcement-banners,1,0,False,False
skills[].github-app.permissions.organization-codespaces,1,0,False,False
skills[].github-app.permissions.organization-copilot,1,0,False,False
skills[].github-app.permissions.organization-custom-org-roles,1,0,False,False
skills[].github-app.permissions.organization-custom-properties,1,0,False,False
skills[].github-app.permissions.organization-custom-repository-roles,1,0,False,False
skills[].github-app.permissions.organization-events,1,0,False,False
skills[].github-app.permissions.organization-hooks,1,0,False,False
skills[].github-app.permissions.organization-members,1,0,False,False
skills[].github-app.permissions.organization-packages,1,0,False,False
skills[].github-app.permissions.organization-personal-access-token-requests,1,0,False,False
skills[].github-app.permissions.organization-personal-access-tokens,1,0,False,False
skills[].github-app.permissions.organization-plan,1,0,False,False
skills[].github-app.permissions.organization-self-hosted-runners,1,0,False,False
skills[].github-app.permissions.organization-user-blocking,1,0,False,False
skills[].github-app.permissions.repository-custom-properties,1,0,False,False
skills[].github-app.permissions.repository-hooks,1,0,False,False
skills[].github-app.permissions.secret-scanning-alerts,1,0,False,False
skills[].github-app.permissions.single-file,1,0,False,False
skills[].github-app.permissions.team-discussions,1,0,False,False
skills[].github-app.permissions.vulnerability-alerts,1,0,False,False
skills[].github-app.permissions.workflows,1,0,False,False
skills[].github-app.private-key,1,0,False,False
skills[].github-app.repositories,1,0,False,False
skills[].github-token,1,0,False,False
skills[].skill,1,0,False,False
source,1,0,False,False
steps,1,0,False,False
strict,1,1,False,False
threat-detection-suppress,1,0,False,False
threat-detection-suppress[].expires,1,0,False,False
threat-detection-suppress[].reason,1,0,False,False
threat-detection-suppress[].rule,1,0,False,False
timeout-minutes,1,0,False,False
tools,1,0,False,False
tools.agentic-workflows,1,0,False,False
tools.bash,1,0,False,False
tools.cache-memory,1,0,False,False
tools.cache-memory.allowed-extensions,1,0,False,False
tools.cache-memory.description,1,0,False,False
tools.cache-memory.key,1,0,False,False
tools.cache-memory.restore-only,1,0,False,False
tools.cache-memory.retention-days,1,0,False,False
tools.cache-memory.scope,1,1,False,False
tools.cache-memory.validation,1,0,False,False
tools.cache-memory.validation.script,1,0,False,False
tools.cache-memory.validation.timeout-minutes,1,1,False,False
tools.cache-memory[].allowed-extensions,1,0,False,False
tools.cache-memory[].description,1,0,False,False
tools.cache-memory[].id,1,0,False,False
tools.cache-memory[].key,1,0,False,False
tools.cache-memory[].restore-only,1,0,False,False
tools.cache-memory[].retention-days,1,0,False,False
tools.cache-memory[].scope,1,1,False,False
tools.cache-memory[].validation,1,0,False,False
tools.cache-memory[].validation.script,1,0,False,False
tools.cache-memory[].validation.timeout-minutes,1,1,False,False
tools.cli-proxy,1,0,False,False
tools.comment-memory,1,0,False,False
tools.comment-memory.allowed-repos,1,0,False,False
tools.comment-memory.footer,1,0,False,False
tools.comment-memory.github-token,1,0,False,False
tools.comment-memory.issue-intent,1,0,False,False
tools.comment-memory.max,1,0,False,False
tools.comment-memory.memory-id,1,0,False,False
tools.comment-memory.samples,1,0,False,False
tools.comment-memory.staged,1,0,False,False
tools.comment-memory.target,1,0,False,False
tools.comment-memory.target-repo,1,0,False,False
tools.drive-memory,1,0,False,False
tools.drive-memory.allowed-extensions,1,0,False,False
tools.drive-memory.description,1,0,False,False
tools.drive-memory.disk-size,1,0,False,False
tools.drive-memory.drive-name,1,0,False,False
tools.drive-memory.prefetch,1,0,False,False
tools.drive-memory.restore-only,1,0,False,False
tools.drive-memory.validation,1,0,False,False
tools.drive-memory.validation.script,1,0,False,False
tools.drive-memory.validation.timeout-minutes,1,1,False,False
tools.drive-memory[].allowed-extensions,1,0,False,False
tools.drive-memory[].description,1,0,False,False
tools.drive-memory[].disk-size,1,0,False,False
tools.drive-memory[].drive-name,1,0,False,False
tools.drive-memory[].id,1,0,False,False
tools.drive-memory[].prefetch,1,0,False,False
tools.drive-memory[].restore-only,1,0,False,False
tools.drive-memory[].validation,1,0,False,False
tools.drive-memory[].validation.script,1,0,False,False
tools.drive-memory[].validation.timeout-minutes,1,1,False,False
tools.edit,1,0,False,False
tools.github,1,0,False,False
tools.github.allowed,1,0,False,False
tools.github.allowed-repos,1,0,False,False
tools.github.allowed[].max-calls,1,0,False,False
tools.github.allowed[].name,1,0,False,False
tools.github.approval-labels,1,0,False,False
tools.github.args,1,0,False,False
tools.github.blocked-users,1,0,False,False
tools.github.disapproval-integrity,1,1,False,False
tools.github.disapproval-reactions,1,1,False,False
tools.github.endorsement-reactions,1,1,False,False
tools.github.endorser-min-integrity,1,1,False,False
tools.github.features,1,0,False,False
tools.github.github-app,1,0,False,False
tools.github.github-app.app-id,1,0,False,False
tools.github.github-app.client-id,1,0,False,False
tools.github.github-app.ignore-if-missing,1,0,False,False
tools.github.github-app.owner,1,0,False,False
tools.github.github-app.permissions,1,0,False,False
tools.github.github-app.permissions.administration,1,0,False,False
tools.github.github-app.permissions.codespaces,1,0,False,False
tools.github.github-app.permissions.codespaces-lifecycle-admin,1,0,False,False
tools.github.github-app.permissions.codespaces-metadata,1,0,False,False
tools.github.github-app.permissions.email-addresses,1,0,False,False
tools.github.github-app.permissions.environments,1,0,False,False
tools.github.github-app.permissions.git-signing,1,0,False,False
tools.github.github-app.permissions.members,1,0,False,False
tools.github.github-app.permissions.organization-administration,1,0,False,False
tools.github.github-app.permissions.organization-announcement-banners,1,0,False,False
tools.github.github-app.permissions.organization-codespaces,1,0,False,False
tools.github.github-app.permissions.organization-copilot,1,0,False,False
tools.github.github-app.permissions.organization-custom-org-roles,1,0,False,False
tools.github.github-app.permissions.organization-custom-properties,1,0,False,False
tools.github.github-app.permissions.organization-custom-repository-roles,1,0,False,False
tools.github.github-app.permissions.organization-events,1,0,False,False
tools.github.github-app.permissions.organization-hooks,1,0,False,False
tools.github.github-app.permissions.organization-members,1,0,False,False
tools.github.github-app.permissions.organization-packages,1,0,False,False
tools.github.github-app.permissions.organization-personal-access-token-requests,1,0,False,False
tools.github.github-app.permissions.organization-personal-access-tokens,1,0,False,False
tools.github.github-app.permissions.organization-plan,1,0,False,False
tools.github.github-app.permissions.organization-self-hosted-runners,1,0,False,False
tools.github.github-app.permissions.organization-user-blocking,1,0,False,False
tools.github.github-app.permissions.repository-custom-properties,1,0,False,False
tools.github.github-app.permissions.repository-hooks,1,0,False,False
tools.github.github-app.permissions.secret-scanning-alerts,1,0,False,False
tools.github.github-app.permissions.single-file,1,0,False,False
tools.github.github-app.permissions.team-discussions,1,0,False,False
tools.github.github-app.permissions.vulnerability-alerts,1,0,False,False
tools.github.github-app.permissions.workflows,1,0,False,False
tools.github.github-app.private-key,1,0,False,False
tools.github.github-app.repositories,1,0,False,False
tools.github.github-token,1,0,False,False
tools.github.integrity-proxy,1,1,False,False
tools.github.lockdown,1,1,False,False
tools.github.min-integrity,1,0,False,False
tools.github.mode,1,0,False,False
tools.github.mounts,1,0,False,False
tools.github.private-to-public-flows,1,0,False,False
tools.github.read-only,1,0,False,False
tools.github.repos,1,0,False,False
tools.github.toolsets,1,0,False,False
tools.github.trusted-users,1,0,False,False
tools.github.type,1,0,False,False
tools.github.version,1,0,False,False
tools.grep,1,0,False,False
tools.jira,1,0,False,False
tools.jira.allowed,1,0,False,False
tools.jira.auth,1,0,False,False
tools.jira.auth.email,1,0,False,False
tools.jira.auth.token,2,0,False,False
tools.jira.auth.type,2,0,False,False
tools.jira.url,1,1,False,False
tools.linear,1,0,False,False
tools.linear.allowed,1,0,False,False
tools.linear.required,1,1,False,False
tools.linear.token,1,0,False,False
tools.linear.toolsets,1,0,False,False
tools.playwright,1,0,False,False
tools.playwright.args,1,0,False,False
tools.playwright.browsers,1,0,False,False
tools.playwright.mode,1,0,False,False
tools.playwright.version,1,0,False,False
tools.repo-memory,1,0,False,False
tools.repo-memory.allowed-extensions,1,0,False,False
tools.repo-memory.branch-name,1,0,False,False
tools.repo-memory.branch-prefix,1,0,False,False
tools.repo-memory.create-orphan,1,0,False,False
tools.repo-memory.description,1,0,False,False
tools.repo-memory.file-glob,1,0,False,False
tools.repo-memory.format-json,1,0,False,False
tools.repo-memory.max-file-count,1,0,False,False
tools.repo-memory.max-file-size,1,0,False,False
tools.repo-memory.max-patch-size,1,0,False,False
tools.repo-memory.target-repo,1,0,False,False
tools.repo-memory.validation,1,0,False,False
tools.repo-memory.validation.script,1,0,False,False
tools.repo-memory.validation.timeout-minutes,1,1,False,False
tools.repo-memory.wiki,1,0,False,False
tools.repo-memory[].allowed-extensions,1,0,False,False
tools.repo-memory[].branch-name,1,0,False,False
tools.repo-memory[].branch-prefix,1,0,False,False
tools.repo-memory[].create-orphan,1,0,False,False
tools.repo-memory[].description,1,0,False,False
tools.repo-memory[].file-glob,1,0,False,False
tools.repo-memory[].format-json,1,0,False,False
tools.repo-memory[].id,1,0,False,False
tools.repo-memory[].max-file-count,1,0,False,False
tools.repo-memory[].max-file-size,1,0,False,False
tools.repo-memory[].max-patch-size,1,0,False,False
tools.repo-memory[].target-repo,1,0,False,False
tools.repo-memory[].validation,1,0,False,False
tools.repo-memory[].validation.script,1,0,False,False
tools.repo-memory[].validation.timeout-minutes,1,1,False,False
tools.repo-memory[].wiki,1,0,False,False
tools.serena,1,0,False,False
tools.startup-timeout,1,0,False,False
tools.timeout,1,0,False,False
tools.web-fetch,1,0,False,False
tools.web-search,1,0,False,False
tracker-id,1,0,False,False
user-rate-limit,1,0,False,False
user-rate-limit.events,1,0,False,False
user-rate-limit.ignored-roles,1,0,False,False
user-rate-limit.max-runs-per-window,1,0,False,False
user-rate-limit.window,1,1,False,False
