history_id,snapshot_id,repo_full_name,path,field,declared,value,estado,regla_id,otras_reglas,direccion,amplia,direccion_regla_id,direccion_otras_reglas
1,1,apache/cloudstack,.github/workflows/daily-issue-triage.md,strict,False,,implicito,,[],,,,
1,1,apache/cloudstack,.github/workflows/daily-issue-triage.md,tools.bash,False,,implicito,,[],,,,
1,1,apache/cloudstack,.github/workflows/daily-issue-triage.md,network,True,"""defaults""",explicito_igual_default,network_defaults,[],,,,
1,1,apache/cloudstack,.github/workflows/daily-issue-triage.md,permissions,True,"""read-all""",modificado,permissions_read_all,[],mas_permisivo,lectura,perm_read_all,[]
2,5,apache/cloudstack,.github/workflows/daily-repo-status.md,strict,False,,implicito,,[],,,,
2,5,apache/cloudstack,.github/workflows/daily-repo-status.md,tools.bash,False,,implicito,,[],,,,
2,5,apache/cloudstack,.github/workflows/daily-repo-status.md,network,True,"""defaults""",explicito_igual_default,network_defaults,[],,,,
2,5,apache/cloudstack,.github/workflows/daily-repo-status.md,permissions,True,"{""contents"": ""read"", ""issues"": ""read"", ""pull-requests"": ""read""}",modificado,permissions_resto,[],mas_permisivo,lectura,perm_lecturas_con_contents,[]
3,8,brunoborges/fx2048,.github/workflows/create-sample-issue.md,strict,False,,implicito,,[],,,,
3,8,brunoborges/fx2048,.github/workflows/create-sample-issue.md,tools.bash,False,,implicito,,[],,,,
3,8,brunoborges/fx2048,.github/workflows/create-sample-issue.md,network,False,,implicito,,[],,,,
3,8,brunoborges/fx2048,.github/workflows/create-sample-issue.md,permissions,True,"{""actions"": ""read"", ""contents"": ""read"", ""issues"": ""read""}",modificado,permissions_resto,[],mas_permisivo,lectura,perm_lecturas_con_contents,[]
4,10,vaadin/flow,.github/workflows/doc-bot.md,strict,False,,implicito,,[],,,,
4,10,vaadin/flow,.github/workflows/doc-bot.md,tools.bash,True,true,modificado,bash_true,[],mas_permisivo,comandos,bash_dir_true,[]
4,10,vaadin/flow,.github/workflows/doc-bot.md,network,True,"{""allowed"": [""defaults"", ""github""]}",modificado,network_resto,[],mas_permisivo,dominios,network_dir_defaults_mas_otros,[]
4,10,vaadin/flow,.github/workflows/doc-bot.md,permissions,True,"{""contents"": ""read"", ""pull-requests"": ""read""}",modificado,permissions_resto,[],mas_permisivo,lectura,perm_lecturas_con_contents,[]
5,13,Activiti/activiti-cloud,.github/workflows/supply-chain-review.md,strict,False,,implicito,,[],,,,
5,13,Activiti/activiti-cloud,.github/workflows/supply-chain-review.md,tools.bash,False,,implicito,,[],,,,
5,13,Activiti/activiti-cloud,.github/workflows/supply-chain-review.md,network,True,"{""allowed"": [""defaults"", ""node"", ""java"", ""api.osv.dev"", ""api.scorecard.dev"", ""search.maven.org""]}",modificado,network_resto,[],mas_permisivo,dominios,network_dir_defaults_mas_otros,[]
5,13,Activiti/activiti-cloud,.github/workflows/supply-chain-review.md,permissions,True,"{""contents"": ""read"", ""pull-requests"": ""read""}",modificado,permissions_resto,[],mas_permisivo,lectura,perm_lecturas_con_contents,[]
6,16,duckduckgo/Android,.github/workflows/android-maintenance-worker.md,strict,False,,implicito,,[],,,,
6,16,duckduckgo/Android,.github/workflows/android-maintenance-worker.md,tools.bash,False,,implicito,,[],,,,
6,16,duckduckgo/Android,.github/workflows/android-maintenance-worker.md,network,True,"{""allowed"": [""defaults"", ""app.asana.com""]}",modificado,network_resto,[],mas_permisivo,dominios,network_dir_defaults_mas_otros,[]
6,16,duckduckgo/Android,.github/workflows/android-maintenance-worker.md,permissions,True,"{""contents"": ""read"", ""issues"": ""read"", ""pull-requests"": ""read""}",modificado,permissions_resto,[],mas_permisivo,lectura,perm_lecturas_con_contents,[]
7,17,duckduckgo/Android,.github/workflows/daily-repo-status.md,strict,False,,implicito,,[],,,,
7,17,duckduckgo/Android,.github/workflows/daily-repo-status.md,tools.bash,False,,implicito,,[],,,,
7,17,duckduckgo/Android,.github/workflows/daily-repo-status.md,network,True,"""defaults""",explicito_igual_default,network_defaults,[],,,,
7,17,duckduckgo/Android,.github/workflows/daily-repo-status.md,permissions,True,"{""contents"": ""read"", ""issues"": ""read"", ""pull-requests"": ""read""}",modificado,permissions_resto,[],mas_permisivo,lectura,perm_lecturas_con_contents,[]
8,18,duckduckgo/Android,.github/workflows/drift-audit.md,strict,False,,implicito,,[],,,,
8,18,duckduckgo/Android,.github/workflows/drift-audit.md,tools.bash,False,,implicito,,[],,,,
8,18,duckduckgo/Android,.github/workflows/drift-audit.md,network,True,"""defaults""",explicito_igual_default,network_defaults,[],,,,
8,18,duckduckgo/Android,.github/workflows/drift-audit.md,permissions,True,"{""contents"": ""read"", ""issues"": ""read"", ""pull-requests"": ""read""}",modificado,permissions_resto,[],mas_permisivo,lectura,perm_lecturas_con_contents,[]
9,19,executeautomation/ExecuteAutomationWebApp,.github/workflows/daily-repo-status.md,strict,False,,implicito,,[],,,,
9,19,executeautomation/ExecuteAutomationWebApp,.github/workflows/daily-repo-status.md,tools.bash,False,,implicito,,[],,,,
9,19,executeautomation/ExecuteAutomationWebApp,.github/workflows/daily-repo-status.md,network,True,"""defaults""",explicito_igual_default,network_defaults,[],,,,
9,19,executeautomation/ExecuteAutomationWebApp,.github/workflows/daily-repo-status.md,permissions,True,"{""contents"": ""read"", ""issues"": ""read"", ""pull-requests"": ""read""}",modificado,permissions_resto,[],mas_permisivo,lectura,perm_lecturas_con_contents,[]
10,21,Dedac/Beam,.github/workflows/fix-top-improvement.md,strict,False,,implicito,,[],,,,
10,21,Dedac/Beam,.github/workflows/fix-top-improvement.md,tools.bash,True,true,modificado,bash_true,[],mas_permisivo,comandos,bash_dir_true,[]
10,21,Dedac/Beam,.github/workflows/fix-top-improvement.md,network,True,"{""allowed"": [""dotnet""]}",modificado,network_resto,[],sin_direccion,,network_dir_sin_defaults,[]
10,21,Dedac/Beam,.github/workflows/fix-top-improvement.md,permissions,True,"{""contents"": ""read"", ""issues"": ""read"", ""pull-requests"": ""read""}",modificado,permissions_resto,[],mas_permisivo,lectura,perm_lecturas_con_contents,[]
11,22,Dedac/Beam,.github/workflows/weekly-improvements.md,strict,False,,implicito,,[],,,,
11,22,Dedac/Beam,.github/workflows/weekly-improvements.md,tools.bash,True,true,modificado,bash_true,[],mas_permisivo,comandos,bash_dir_true,[]
11,22,Dedac/Beam,.github/workflows/weekly-improvements.md,network,True,"{""allowed"": [""dotnet""]}",modificado,network_resto,[],sin_direccion,,network_dir_sin_defaults,[]
11,22,Dedac/Beam,.github/workflows/weekly-improvements.md,permissions,True,"{""actions"": ""read"", ""contents"": ""read"", ""issues"": ""read"", ""pull-requests"": ""read""}",modificado,permissions_resto,[],mas_permisivo,lectura,perm_lecturas_con_contents,[]
12,30,mono/SkiaSharp,.github/workflows/auto-skia-sync.md,strict,False,,implicito,,[],,,,
12,30,mono/SkiaSharp,.github/workflows/auto-skia-sync.md,tools.bash,True,"[""*""]",modificado,bash_other_list,[],mas_permisivo,comandos,bash_dir_comodin_total,[]
12,30,mono/SkiaSharp,.github/workflows/auto-skia-sync.md,network,True,"{""allowed"": [""defaults"", ""github"", ""dotnet"", ""chromium.googlesource.com"", ""skia.googlesource.com"", ""android.googlesource.com"", ""dawn.googlesource.com"", ""swiftshader.googlesource.com"", ""chrome-infra-packages.appspot.com"", ""gn.googlesource.com"", ""storage.googleapis.com""]}",modificado,network_resto,[],mas_permisivo,dominios,network_dir_defaults_mas_otros,[]
12,30,mono/SkiaSharp,.github/workflows/auto-skia-sync.md,permissions,True,"{""contents"": ""read"", ""pull-requests"": ""read""}",modificado,permissions_resto,[],mas_permisivo,lectura,perm_lecturas_con_contents,[]
13,38,mono/SkiaSharp,.github/workflows/auto-triage.md,strict,False,,implicito,,[],,,,
13,38,mono/SkiaSharp,.github/workflows/auto-triage.md,tools.bash,True,"[""gh"", ""python3"", ""pip3"", ""jq""]",modificado,bash_other_list,[],sin_direccion,,bash_dir_agrega_y_quita,[]
13,38,mono/SkiaSharp,.github/workflows/auto-triage.md,network,True,"{""allowed"": [""defaults"", ""python""]}",modificado,network_resto,[],mas_permisivo,dominios,network_dir_defaults_mas_otros,[]
13,38,mono/SkiaSharp,.github/workflows/auto-triage.md,permissions,True,"{""contents"": ""read"", ""issues"": ""read""}",modificado,permissions_resto,[],mas_permisivo,lectura,perm_lecturas_con_contents,[]
14,53,mono/SkiaSharp,.github/workflows/update-release-notes.md,strict,False,,implicito,,[],,,,
14,53,mono/SkiaSharp,.github/workflows/update-release-notes.md,tools.bash,True,"[""cat"", ""grep"", ""sort"", ""head"", ""tail"", ""git""]",modificado,bash_other_list,[],sin_direccion,,bash_dir_agrega_y_quita,[]
14,53,mono/SkiaSharp,.github/workflows/update-release-notes.md,network,True,{},modificado,network_empty,[],mas_estricto,,network_dir_empty,[]
14,53,mono/SkiaSharp,.github/workflows/update-release-notes.md,permissions,True,"{""contents"": ""read""}",explicito_igual_default,permissions_contents_read,[],,,,
15,54,uxsoft/AppleWirelessKeyboard,.github/workflows/repo-assist.md,strict,False,,implicito,,[],,,,
15,54,uxsoft/AppleWirelessKeyboard,.github/workflows/repo-assist.md,tools.bash,True,true,modificado,bash_true,[],mas_permisivo,comandos,bash_dir_true,[]
15,54,uxsoft/AppleWirelessKeyboard,.github/workflows/repo-assist.md,network,True,"{""allowed"": [""defaults"", ""dotnet"", ""node"", ""python"", ""rust"", ""java""]}",modificado,network_resto,[],mas_permisivo,dominios,network_dir_defaults_mas_otros,[]
15,54,uxsoft/AppleWirelessKeyboard,.github/workflows/repo-assist.md,permissions,True,"""read-all""",modificado,permissions_read_all,[],mas_permisivo,lectura,perm_read_all,[]
16,60,dotnet/maui,.github/workflows/agentic-labeler.md,strict,False,,implicito,,[],,,,
16,60,dotnet/maui,.github/workflows/agentic-labeler.md,tools.bash,False,,implicito,,[],,,,
16,60,dotnet/maui,.github/workflows/agentic-labeler.md,network,True,"""defaults""",explicito_igual_default,network_defaults,[],,,,
16,60,dotnet/maui,.github/workflows/agentic-labeler.md,permissions,True,"{""contents"": ""read"", ""issues"": ""read"", ""pull-requests"": ""read""}",modificado,permissions_resto,[],mas_permisivo,lectura,perm_lecturas_con_contents,[]
17,61,dotnet/maui,.github/workflows/ci-status-fix-net11.md,strict,False,,implicito,,[],,,,
17,61,dotnet/maui,.github/workflows/ci-status-fix-net11.md,tools.bash,True,"[""dotnet"", ""git"", ""find"", ""ls"", ""cat"", ""grep"", ""head"", ""tail"", ""wc"", ""curl"", ""jq"", ""tee"", ""sed"", ""awk"", ""tr"", ""cut"", ""sort"", ""uniq"", ""xargs"", ""echo"", ""date"", ""mkdir"", ""test"", ""env"", ""basename"", ""dirname"", ""bash"", ""sh"", ""chmod""]",modificado,bash_other_list,[],sin_direccion,,bash_dir_agrega_y_quita,[]
17,61,dotnet/maui,.github/workflows/ci-status-fix-net11.md,network,True,"{""allowed"": [""defaults"", ""github"", ""dev.azure.com"", ""helix.dot.net"", ""*.blob.core.windows.net""]}",modificado,network_resto,[],mas_permisivo,dominios,network_dir_defaults_mas_otros,[]
17,61,dotnet/maui,.github/workflows/ci-status-fix-net11.md,permissions,True,"{""contents"": ""read"", ""issues"": ""read"", ""pull-requests"": ""read""}",modificado,permissions_resto,[],mas_permisivo,lectura,perm_lecturas_con_contents,[]
18,62,dotnet/maui,.github/workflows/ci-status-fix.md,strict,False,,implicito,,[],,,,
18,62,dotnet/maui,.github/workflows/ci-status-fix.md,tools.bash,True,"[""dotnet"", ""git"", ""find"", ""ls"", ""cat"", ""grep"", ""head"", ""tail"", ""wc"", ""curl"", ""jq"", ""tee"", ""sed"", ""awk"", ""tr"", ""cut"", ""sort"", ""uniq"", ""xargs"", ""echo"", ""date"", ""mkdir"", ""test"", ""env"", ""basename"", ""dirname"", ""bash"", ""sh"", ""chmod""]",modificado,bash_other_list,[],sin_direccion,,bash_dir_agrega_y_quita,[]
18,62,dotnet/maui,.github/workflows/ci-status-fix.md,network,True,"{""allowed"": [""defaults"", ""github"", ""dev.azure.com"", ""helix.dot.net"", ""*.blob.core.windows.net""]}",modificado,network_resto,[],mas_permisivo,dominios,network_dir_defaults_mas_otros,[]
18,62,dotnet/maui,.github/workflows/ci-status-fix.md,permissions,True,"{""contents"": ""read"", ""issues"": ""read"", ""pull-requests"": ""read""}",modificado,permissions_resto,[],mas_permisivo,lectura,perm_lecturas_con_contents,[]
19,67,dotnet/maui,.github/workflows/ci-status-main.md,strict,False,,implicito,,[],,,,
19,67,dotnet/maui,.github/workflows/ci-status-main.md,tools.bash,True,"[""find"", ""ls"", ""cat"", ""grep"", ""head"", ""tail"", ""wc"", ""curl"", ""jq"", ""tee"", ""sed"", ""awk"", ""tr"", ""cut"", ""sort"", ""uniq"", ""xargs"", ""echo"", ""date"", ""mkdir"", ""test"", ""basename"", ""dirname""]",modificado,bash_other_list,[],sin_direccion,,bash_dir_agrega_y_quita,[]
19,67,dotnet/maui,.github/workflows/ci-status-main.md,network,True,"{""allowed"": [""defaults"", ""dotnet"", ""dev.azure.com"", ""helix.dot.net"", ""*.blob.core.windows.net""]}",modificado,network_resto,[],mas_permisivo,dominios,network_dir_defaults_mas_otros,[]
19,67,dotnet/maui,.github/workflows/ci-status-main.md,permissions,True,"{""contents"": ""read"", ""issues"": ""read""}",modificado,permissions_resto,[],mas_permisivo,lectura,perm_lecturas_con_contents,[]
20,72,dotnet/maui,.github/workflows/ci-status-net11.md,strict,False,,implicito,,[],,,,
20,72,dotnet/maui,.github/workflows/ci-status-net11.md,tools.bash,True,"[""find"", ""ls"", ""cat"", ""grep"", ""head"", ""tail"", ""wc"", ""curl"", ""jq"", ""tee"", ""sed"", ""awk"", ""tr"", ""cut"", ""sort"", ""uniq"", ""xargs"", ""echo"", ""date"", ""mkdir"", ""test"", ""basename"", ""dirname""]",modificado,bash_other_list,[],sin_direccion,,bash_dir_agrega_y_quita,[]
20,72,dotnet/maui,.github/workflows/ci-status-net11.md,network,True,"{""allowed"": [""defaults"", ""dotnet"", ""dev.azure.com"", ""helix.dot.net"", ""*.blob.core.windows.net""]}",modificado,network_resto,[],mas_permisivo,dominios,network_dir_defaults_mas_otros,[]
20,72,dotnet/maui,.github/workflows/ci-status-net11.md,permissions,True,"{""contents"": ""read"", ""issues"": ""read""}",modificado,permissions_resto,[],mas_permisivo,lectura,perm_lecturas_con_contents,[]
21,78,dotnet/maui,.github/workflows/copilot-evaluate-tests.md,strict,False,,implicito,,[],,,,
21,78,dotnet/maui,.github/workflows/copilot-evaluate-tests.md,tools.bash,False,,implicito,,[],,,,
21,78,dotnet/maui,.github/workflows/copilot-evaluate-tests.md,network,True,"""defaults""",explicito_igual_default,network_defaults,[],,,,
21,78,dotnet/maui,.github/workflows/copilot-evaluate-tests.md,permissions,True,"{""contents"": ""read"", ""issues"": ""read"", ""pull-requests"": ""read""}",modificado,permissions_resto,[],mas_permisivo,lectura,perm_lecturas_con_contents,[]
22,85,dotnet/maui,.github/workflows/copilot-review-tests.md,strict,False,,implicito,,[],,,,
22,85,dotnet/maui,.github/workflows/copilot-review-tests.md,tools.bash,False,,implicito,,[],,,,
22,85,dotnet/maui,.github/workflows/copilot-review-tests.md,network,True,"{""allowed"": [""defaults"", ""dotnet"", ""github"", ""dev.azure.com"", ""*.visualstudio.com"", ""helix.dot.net"", ""*.blob.core.windows.net"", ""img.shields.io""]}",modificado,network_resto,[],mas_permisivo,dominios,network_dir_defaults_mas_otros,[]
22,85,dotnet/maui,.github/workflows/copilot-review-tests.md,permissions,True,"{""actions"": ""read"", ""checks"": ""read"", ""contents"": ""read"", ""issues"": ""read"", ""pull-requests"": ""read""}",modificado,permissions_resto,[],mas_permisivo,lectura,perm_lecturas_con_contents,[]
23,88,dotnet/maui,.github/workflows/daily-repo-status.md,strict,False,,implicito,,[],,,,
23,88,dotnet/maui,.github/workflows/daily-repo-status.md,tools.bash,False,,implicito,,[],,,,
23,88,dotnet/maui,.github/workflows/daily-repo-status.md,network,True,"""defaults""",explicito_igual_default,network_defaults,[],,,,
23,88,dotnet/maui,.github/workflows/daily-repo-status.md,permissions,True,"{""contents"": ""read"", ""issues"": ""read"", ""pull-requests"": ""read""}",modificado,permissions_resto,[],mas_permisivo,lectura,perm_lecturas_con_contents,[]
24,93,dotnet/maui,.github/workflows/rerun-review-scanner.md,strict,False,,implicito,,[],,,,
24,93,dotnet/maui,.github/workflows/rerun-review-scanner.md,tools.bash,False,,implicito,,[],,,,
24,93,dotnet/maui,.github/workflows/rerun-review-scanner.md,network,False,,implicito,,[],,,,
24,93,dotnet/maui,.github/workflows/rerun-review-scanner.md,permissions,True,"{""contents"": ""read"", ""issues"": ""read"", ""pull-requests"": ""read""}",modificado,permissions_resto,[],mas_permisivo,lectura,perm_lecturas_con_contents,[]
25,95,dotnet/machinelearning,.github/workflows/ci-scan-feedback.agent.md,strict,False,,implicito,,[],,,,
25,95,dotnet/machinelearning,.github/workflows/ci-scan-feedback.agent.md,tools.bash,True,"[""git"", ""find"", ""ls"", ""cat"", ""grep"", ""head"", ""tail"", ""wc"", ""jq"", ""tee"", ""sed"", ""awk"", ""tr"", ""cut"", ""sort"", ""uniq"", ""xargs"", ""echo"", ""date"", ""mkdir"", ""test"", ""env"", ""basename"", ""dirname"", ""gh""]",modificado,bash_other_list,[],sin_direccion,,bash_dir_agrega_y_quita,[]
25,95,dotnet/machinelearning,.github/workflows/ci-scan-feedback.agent.md,network,True,"{""allowed"": [""defaults"", ""github""]}",modificado,network_resto,[],mas_permisivo,dominios,network_dir_defaults_mas_otros,[]
25,95,dotnet/machinelearning,.github/workflows/ci-scan-feedback.agent.md,permissions,True,"""read-all""",modificado,permissions_read_all,[],mas_permisivo,lectura,perm_read_all,[]
26,96,dotnet/machinelearning,.github/workflows/ci-scan.agent.md,strict,False,,implicito,,[],,,,
26,96,dotnet/machinelearning,.github/workflows/ci-scan.agent.md,tools.bash,True,"[""git"", ""find"", ""ls"", ""cat"", ""grep"", ""head"", ""tail"", ""wc"", ""curl"", ""jq"", ""tee"", ""sed"", ""awk"", ""tr"", ""cut"", ""sort"", ""uniq"", ""xargs"", ""echo"", ""date"", ""mkdir"", ""test"", ""env"", ""basename"", ""dirname"", ""gh"", ""printf""]",modificado,bash_other_list,[],sin_direccion,,bash_dir_agrega_y_quita,[]
26,96,dotnet/machinelearning,.github/workflows/ci-scan.agent.md,network,True,"{""allowed"": [""defaults"", ""github"", ""dev.azure.com"", ""helix.dot.net"", ""*.blob.core.windows.net""]}",modificado,network_resto,[],mas_permisivo,dominios,network_dir_defaults_mas_otros,[]
26,96,dotnet/machinelearning,.github/workflows/ci-scan.agent.md,permissions,True,"""read-all""",modificado,permissions_read_all,[],mas_permisivo,lectura,perm_read_all,[]
27,97,dotnet/machinelearning,.github/workflows/issue-triage.agent.md,strict,False,,implicito,,[],,,,
27,97,dotnet/machinelearning,.github/workflows/issue-triage.agent.md,tools.bash,False,,implicito,,[],,,,
27,97,dotnet/machinelearning,.github/workflows/issue-triage.agent.md,network,False,,implicito,,[],,,,
27,97,dotnet/machinelearning,.github/workflows/issue-triage.agent.md,permissions,True,"{""contents"": ""read"", ""issues"": ""read""}",modificado,permissions_resto,[],mas_permisivo,lectura,perm_lecturas_con_contents,[]
28,99,dotnet/machinelearning,.github/workflows/repo-health-check.md,strict,False,,implicito,,[],,,,
28,99,dotnet/machinelearning,.github/workflows/repo-health-check.md,tools.bash,True,"[""gh"", ""curl"", ""jq"", ""date"", ""base64"", ""echo"", ""sort"", ""uniq"", ""head"", ""tail"", ""grep"", ""wc""]",modificado,bash_other_list,[],sin_direccion,,bash_dir_agrega_y_quita,[]
28,99,dotnet/machinelearning,.github/workflows/repo-health-check.md,network,False,,implicito,,[],,,,
28,99,dotnet/machinelearning,.github/workflows/repo-health-check.md,permissions,True,"{""actions"": ""read"", ""contents"": ""read"", ""issues"": ""read"", ""pull-requests"": ""read""}",modificado,permissions_resto,[],mas_permisivo,lectura,perm_lecturas_con_contents,[]
29,101,dotnet/machinelearning,.github/workflows/repo-health-groom.md,strict,False,,implicito,,[],,,,
29,101,dotnet/machinelearning,.github/workflows/repo-health-groom.md,tools.bash,True,"[""gh"", ""jq"", ""echo"", ""date"", ""wc""]",modificado,bash_other_list,[],sin_direccion,,bash_dir_agrega_y_quita,[]
29,101,dotnet/machinelearning,.github/workflows/repo-health-groom.md,network,False,,implicito,,[],,,,
29,101,dotnet/machinelearning,.github/workflows/repo-health-groom.md,permissions,True,"{""contents"": ""read"", ""issues"": ""read""}",modificado,permissions_resto,[],mas_permisivo,lectura,perm_lecturas_con_contents,[]
30,103,dotnet/machinelearning,.github/workflows/repo-health-investigate.md,strict,False,,implicito,,[],,,,
30,103,dotnet/machinelearning,.github/workflows/repo-health-investigate.md,tools.bash,True,"[""gh"", ""curl"", ""jq"", ""date"", ""echo"", ""sort"", ""uniq"", ""head"", ""tail"", ""grep"", ""wc""]",modificado,bash_other_list,[],sin_direccion,,bash_dir_agrega_y_quita,[]
30,103,dotnet/machinelearning,.github/workflows/repo-health-investigate.md,network,False,,implicito,,[],,,,
30,103,dotnet/machinelearning,.github/workflows/repo-health-investigate.md,permissions,True,"{""actions"": ""read"", ""contents"": ""read"", ""issues"": ""read"", ""pull-requests"": ""read""}",modificado,permissions_resto,[],mas_permisivo,lectura,perm_lecturas_con_contents,[]
31,106,npgsql/efcore.pg,.github/workflows/sync-to-latest-ef.md,strict,True,false,modificado,strict_resto,[],mas_permisivo,restricciones del modo estricto,strict_dir_false,[]
31,106,npgsql/efcore.pg,.github/workflows/sync-to-latest-ef.md,tools.bash,False,,implicito,,[],,,,
31,106,npgsql/efcore.pg,.github/workflows/sync-to-latest-ef.md,network,True,"{""allowed"": [""defaults"", ""dotnet"", ""https://pkgs.dev.azure.com"", ""https://*.vsblob.vsassets.io"", ""https://dotnetcli.azureedge.net"", ""https://myget.org""]}",modificado,network_resto,[],mas_permisivo,dominios,network_dir_defaults_mas_otros,[]
31,106,npgsql/efcore.pg,.github/workflows/sync-to-latest-ef.md,permissions,True,"{""contents"": ""read"", ""issues"": ""read"", ""pull-requests"": ""read""}",modificado,permissions_resto,[],mas_permisivo,lectura,perm_lecturas_con_contents,[]
32,107,microsoft/vstest,.github/workflows/build-failure-analysis-command.md,strict,False,,implicito,,[],,,,
32,107,microsoft/vstest,.github/workflows/build-failure-analysis-command.md,tools.bash,True,"[""cat"", ""head"", ""tail"", ""grep"", ""wc"", ""sort"", ""uniq"", ""ls"", ""find"", ""dotnet"", ""NuGet.Mcp.Server""]",modificado,bash_other_list,[],sin_direccion,,bash_dir_agrega_y_quita,[]
32,107,microsoft/vstest,.github/workflows/build-failure-analysis-command.md,network,True,"{""allowed"": [""defaults"", ""dotnet""]}",modificado,network_resto,[],mas_permisivo,dominios,network_dir_defaults_mas_otros,[]
32,107,microsoft/vstest,.github/workflows/build-failure-analysis-command.md,permissions,True,"{""contents"": ""read"", ""pull-requests"": ""read""}",modificado,permissions_resto,[],mas_permisivo,lectura,perm_lecturas_con_contents,[]
33,108,microsoft/vstest,.github/workflows/build-failure-analysis.md,strict,False,,implicito,,[],,,,
33,108,microsoft/vstest,.github/workflows/build-failure-analysis.md,tools.bash,True,"[""cat"", ""head"", ""tail"", ""grep"", ""wc"", ""sort"", ""uniq"", ""ls"", ""find"", ""dotnet"", ""NuGet.Mcp.Server""]",modificado,bash_other_list,[],sin_direccion,,bash_dir_agrega_y_quita,[]
33,108,microsoft/vstest,.github/workflows/build-failure-analysis.md,network,True,"{""allowed"": [""defaults"", ""dotnet""]}",modificado,network_resto,[],mas_permisivo,dominios,network_dir_defaults_mas_otros,[]
33,108,microsoft/vstest,.github/workflows/build-failure-analysis.md,permissions,True,"{""contents"": ""read"", ""pull-requests"": ""read""}",modificado,permissions_resto,[],mas_permisivo,lectura,perm_lecturas_con_contents,[]
34,109,microsoft/vstest,.github/workflows/code-simplifier.md,strict,False,,implicito,,[],,,,
34,109,microsoft/vstest,.github/workflows/code-simplifier.md,tools.bash,False,,implicito,,[],,,,
34,109,microsoft/vstest,.github/workflows/code-simplifier.md,network,True,"{""allowed"": [""defaults"", ""dotnet""]}",modificado,network_resto,[],mas_permisivo,dominios,network_dir_defaults_mas_otros,[]
34,109,microsoft/vstest,.github/workflows/code-simplifier.md,permissions,True,"""read-all""",modificado,permissions_read_all,[],mas_permisivo,lectura,perm_read_all,[]
35,110,microsoft/vstest,.github/workflows/daily-file-diet.md,strict,False,,implicito,,[],,,,
35,110,microsoft/vstest,.github/workflows/daily-file-diet.md,tools.bash,True,"[""git"", ""grep"", ""xargs"", ""wc"", ""head"", ""sort"", ""cat""]",modificado,bash_other_list,[],sin_direccion,,bash_dir_agrega_y_quita,[]
35,110,microsoft/vstest,.github/workflows/daily-file-diet.md,network,False,,implicito,,[],,,,
35,110,microsoft/vstest,.github/workflows/daily-file-diet.md,permissions,True,"{""contents"": ""read"", ""issues"": ""read"", ""pull-requests"": ""read""}",modificado,permissions_resto,[],mas_permisivo,lectura,perm_lecturas_con_contents,[]
36,117,microsoft/vstest,.github/workflows/daily-qa.md,strict,False,,implicito,,[],,,,
36,117,microsoft/vstest,.github/workflows/daily-qa.md,tools.bash,True,true,modificado,bash_true,[],mas_permisivo,comandos,bash_dir_true,[]
36,117,microsoft/vstest,.github/workflows/daily-qa.md,network,True,"{""allowed"": [""defaults"", ""dotnet""]}",modificado,network_resto,[],mas_permisivo,dominios,network_dir_defaults_mas_otros,[]
36,117,microsoft/vstest,.github/workflows/daily-qa.md,permissions,True,"""read-all""",modificado,permissions_read_all,[],mas_permisivo,lectura,perm_read_all,[]
37,118,microsoft/vstest,.github/workflows/efficiency-improver.md,strict,False,,implicito,,[],,,,
37,118,microsoft/vstest,.github/workflows/efficiency-improver.md,tools.bash,True,true,modificado,bash_true,[],mas_permisivo,comandos,bash_dir_true,[]
37,118,microsoft/vstest,.github/workflows/efficiency-improver.md,network,True,"{""allowed"": [""defaults"", ""dotnet""]}",modificado,network_resto,[],mas_permisivo,dominios,network_dir_defaults_mas_otros,[]
37,118,microsoft/vstest,.github/workflows/efficiency-improver.md,permissions,True,"""read-all""",modificado,permissions_read_all,[],mas_permisivo,lectura,perm_read_all,[]
38,120,microsoft/vstest,.github/workflows/http-link-checker.md,strict,False,,implicito,,[],,,,
38,120,microsoft/vstest,.github/workflows/http-link-checker.md,tools.bash,True,true,modificado,bash_true,[],mas_permisivo,comandos,bash_dir_true,[]
38,120,microsoft/vstest,.github/workflows/http-link-checker.md,network,True,"{""allowed"": [""node"", ""python"", ""github""]}",modificado,network_resto,[],sin_direccion,,network_dir_sin_defaults,[]
38,120,microsoft/vstest,.github/workflows/http-link-checker.md,permissions,True,"""read-all""",modificado,permissions_read_all,[],mas_permisivo,lectura,perm_read_all,[]
39,131,microsoft/vstest,.github/workflows/issue-repro-triage.md,strict,False,,implicito,,[],,,,
39,131,microsoft/vstest,.github/workflows/issue-repro-triage.md,tools.bash,True,true,modificado,bash_true,[],mas_permisivo,comandos,bash_dir_true,[]
39,131,microsoft/vstest,.github/workflows/issue-repro-triage.md,network,True,"{""allowed"": [""defaults"", ""dotnet""]}",modificado,network_resto,[],mas_permisivo,dominios,network_dir_defaults_mas_otros,[]
39,131,microsoft/vstest,.github/workflows/issue-repro-triage.md,permissions,True,"{""contents"": ""read"", ""issues"": ""read"", ""pull-requests"": ""read""}",modificado,permissions_resto,[],mas_permisivo,lectura,perm_lecturas_con_contents,[]
40,132,microsoft/vstest,.github/workflows/malicious-code-scan.md,strict,False,,implicito,,[],,,,
40,132,microsoft/vstest,.github/workflows/malicious-code-scan.md,tools.bash,True,true,modificado,bash_true,[],mas_permisivo,comandos,bash_dir_true,[]
40,132,microsoft/vstest,.github/workflows/malicious-code-scan.md,network,False,,implicito,,[],,,,
40,132,microsoft/vstest,.github/workflows/malicious-code-scan.md,permissions,True,"{""actions"": ""read"", ""contents"": ""read"", ""security-events"": ""read""}",modificado,permissions_resto,[],mas_permisivo,lectura,perm_lecturas_con_contents,[]
41,133,microsoft/vstest,.github/workflows/markdown-linter.md,strict,False,,implicito,,[],,,,
41,133,microsoft/vstest,.github/workflows/markdown-linter.md,tools.bash,True,"[""*""]",modificado,bash_other_list,[],mas_permisivo,comandos,bash_dir_comodin_total,[]
41,133,microsoft/vstest,.github/workflows/markdown-linter.md,network,False,,implicito,,[],,,,
41,133,microsoft/vstest,.github/workflows/markdown-linter.md,permissions,True,"{""actions"": ""read"", ""contents"": ""read"", ""issues"": ""read"", ""pull-requests"": ""read""}",modificado,permissions_resto,[],mas_permisivo,lectura,perm_lecturas_con_contents,[]
42,136,microsoft/vstest,.github/workflows/md-link-checker.md,strict,False,,implicito,,[],,,,
42,136,microsoft/vstest,.github/workflows/md-link-checker.md,tools.bash,True,true,modificado,bash_true,[],mas_permisivo,comandos,bash_dir_true,[]
42,136,microsoft/vstest,.github/workflows/md-link-checker.md,network,True,"{""allowed"": [""github""]}",modificado,network_resto,[],sin_direccion,,network_dir_sin_defaults,[]
42,136,microsoft/vstest,.github/workflows/md-link-checker.md,permissions,True,"""read-all""",modificado,permissions_read_all,[],mas_permisivo,lectura,perm_read_all,[]
43,137,microsoft/vstest,.github/workflows/msbuild-quality-review.md,strict,False,,implicito,,[],,,,
43,137,microsoft/vstest,.github/workflows/msbuild-quality-review.md,tools.bash,False,,implicito,,[],,,,
43,137,microsoft/vstest,.github/workflows/msbuild-quality-review.md,network,True,"{""allowed"": [""defaults"", ""dotnet""]}",modificado,network_resto,[],mas_permisivo,dominios,network_dir_defaults_mas_otros,[]
43,137,microsoft/vstest,.github/workflows/msbuild-quality-review.md,permissions,True,"{""contents"": ""read"", ""issues"": ""read"", ""pull-requests"": ""read""}",modificado,permissions_resto,[],mas_permisivo,lectura,perm_lecturas_con_contents,[]
44,143,microsoft/vstest,.github/workflows/pr-expert-reviewer.md,strict,False,,implicito,,[],,,,
44,143,microsoft/vstest,.github/workflows/pr-expert-reviewer.md,tools.bash,False,,implicito,,[],,,,
44,143,microsoft/vstest,.github/workflows/pr-expert-reviewer.md,network,False,,implicito,,[],,,,
44,143,microsoft/vstest,.github/workflows/pr-expert-reviewer.md,permissions,True,"{""actions"": ""read"", ""contents"": ""read"", ""pull-requests"": ""read""}",modificado,permissions_resto,[],mas_permisivo,lectura,perm_lecturas_con_contents,[]
45,152,microsoft/vstest,.github/workflows/pr-iteration.md,strict,False,,implicito,,[],,,,
45,152,microsoft/vstest,.github/workflows/pr-iteration.md,tools.bash,True,true,modificado,bash_true,[],mas_permisivo,comandos,bash_dir_true,[]
45,152,microsoft/vstest,.github/workflows/pr-iteration.md,network,True,"{""allowed"": [""defaults"", ""dotnet""]}",modificado,network_resto,[],mas_permisivo,dominios,network_dir_defaults_mas_otros,[]
45,152,microsoft/vstest,.github/workflows/pr-iteration.md,permissions,True,"{""contents"": ""read"", ""issues"": ""read"", ""pull-requests"": ""read""}",modificado,permissions_resto,[],mas_permisivo,lectura,perm_lecturas_con_contents,[]
46,153,microsoft/vstest,.github/workflows/repository-quality-improver.md,strict,False,,implicito,,[],,,,
46,153,microsoft/vstest,.github/workflows/repository-quality-improver.md,tools.bash,True,"[""*""]",modificado,bash_other_list,[],mas_permisivo,comandos,bash_dir_comodin_total,[]
46,153,microsoft/vstest,.github/workflows/repository-quality-improver.md,network,False,,implicito,,[],,,,
46,153,microsoft/vstest,.github/workflows/repository-quality-improver.md,permissions,True,"{""actions"": ""read"", ""contents"": ""read"", ""issues"": ""read"", ""pull-requests"": ""read""}",modificado,permissions_resto,[],mas_permisivo,lectura,perm_lecturas_con_contents,[]
47,158,dotnet/SqlClient,.github/workflows/issue-triage.md,strict,False,,implicito,,[],,,,
47,158,dotnet/SqlClient,.github/workflows/issue-triage.md,tools.bash,False,,implicito,,[],,,,
47,158,dotnet/SqlClient,.github/workflows/issue-triage.md,network,False,,implicito,,[],,,,
47,158,dotnet/SqlClient,.github/workflows/issue-triage.md,permissions,True,"{""contents"": ""read"", ""issues"": ""read"", ""pull-requests"": ""read""}",modificado,permissions_resto,[],mas_permisivo,lectura,perm_lecturas_con_contents,[]
48,160,Shazwazza/Articulate,.github/workflows/efficiency-improver.md,strict,False,,implicito,,[],,,,
48,160,Shazwazza/Articulate,.github/workflows/efficiency-improver.md,tools.bash,True,true,modificado,bash_true,[],mas_permisivo,comandos,bash_dir_true,[]
48,160,Shazwazza/Articulate,.github/workflows/efficiency-improver.md,network,True,"{""allowed"": [""defaults"", ""dotnet"", ""node"", ""python"", ""rust"", ""java""]}",modificado,network_resto,[],mas_permisivo,dominios,network_dir_defaults_mas_otros,[]
48,160,Shazwazza/Articulate,.github/workflows/efficiency-improver.md,permissions,True,"""read-all""",modificado,permissions_read_all,[],mas_permisivo,lectura,perm_read_all,[]
49,166,dotnet/msbuild,.github/workflows/close-stale-prs.agent.md,strict,False,,implicito,,[],,,,
49,166,dotnet/msbuild,.github/workflows/close-stale-prs.agent.md,tools.bash,False,,implicito,,[],,,,
49,166,dotnet/msbuild,.github/workflows/close-stale-prs.agent.md,network,False,,implicito,,[],,,,
49,166,dotnet/msbuild,.github/workflows/close-stale-prs.agent.md,permissions,False,,implicito,,[],,,,
50,176,dotnet/msbuild,.github/workflows/flaky-test-detector.agent.md,strict,False,,implicito,,[],,,,
50,176,dotnet/msbuild,.github/workflows/flaky-test-detector.agent.md,tools.bash,True,"["":*""]",modificado,bash_other_list,[],mas_permisivo,comandos,bash_dir_comodin_total,[]
50,176,dotnet/msbuild,.github/workflows/flaky-test-detector.agent.md,network,True,"{""allowed"": [""defaults"", ""dotnet"", ""dev.azure.com"", ""dnceng.pkgs.visualstudio.com""]}",modificado,network_resto,[],mas_permisivo,dominios,network_dir_defaults_mas_otros,[]
50,176,dotnet/msbuild,.github/workflows/flaky-test-detector.agent.md,permissions,True,"{""contents"": ""read"", ""issues"": ""read"", ""pull-requests"": ""read""}",modificado,permissions_resto,[],mas_permisivo,lectura,perm_lecturas_con_contents,[]
51,181,dotnet/msbuild,.github/workflows/flaky-test-fixer.agent.md,strict,False,,implicito,,[],,,,
51,181,dotnet/msbuild,.github/workflows/flaky-test-fixer.agent.md,tools.bash,True,"["":*""]",modificado,bash_other_list,[],mas_permisivo,comandos,bash_dir_comodin_total,[]
51,181,dotnet/msbuild,.github/workflows/flaky-test-fixer.agent.md,network,True,"{""allowed"": [""defaults"", ""dotnet"", ""dev.azure.com"", ""dnceng.pkgs.visualstudio.com""]}",modificado,network_resto,[],mas_permisivo,dominios,network_dir_defaults_mas_otros,[]
51,181,dotnet/msbuild,.github/workflows/flaky-test-fixer.agent.md,permissions,True,"{""contents"": ""read"", ""issues"": ""read"", ""pull-requests"": ""read""}",modificado,permissions_resto,[],mas_permisivo,lectura,perm_lecturas_con_contents,[]
52,193,dotnet/msbuild,.github/workflows/review-on-open.agent.md,strict,False,,implicito,,[],,,,
52,193,dotnet/msbuild,.github/workflows/review-on-open.agent.md,tools.bash,False,,implicito,,[],,,,
52,193,dotnet/msbuild,.github/workflows/review-on-open.agent.md,network,False,,implicito,,[],,,,
52,193,dotnet/msbuild,.github/workflows/review-on-open.agent.md,permissions,True,"{""contents"": ""read"", ""pull-requests"": ""read""}",modificado,permissions_resto,[],mas_permisivo,lectura,perm_lecturas_con_contents,[]
53,199,dotnet/msbuild,.github/workflows/review.agent.md,strict,False,,implicito,,[],,,,
53,199,dotnet/msbuild,.github/workflows/review.agent.md,tools.bash,False,,implicito,,[],,,,
53,199,dotnet/msbuild,.github/workflows/review.agent.md,network,False,,implicito,,[],,,,
53,199,dotnet/msbuild,.github/workflows/review.agent.md,permissions,True,"{""contents"": ""read"", ""pull-requests"": ""read""}",modificado,permissions_resto,[],mas_permisivo,lectura,perm_lecturas_con_contents,[]
54,219,Azure/azure-sdk-for-net,.github/workflows/issue-triage.md,strict,False,,implicito,,[],,,,
54,219,Azure/azure-sdk-for-net,.github/workflows/issue-triage.md,tools.bash,False,,implicito,,[],,,,
54,219,Azure/azure-sdk-for-net,.github/workflows/issue-triage.md,network,True,"{""allowed"": [""defaults"", ""dotnet"", ""github"", ""*.in.applicationinsights.azure.com""]}",modificado,network_resto,[],mas_permisivo,dominios,network_dir_defaults_mas_otros,[]
54,219,Azure/azure-sdk-for-net,.github/workflows/issue-triage.md,permissions,True,"{""contents"": ""read"", ""copilot-requests"": ""write"", ""issues"": ""read""}",modificado,permissions_resto,[],mas_permisivo,autenticacion,perm_escritura_solo_autenticacion,[]
55,227,Azure/azure-sdk-for-net,.github/workflows/mgmt-review.md,strict,False,,implicito,,[],,,,
55,227,Azure/azure-sdk-for-net,.github/workflows/mgmt-review.md,tools.bash,True,true,modificado,bash_true,[],mas_permisivo,comandos,bash_dir_true,[]
55,227,Azure/azure-sdk-for-net,.github/workflows/mgmt-review.md,network,True,"{""allowed"": [""defaults"", ""dotnet"", ""github""]}",modificado,network_resto,[],mas_permisivo,dominios,network_dir_defaults_mas_otros,[]
55,227,Azure/azure-sdk-for-net,.github/workflows/mgmt-review.md,permissions,True,"{""actions"": ""read"", ""checks"": ""read"", ""contents"": ""read"", ""copilot-requests"": ""write"", ""pull-requests"": ""read""}",modificado,permissions_resto,[],mas_permisivo,autenticacion,perm_escritura_solo_autenticacion,[]
56,228,OpenMS/OpenMS,.github/workflows/changelog-sync.md,strict,False,,implicito,,[],,,,
56,228,OpenMS/OpenMS,.github/workflows/changelog-sync.md,tools.bash,True,true,modificado,bash_true,[],mas_permisivo,comandos,bash_dir_true,[]
56,228,OpenMS/OpenMS,.github/workflows/changelog-sync.md,network,False,,implicito,,[],,,,
56,228,OpenMS/OpenMS,.github/workflows/changelog-sync.md,permissions,True,"{""contents"": ""read"", ""issues"": ""read"", ""pull-requests"": ""read""}",modificado,permissions_resto,[],mas_permisivo,lectura,perm_lecturas_con_contents,[]
57,232,OpenMS/OpenMS,.github/workflows/doc-sync.md,strict,False,,implicito,,[],,,,
57,232,OpenMS/OpenMS,.github/workflows/doc-sync.md,tools.bash,True,true,modificado,bash_true,[],mas_permisivo,comandos,bash_dir_true,[]
57,232,OpenMS/OpenMS,.github/workflows/doc-sync.md,network,False,,implicito,,[],,,,
57,232,OpenMS/OpenMS,.github/workflows/doc-sync.md,permissions,True,"{""contents"": ""read"", ""issues"": ""read"", ""pull-requests"": ""read""}",modificado,permissions_resto,[],mas_permisivo,lectura,perm_lecturas_con_contents,[]
58,234,ReactiveX/RxPY,.github/workflows/repo-assist.md,strict,False,,implicito,,[],,,,
58,234,ReactiveX/RxPY,.github/workflows/repo-assist.md,tools.bash,True,true,modificado,bash_true,[],mas_permisivo,comandos,bash_dir_true,[]
58,234,ReactiveX/RxPY,.github/workflows/repo-assist.md,network,True,"{""allowed"": [""defaults"", ""python"", ""reactivex.io"", ""rxpy.readthedocs.io"", ""docs.python.org""]}",modificado,network_resto,[],mas_permisivo,dominios,network_dir_defaults_mas_otros,[]
58,234,ReactiveX/RxPY,.github/workflows/repo-assist.md,permissions,True,"""read-all""",modificado,permissions_read_all,[],mas_permisivo,lectura,perm_read_all,[]
59,235,pulumi/pulumi-vsphere,.github/workflows/gh-aw-pr-rereview.md,strict,True,true,explicito_igual_default,strict_true,[],,,,
59,235,pulumi/pulumi-vsphere,.github/workflows/gh-aw-pr-rereview.md,tools.bash,False,,implicito,,[],,,,
59,235,pulumi/pulumi-vsphere,.github/workflows/gh-aw-pr-rereview.md,network,False,,implicito,,[],,,,
59,235,pulumi/pulumi-vsphere,.github/workflows/gh-aw-pr-rereview.md,permissions,True,"{""contents"": ""read"", ""id-token"": ""write"", ""pull-requests"": ""read""}",modificado,permissions_resto,[],mas_permisivo,autenticacion,perm_escritura_solo_autenticacion,[]
60,236,pulumi/pulumi-vsphere,.github/workflows/gh-aw-pr-review.md,strict,True,true,explicito_igual_default,strict_true,[],,,,
60,236,pulumi/pulumi-vsphere,.github/workflows/gh-aw-pr-review.md,tools.bash,False,,implicito,,[],,,,
60,236,pulumi/pulumi-vsphere,.github/workflows/gh-aw-pr-review.md,network,False,,implicito,,[],,,,
60,236,pulumi/pulumi-vsphere,.github/workflows/gh-aw-pr-review.md,permissions,True,"{""contents"": ""read"", ""id-token"": ""write"", ""pull-requests"": ""read""}",modificado,permissions_resto,[],mas_permisivo,autenticacion,perm_escritura_solo_autenticacion,[]
61,237,pulumi/pulumi-openstack,.github/workflows/gh-aw-pr-rereview.md,strict,True,true,explicito_igual_default,strict_true,[],,,,
61,237,pulumi/pulumi-openstack,.github/workflows/gh-aw-pr-rereview.md,tools.bash,False,,implicito,,[],,,,
61,237,pulumi/pulumi-openstack,.github/workflows/gh-aw-pr-rereview.md,network,False,,implicito,,[],,,,
61,237,pulumi/pulumi-openstack,.github/workflows/gh-aw-pr-rereview.md,permissions,True,"{""contents"": ""read"", ""id-token"": ""write"", ""pull-requests"": ""read""}",modificado,permissions_resto,[],mas_permisivo,autenticacion,perm_escritura_solo_autenticacion,[]
62,238,pulumi/pulumi-openstack,.github/workflows/gh-aw-pr-review.md,strict,True,true,explicito_igual_default,strict_true,[],,,,
62,238,pulumi/pulumi-openstack,.github/workflows/gh-aw-pr-review.md,tools.bash,False,,implicito,,[],,,,
62,238,pulumi/pulumi-openstack,.github/workflows/gh-aw-pr-review.md,network,False,,implicito,,[],,,,
62,238,pulumi/pulumi-openstack,.github/workflows/gh-aw-pr-review.md,permissions,True,"{""contents"": ""read"", ""id-token"": ""write"", ""pull-requests"": ""read""}",modificado,permissions_resto,[],mas_permisivo,autenticacion,perm_escritura_solo_autenticacion,[]
63,239,pulumi/pulumi-eks,.github/workflows/gh-aw-pr-rereview.md,strict,True,true,explicito_igual_default,strict_true,[],,,,
63,239,pulumi/pulumi-eks,.github/workflows/gh-aw-pr-rereview.md,tools.bash,False,,implicito,,[],,,,
63,239,pulumi/pulumi-eks,.github/workflows/gh-aw-pr-rereview.md,network,False,,implicito,,[],,,,
63,239,pulumi/pulumi-eks,.github/workflows/gh-aw-pr-rereview.md,permissions,True,"{""contents"": ""read"", ""id-token"": ""write"", ""pull-requests"": ""read""}",modificado,permissions_resto,[],mas_permisivo,autenticacion,perm_escritura_solo_autenticacion,[]
64,240,pulumi/pulumi-eks,.github/workflows/gh-aw-pr-review.md,strict,True,true,explicito_igual_default,strict_true,[],,,,
64,240,pulumi/pulumi-eks,.github/workflows/gh-aw-pr-review.md,tools.bash,False,,implicito,,[],,,,
64,240,pulumi/pulumi-eks,.github/workflows/gh-aw-pr-review.md,network,False,,implicito,,[],,,,
64,240,pulumi/pulumi-eks,.github/workflows/gh-aw-pr-review.md,permissions,True,"{""contents"": ""read"", ""id-token"": ""write"", ""pull-requests"": ""read""}",modificado,permissions_resto,[],mas_permisivo,autenticacion,perm_escritura_solo_autenticacion,[]
65,241,Azure/azure-sdk-for-python,.github/workflows/doc-consistency-check.md,strict,False,,implicito,,[],,,,
65,241,Azure/azure-sdk-for-python,.github/workflows/doc-consistency-check.md,tools.bash,True,true,modificado,bash_true,[],mas_permisivo,comandos,bash_dir_true,[]
65,241,Azure/azure-sdk-for-python,.github/workflows/doc-consistency-check.md,network,False,,implicito,,[],,,,
65,241,Azure/azure-sdk-for-python,.github/workflows/doc-consistency-check.md,permissions,True,"{""contents"": ""read"", ""issues"": ""read"", ""pull-requests"": ""read""}",modificado,permissions_resto,[],mas_permisivo,lectura,perm_lecturas_con_contents,[]
66,243,taosdata/TDengine,.github/workflows/issue-triage.md,strict,False,,implicito,,[],,,,
66,243,taosdata/TDengine,.github/workflows/issue-triage.md,tools.bash,False,,implicito,,[],,,,
66,243,taosdata/TDengine,.github/workflows/issue-triage.md,network,True,"""defaults""",explicito_igual_default,network_defaults,[],,,,
66,243,taosdata/TDengine,.github/workflows/issue-triage.md,permissions,True,"""read-all""",modificado,permissions_read_all,[],mas_permisivo,lectura,perm_read_all,[]
67,244,taosdata/TDengine,.github/workflows/weekly-report.md,strict,False,,implicito,,[],,,,
67,244,taosdata/TDengine,.github/workflows/weekly-report.md,tools.bash,False,,implicito,,[],,,,
67,244,taosdata/TDengine,.github/workflows/weekly-report.md,network,False,,implicito,,[],,,,
67,244,taosdata/TDengine,.github/workflows/weekly-report.md,permissions,True,"{""contents"": ""read"", ""discussions"": ""read"", ""issues"": ""read"", ""pull-requests"": ""read""}",modificado,permissions_resto,[],mas_permisivo,lectura,perm_lecturas_con_contents,[]
68,254,openvinotoolkit/openvino,.github/workflows/ci-doctor-mq.md,strict,False,,implicito,,[],,,,
68,254,openvinotoolkit/openvino,.github/workflows/ci-doctor-mq.md,tools.bash,False,,implicito,,[],,,,
68,254,openvinotoolkit/openvino,.github/workflows/ci-doctor-mq.md,network,True,"""defaults""",explicito_igual_default,network_defaults,[],,,,
68,254,openvinotoolkit/openvino,.github/workflows/ci-doctor-mq.md,permissions,True,"""read-all""",modificado,permissions_read_all,[],mas_permisivo,lectura,perm_read_all,[]
69,259,openvinotoolkit/openvino,.github/workflows/ci-doctor.md,strict,False,,implicito,,[],,,,
69,259,openvinotoolkit/openvino,.github/workflows/ci-doctor.md,tools.bash,False,,implicito,,[],,,,
69,259,openvinotoolkit/openvino,.github/workflows/ci-doctor.md,network,True,"""defaults""",explicito_igual_default,network_defaults,[],,,,
69,259,openvinotoolkit/openvino,.github/workflows/ci-doctor.md,permissions,True,"""read-all""",modificado,permissions_read_all,[],mas_permisivo,lectura,perm_read_all,[]
70,264,internetarchive/openlibrary,.github/workflows/issue_refinement.md,strict,False,,implicito,,[],,,,
70,264,internetarchive/openlibrary,.github/workflows/issue_refinement.md,tools.bash,False,,implicito,,[],,,,
70,264,internetarchive/openlibrary,.github/workflows/issue_refinement.md,network,False,,implicito,,[],,,,
70,264,internetarchive/openlibrary,.github/workflows/issue_refinement.md,permissions,True,"""read-all""",modificado,permissions_read_all,[],mas_permisivo,lectura,perm_read_all,[]
71,266,dotnet/runtime,.github/workflows/breaking-change-doc.md,strict,False,,implicito,,[],,,,
71,266,dotnet/runtime,.github/workflows/breaking-change-doc.md,tools.bash,True,"[""pwsh"", ""gh""]",modificado,bash_other_list,[],sin_direccion,,bash_dir_agrega_y_quita,[]
71,266,dotnet/runtime,.github/workflows/breaking-change-doc.md,network,False,,implicito,,[],,,,
71,266,dotnet/runtime,.github/workflows/breaking-change-doc.md,permissions,True,"{""contents"": ""read"", ""issues"": ""read"", ""pull-requests"": ""read""}",modificado,permissions_resto,[],mas_permisivo,lectura,perm_lecturas_con_contents,[]
72,268,dotnet/runtime,.github/workflows/ci-failure-fix.md,strict,False,,implicito,,[],,,,
72,268,dotnet/runtime,.github/workflows/ci-failure-fix.md,tools.bash,True,"[""dotnet"", ""git"", ""find"", ""ls"", ""cat"", ""grep"", ""head"", ""tail"", ""wc"", ""curl"", ""jq"", ""tee"", ""sed"", ""awk"", ""tr"", ""cut"", ""sort"", ""uniq"", ""xargs"", ""echo"", ""date"", ""mkdir"", ""test"", ""env"", ""basename"", ""dirname"", ""bash"", ""sh"", ""chmod""]",modificado,bash_other_list,[],sin_direccion,,bash_dir_agrega_y_quita,[]
72,268,dotnet/runtime,.github/workflows/ci-failure-fix.md,network,True,"{""allowed"": [""defaults"", ""github"", ""dev.azure.com"", ""helix.dot.net"", ""*.blob.core.windows.net""]}",modificado,network_resto,[],mas_permisivo,dominios,network_dir_defaults_mas_otros,[]
72,268,dotnet/runtime,.github/workflows/ci-failure-fix.md,permissions,True,"{""contents"": ""read"", ""issues"": ""read"", ""pull-requests"": ""read""}",modificado,permissions_resto,[],mas_permisivo,lectura,perm_lecturas_con_contents,[]
73,275,dotnet/runtime,.github/workflows/ci-failure-scan-feedback.md,strict,False,,implicito,,[],,,,
73,275,dotnet/runtime,.github/workflows/ci-failure-scan-feedback.md,tools.bash,True,"[""git"", ""find"", ""ls"", ""cat"", ""grep"", ""head"", ""tail"", ""wc"", ""curl"", ""jq"", ""tee"", ""sed"", ""awk"", ""tr"", ""cut"", ""sort"", ""uniq"", ""xargs"", ""echo"", ""date"", ""mkdir"", ""test"", ""env"", ""basename"", ""dirname"", ""gh""]",modificado,bash_other_list,[],sin_direccion,,bash_dir_agrega_y_quita,[]
73,275,dotnet/runtime,.github/workflows/ci-failure-scan-feedback.md,network,True,"{""allowed"": [""defaults"", ""github""]}",modificado,network_resto,[],mas_permisivo,dominios,network_dir_defaults_mas_otros,[]
73,275,dotnet/runtime,.github/workflows/ci-failure-scan-feedback.md,permissions,True,"{""actions"": ""read"", ""contents"": ""read"", ""issues"": ""read"", ""pull-requests"": ""read""}",modificado,permissions_resto,[],mas_permisivo,lectura,perm_lecturas_con_contents,[]
74,293,dotnet/runtime,.github/workflows/ci-failure-scan.md,strict,False,,implicito,,[],,,,
74,293,dotnet/runtime,.github/workflows/ci-failure-scan.md,tools.bash,True,"[""dotnet"", ""git"", ""find"", ""ls"", ""cat"", ""grep"", ""head"", ""tail"", ""wc"", ""curl"", ""jq"", ""tee"", ""sed"", ""awk"", ""tr"", ""cut"", ""sort"", ""uniq"", ""xargs"", ""echo"", ""date"", ""mkdir"", ""test"", ""env"", ""basename"", ""dirname"", ""bash"", ""sh"", ""chmod""]",modificado,bash_other_list,[],sin_direccion,,bash_dir_agrega_y_quita,[]
74,293,dotnet/runtime,.github/workflows/ci-failure-scan.md,network,True,"{""allowed"": [""defaults"", ""github"", ""dev.azure.com"", ""helix.dot.net"", ""*.blob.core.windows.net""]}",modificado,network_resto,[],mas_permisivo,dominios,network_dir_defaults_mas_otros,[]
74,293,dotnet/runtime,.github/workflows/ci-failure-scan.md,permissions,True,"{""contents"": ""read"", ""issues"": ""read"", ""pull-requests"": ""read""}",modificado,permissions_resto,[],mas_permisivo,lectura,perm_lecturas_con_contents,[]
75,296,dotnet/runtime,.github/workflows/code-review.md,strict,False,,implicito,,[],,,,
75,296,dotnet/runtime,.github/workflows/code-review.md,tools.bash,False,,implicito,,[],,,,
75,296,dotnet/runtime,.github/workflows/code-review.md,network,True,"{""allowed"": [""defaults""]}",explicito_igual_default,network_allowed_defaults,[],,,,
75,296,dotnet/runtime,.github/workflows/code-review.md,permissions,True,"{""contents"": ""read"", ""issues"": ""read"", ""pull-requests"": ""read""}",modificado,permissions_resto,[],mas_permisivo,lectura,perm_lecturas_con_contents,[]
76,298,dotnet/runtime,.github/workflows/copilot-echo.md,strict,False,,implicito,,[],,,,
76,298,dotnet/runtime,.github/workflows/copilot-echo.md,tools.bash,False,,implicito,,[],,,,
76,298,dotnet/runtime,.github/workflows/copilot-echo.md,network,True,"{""allowed"": [""defaults""]}",explicito_igual_default,network_allowed_defaults,[],,,,
76,298,dotnet/runtime,.github/workflows/copilot-echo.md,permissions,True,"{""contents"": ""read""}",explicito_igual_default,permissions_contents_read,[],,,,
77,300,dgreif/ring,.github/workflows/issue-triage.md,strict,False,,implicito,,[],,,,
77,300,dgreif/ring,.github/workflows/issue-triage.md,tools.bash,False,,implicito,,[],,,,
77,300,dgreif/ring,.github/workflows/issue-triage.md,network,True,"{""allowed"": [""defaults"", ""github""]}",modificado,network_resto,[],mas_permisivo,dominios,network_dir_defaults_mas_otros,[]
77,300,dgreif/ring,.github/workflows/issue-triage.md,permissions,True,"""read-all""",modificado,permissions_read_all,[],mas_permisivo,lectura,perm_read_all,[]
78,301,pulumi/pulumi-random,.github/workflows/gh-aw-pr-rereview.md,strict,True,true,explicito_igual_default,strict_true,[],,,,
78,301,pulumi/pulumi-random,.github/workflows/gh-aw-pr-rereview.md,tools.bash,False,,implicito,,[],,,,
78,301,pulumi/pulumi-random,.github/workflows/gh-aw-pr-rereview.md,network,False,,implicito,,[],,,,
78,301,pulumi/pulumi-random,.github/workflows/gh-aw-pr-rereview.md,permissions,True,"{""contents"": ""read"", ""id-token"": ""write"", ""pull-requests"": ""read""}",modificado,permissions_resto,[],mas_permisivo,autenticacion,perm_escritura_solo_autenticacion,[]
79,302,pulumi/pulumi-random,.github/workflows/gh-aw-pr-review.md,strict,True,true,explicito_igual_default,strict_true,[],,,,
79,302,pulumi/pulumi-random,.github/workflows/gh-aw-pr-review.md,tools.bash,False,,implicito,,[],,,,
79,302,pulumi/pulumi-random,.github/workflows/gh-aw-pr-review.md,network,False,,implicito,,[],,,,
79,302,pulumi/pulumi-random,.github/workflows/gh-aw-pr-review.md,permissions,True,"{""contents"": ""read"", ""id-token"": ""write"", ""pull-requests"": ""read""}",modificado,permissions_resto,[],mas_permisivo,autenticacion,perm_escritura_solo_autenticacion,[]
80,305,microsoft/pxt-arcade,.github/workflows/documentation.md,strict,False,,implicito,,[],,,,
80,305,microsoft/pxt-arcade,.github/workflows/documentation.md,tools.bash,True,true,modificado,bash_true,[],mas_permisivo,comandos,bash_dir_true,[]
80,305,microsoft/pxt-arcade,.github/workflows/documentation.md,network,False,,implicito,,[],,,,
80,305,microsoft/pxt-arcade,.github/workflows/documentation.md,permissions,True,"""read-all""",modificado,permissions_read_all,[],mas_permisivo,lectura,perm_read_all,[]
81,317,microsoft/pxt-arcade,.github/workflows/triage.md,strict,False,,implicito,,[],,,,
81,317,microsoft/pxt-arcade,.github/workflows/triage.md,tools.bash,True,true,modificado,bash_true,[],mas_permisivo,comandos,bash_dir_true,[]
81,317,microsoft/pxt-arcade,.github/workflows/triage.md,network,False,,implicito,,[],,,,
81,317,microsoft/pxt-arcade,.github/workflows/triage.md,permissions,True,"{""contents"": ""read"", ""issues"": ""read"", ""pull-requests"": ""read""}",modificado,permissions_resto,[],mas_permisivo,lectura,perm_lecturas_con_contents,[]
82,320,Alfresco/alfresco-ng2-components,.github/workflows/supply-chain-review.md,strict,False,,implicito,,[],,,,
82,320,Alfresco/alfresco-ng2-components,.github/workflows/supply-chain-review.md,tools.bash,False,,implicito,,[],,,,
82,320,Alfresco/alfresco-ng2-components,.github/workflows/supply-chain-review.md,network,True,"{""allowed"": [""defaults"", ""node"", ""java"", ""api.osv.dev"", ""api.scorecard.dev"", ""search.maven.org""]}",modificado,network_resto,[],mas_permisivo,dominios,network_dir_defaults_mas_otros,[]
82,320,Alfresco/alfresco-ng2-components,.github/workflows/supply-chain-review.md,permissions,True,"{""contents"": ""read"", ""pull-requests"": ""read""}",modificado,permissions_resto,[],mas_permisivo,lectura,perm_lecturas_con_contents,[]
83,322,storybookjs/storybook,.github/workflows/code-simplifier.md,strict,True,true,explicito_igual_default,strict_true,[],,,,
83,322,storybookjs/storybook,.github/workflows/code-simplifier.md,tools.bash,False,,implicito,,[],,,,
83,322,storybookjs/storybook,.github/workflows/code-simplifier.md,network,False,,implicito,,[],,,,
83,322,storybookjs/storybook,.github/workflows/code-simplifier.md,permissions,True,"{""contents"": ""read"", ""issues"": ""read"", ""pull-requests"": ""read""}",modificado,permissions_resto,[],mas_permisivo,lectura,perm_lecturas_con_contents,[]
84,324,storybookjs/storybook,.github/workflows/duplicate-code-detector.md,strict,True,true,explicito_igual_default,strict_true,[],,,,
84,324,storybookjs/storybook,.github/workflows/duplicate-code-detector.md,tools.bash,False,,implicito,,[],,,,
84,324,storybookjs/storybook,.github/workflows/duplicate-code-detector.md,network,False,,implicito,,[],,,,
84,324,storybookjs/storybook,.github/workflows/duplicate-code-detector.md,permissions,True,"{""contents"": ""read"", ""issues"": ""read"", ""pull-requests"": ""read""}",modificado,permissions_resto,[],mas_permisivo,lectura,perm_lecturas_con_contents,[]
85,327,microsoft/pxt,.github/workflows/documentation.md,strict,False,,implicito,,[],,,,
85,327,microsoft/pxt,.github/workflows/documentation.md,tools.bash,True,true,modificado,bash_true,[],mas_permisivo,comandos,bash_dir_true,[]
85,327,microsoft/pxt,.github/workflows/documentation.md,network,False,,implicito,,[],,,,
85,327,microsoft/pxt,.github/workflows/documentation.md,permissions,True,"{""contents"": ""read"", ""issues"": ""read"", ""pull-requests"": ""read""}",modificado,permissions_resto,[],mas_permisivo,lectura,perm_lecturas_con_contents,[]
86,328,PowerShell/vscode-powershell,.github/workflows/issue-comment-handler.md,strict,False,,implicito,,[],,,,
86,328,PowerShell/vscode-powershell,.github/workflows/issue-comment-handler.md,tools.bash,False,,implicito,,[],,,,
86,328,PowerShell/vscode-powershell,.github/workflows/issue-comment-handler.md,network,True,"""defaults""",explicito_igual_default,network_defaults,[],,,,
86,328,PowerShell/vscode-powershell,.github/workflows/issue-comment-handler.md,permissions,True,"{""copilot-requests"": ""write"", ""issues"": ""read""}",modificado,permissions_resto,[],mas_permisivo,autenticacion,perm_escritura_solo_autenticacion,[]
87,330,PowerShell/vscode-powershell,.github/workflows/issue-triage.md,strict,False,,implicito,,[],,,,
87,330,PowerShell/vscode-powershell,.github/workflows/issue-triage.md,tools.bash,False,,implicito,,[],,,,
87,330,PowerShell/vscode-powershell,.github/workflows/issue-triage.md,network,True,"""defaults""",explicito_igual_default,network_defaults,[],,,,
87,330,PowerShell/vscode-powershell,.github/workflows/issue-triage.md,permissions,True,"{""copilot-requests"": ""write"", ""issues"": ""read""}",modificado,permissions_resto,[],mas_permisivo,autenticacion,perm_escritura_solo_autenticacion,[]
88,331,PowerShell/vscode-powershell,.github/workflows/stale-closer.md,strict,False,,implicito,,[],,,,
88,331,PowerShell/vscode-powershell,.github/workflows/stale-closer.md,tools.bash,False,,implicito,,[],,,,
88,331,PowerShell/vscode-powershell,.github/workflows/stale-closer.md,network,True,"""defaults""",explicito_igual_default,network_defaults,[],,,,
88,331,PowerShell/vscode-powershell,.github/workflows/stale-closer.md,permissions,True,"{""copilot-requests"": ""write"", ""issues"": ""read""}",modificado,permissions_resto,[],mas_permisivo,autenticacion,perm_escritura_solo_autenticacion,[]
89,335,Azure/azure-sdk-for-js,.github/workflows/agent-observability.md,strict,False,,implicito,,[],,,,
89,335,Azure/azure-sdk-for-js,.github/workflows/agent-observability.md,tools.bash,True,true,modificado,bash_true,[],mas_permisivo,comandos,bash_dir_true,[]
89,335,Azure/azure-sdk-for-js,.github/workflows/agent-observability.md,network,False,,implicito,,[],,,,
89,335,Azure/azure-sdk-for-js,.github/workflows/agent-observability.md,permissions,True,"{""actions"": ""read"", ""contents"": ""read"", ""copilot-requests"": ""write"", ""issues"": ""read"", ""pull-requests"": ""read""}",modificado,permissions_resto,[],mas_permisivo,autenticacion,perm_escritura_solo_autenticacion,[]
90,351,Azure/azure-sdk-for-js,.github/workflows/archie.md,strict,False,,implicito,,[],,,,
90,351,Azure/azure-sdk-for-js,.github/workflows/archie.md,tools.bash,True,"[""cat"", ""date"", ""echo"", ""git:*"", ""grep"", ""head"", ""ls"", ""pwd"", ""sort"", ""tail"", ""uniq"", ""wc""]",modificado,bash_other_list,[],mas_permisivo,comandos,bash_dir_superconjunto,[]
90,351,Azure/azure-sdk-for-js,.github/workflows/archie.md,network,False,,implicito,,[],,,,
90,351,Azure/azure-sdk-for-js,.github/workflows/archie.md,permissions,True,"{""actions"": ""read"", ""contents"": ""read"", ""copilot-requests"": ""write"", ""pull-requests"": ""read""}",modificado,permissions_resto,[],mas_permisivo,autenticacion,perm_escritura_solo_autenticacion,[]
91,366,Azure/azure-sdk-for-js,.github/workflows/dash.md,strict,False,,implicito,,[],,,,
91,366,Azure/azure-sdk-for-js,.github/workflows/dash.md,tools.bash,True,true,modificado,bash_true,[],mas_permisivo,comandos,bash_dir_true,[]
91,366,Azure/azure-sdk-for-js,.github/workflows/dash.md,network,False,,implicito,,[],,,,
91,366,Azure/azure-sdk-for-js,.github/workflows/dash.md,permissions,True,"{""actions"": ""read"", ""contents"": ""read"", ""copilot-requests"": ""write"", ""pull-requests"": ""read""}",modificado,permissions_resto,[],mas_permisivo,autenticacion,perm_escritura_solo_autenticacion,[]
92,382,Azure/azure-sdk-for-js,.github/workflows/dexter.md,strict,False,,implicito,,[],,,,
92,382,Azure/azure-sdk-for-js,.github/workflows/dexter.md,tools.bash,True,"[""cat"", ""date"", ""echo"", ""grep"", ""head"", ""ls"", ""pwd"", ""sort"", ""tail"", ""uniq"", ""wc""]",explicito_igual_default,bash_default_set,[],,,,
92,382,Azure/azure-sdk-for-js,.github/workflows/dexter.md,network,False,,implicito,,[],,,,
92,382,Azure/azure-sdk-for-js,.github/workflows/dexter.md,permissions,True,"{""actions"": ""read"", ""contents"": ""read"", ""copilot-requests"": ""write"", ""pull-requests"": ""read"", ""security-events"": ""read"", ""vulnerability-alerts"": ""read""}",modificado,permissions_resto,[],mas_permisivo,autenticacion,perm_escritura_solo_autenticacion,[]
93,389,Azure/azure-sdk-for-js,.github/workflows/docs-consistency-check.md,strict,False,,implicito,,[],,,,
93,389,Azure/azure-sdk-for-js,.github/workflows/docs-consistency-check.md,tools.bash,True,true,modificado,bash_true,[],mas_permisivo,comandos,bash_dir_true,[]
93,389,Azure/azure-sdk-for-js,.github/workflows/docs-consistency-check.md,network,False,,implicito,,[],,,,
93,389,Azure/azure-sdk-for-js,.github/workflows/docs-consistency-check.md,permissions,True,"{""contents"": ""read"", ""copilot-requests"": ""write"", ""issues"": ""read"", ""pull-requests"": ""read""}",modificado,permissions_resto,[],mas_permisivo,autenticacion,perm_escritura_solo_autenticacion,[]
94,400,Azure/azure-sdk-for-js,.github/workflows/fix-test-failures.md,strict,False,,implicito,,[],,,,
94,400,Azure/azure-sdk-for-js,.github/workflows/fix-test-failures.md,tools.bash,True,true,modificado,bash_true,[],mas_permisivo,comandos,bash_dir_true,[]
94,400,Azure/azure-sdk-for-js,.github/workflows/fix-test-failures.md,network,True,"{""allowed"": [""defaults"", ""threat-detection"", ""github"", ""node"", ""dotnet""]}",modificado,network_resto,[],mas_permisivo,dominios,network_dir_defaults_mas_otros,[]
94,400,Azure/azure-sdk-for-js,.github/workflows/fix-test-failures.md,permissions,True,"{""actions"": ""read"", ""checks"": ""read"", ""contents"": ""read"", ""copilot-requests"": ""write"", ""issues"": ""read"", ""pull-requests"": ""read""}",modificado,permissions_resto,[],mas_permisivo,autenticacion,perm_escritura_solo_autenticacion,[]
95,407,Azure/azure-sdk-for-js,.github/workflows/issue-triage.md,strict,False,,implicito,,[],,,,
95,407,Azure/azure-sdk-for-js,.github/workflows/issue-triage.md,tools.bash,False,,implicito,,[],,,,
95,407,Azure/azure-sdk-for-js,.github/workflows/issue-triage.md,network,True,"{""allowed"": [""defaults"", ""node"", ""github""]}",modificado,network_resto,[],mas_permisivo,dominios,network_dir_defaults_mas_otros,[]
95,407,Azure/azure-sdk-for-js,.github/workflows/issue-triage.md,permissions,True,"{""contents"": ""read"", ""copilot-requests"": ""write"", ""issues"": ""read""}",modificado,permissions_resto,[],mas_permisivo,autenticacion,perm_escritura_solo_autenticacion,[]
96,411,Azure/azure-sdk-for-js,.github/workflows/mgmt-guidance.md,strict,True,false,modificado,strict_resto,[],mas_permisivo,restricciones del modo estricto,strict_dir_false,[]
96,411,Azure/azure-sdk-for-js,.github/workflows/mgmt-guidance.md,tools.bash,True,true,modificado,bash_true,[],mas_permisivo,comandos,bash_dir_true,[]
96,411,Azure/azure-sdk-for-js,.github/workflows/mgmt-guidance.md,network,True,"{""allowed"": [""defaults"", ""dev.azure.com""]}",modificado,network_resto,[],mas_permisivo,dominios,network_dir_defaults_mas_otros,[]
96,411,Azure/azure-sdk-for-js,.github/workflows/mgmt-guidance.md,permissions,True,"{""actions"": ""read"", ""contents"": ""read"", ""copilot-requests"": ""write"", ""pull-requests"": ""read""}",modificado,permissions_resto,[],mas_permisivo,autenticacion,perm_escritura_solo_autenticacion,[]
97,436,Azure/azure-sdk-for-js,.github/workflows/mgmt-review.md,strict,True,false,modificado,strict_resto,[],mas_permisivo,restricciones del modo estricto,strict_dir_false,[]
97,436,Azure/azure-sdk-for-js,.github/workflows/mgmt-review.md,tools.bash,True,true,modificado,bash_true,[],mas_permisivo,comandos,bash_dir_true,[]
97,436,Azure/azure-sdk-for-js,.github/workflows/mgmt-review.md,network,True,"{""allowed"": [""defaults"", ""node"", ""dev.azure.com""]}",modificado,network_resto,[],mas_permisivo,dominios,network_dir_defaults_mas_otros,[]
97,436,Azure/azure-sdk-for-js,.github/workflows/mgmt-review.md,permissions,True,"{""actions"": ""read"", ""contents"": ""read"", ""copilot-requests"": ""write"", ""pull-requests"": ""read""}",modificado,permissions_resto,[],mas_permisivo,autenticacion,perm_escritura_solo_autenticacion,[]
98,451,Azure/azure-sdk-for-js,.github/workflows/scribe.md,strict,False,,implicito,,[],,,,
98,451,Azure/azure-sdk-for-js,.github/workflows/scribe.md,tools.bash,True,"[""cat"", ""date"", ""echo"", ""grep"", ""head"", ""ls"", ""pwd"", ""sort"", ""tail"", ""uniq"", ""wc""]",explicito_igual_default,bash_default_set,[],,,,
98,451,Azure/azure-sdk-for-js,.github/workflows/scribe.md,network,False,,implicito,,[],,,,
98,451,Azure/azure-sdk-for-js,.github/workflows/scribe.md,permissions,True,"{""actions"": ""read"", ""contents"": ""read"", ""copilot-requests"": ""write"", ""pull-requests"": ""read""}",modificado,permissions_resto,[],mas_permisivo,autenticacion,perm_escritura_solo_autenticacion,[]
99,466,Azure/azure-sdk-for-js,.github/workflows/sentinel.md,strict,False,,implicito,,[],,,,
99,466,Azure/azure-sdk-for-js,.github/workflows/sentinel.md,tools.bash,True,"[""cat"", ""date"", ""echo"", ""grep"", ""head"", ""ls"", ""pwd"", ""sort"", ""tail"", ""uniq"", ""wc""]",explicito_igual_default,bash_default_set,[],,,,
99,466,Azure/azure-sdk-for-js,.github/workflows/sentinel.md,network,True,"{""allowed"": [""defaults"", ""node"", ""osv.dev""]}",modificado,network_resto,[],mas_permisivo,dominios,network_dir_defaults_mas_otros,[]
99,466,Azure/azure-sdk-for-js,.github/workflows/sentinel.md,permissions,True,"{""actions"": ""read"", ""contents"": ""read"", ""copilot-requests"": ""write"", ""pull-requests"": ""read"", ""security-events"": ""read""}",modificado,permissions_resto,[],mas_permisivo,autenticacion,perm_escritura_solo_autenticacion,[]
100,481,Azure/azure-sdk-for-js,.github/workflows/tester.md,strict,False,,implicito,,[],,,,
100,481,Azure/azure-sdk-for-js,.github/workflows/tester.md,tools.bash,True,"[""cat"", ""date"", ""echo"", ""grep"", ""head"", ""ls"", ""pwd"", ""sort"", ""tail"", ""uniq"", ""wc""]",explicito_igual_default,bash_default_set,[],,,,
100,481,Azure/azure-sdk-for-js,.github/workflows/tester.md,network,False,,implicito,,[],,,,
100,481,Azure/azure-sdk-for-js,.github/workflows/tester.md,permissions,True,"{""actions"": ""read"", ""contents"": ""read"", ""copilot-requests"": ""write"", ""pull-requests"": ""read""}",modificado,permissions_resto,[],mas_permisivo,autenticacion,perm_escritura_solo_autenticacion,[]
101,488,Azure/azure-sdk-for-js,.github/workflows/upgrade-agentic-workflows.md,strict,False,,implicito,,[],,,,
101,488,Azure/azure-sdk-for-js,.github/workflows/upgrade-agentic-workflows.md,tools.bash,True,true,modificado,bash_true,[],mas_permisivo,comandos,bash_dir_true,[]
101,488,Azure/azure-sdk-for-js,.github/workflows/upgrade-agentic-workflows.md,network,True,"{""allowed"": [""defaults"", ""github"", ""node"", ""go""]}",modificado,network_resto,[],mas_permisivo,dominios,network_dir_defaults_mas_otros,[]
101,488,Azure/azure-sdk-for-js,.github/workflows/upgrade-agentic-workflows.md,permissions,True,"{""contents"": ""read"", ""copilot-requests"": ""write"", ""issues"": ""read"", ""pull-requests"": ""read""}",modificado,permissions_resto,[],mas_permisivo,autenticacion,perm_escritura_solo_autenticacion,[]
102,489,WordPress/grunt-patch-wordpress,.github/workflows/dependabot-pr-review.md,strict,False,,implicito,,[],,,,
102,489,WordPress/grunt-patch-wordpress,.github/workflows/dependabot-pr-review.md,tools.bash,False,,implicito,,[],,,,
102,489,WordPress/grunt-patch-wordpress,.github/workflows/dependabot-pr-review.md,network,False,,implicito,,[],,,,
102,489,WordPress/grunt-patch-wordpress,.github/workflows/dependabot-pr-review.md,permissions,False,,implicito,,[],,,,
103,494,ptarmiganlabs/butler-sos,.github/workflows/duplicate-code-detector.md,strict,False,,implicito,,[],,,,
103,494,ptarmiganlabs/butler-sos,.github/workflows/duplicate-code-detector.md,tools.bash,False,,implicito,,[],,,,
103,494,ptarmiganlabs/butler-sos,.github/workflows/duplicate-code-detector.md,network,False,,implicito,,[],,,,
103,494,ptarmiganlabs/butler-sos,.github/workflows/duplicate-code-detector.md,permissions,True,"{""contents"": ""read"", ""issues"": ""read"", ""pull-requests"": ""read""}",modificado,permissions_resto,[],mas_permisivo,lectura,perm_lecturas_con_contents,[]
104,497,ptarmiganlabs/butler-sos,.github/workflows/grumpy-reviewer.md,strict,False,,implicito,,[],,,,
104,497,ptarmiganlabs/butler-sos,.github/workflows/grumpy-reviewer.md,tools.bash,False,,implicito,,[],,,,
104,497,ptarmiganlabs/butler-sos,.github/workflows/grumpy-reviewer.md,network,False,,implicito,,[],,,,
104,497,ptarmiganlabs/butler-sos,.github/workflows/grumpy-reviewer.md,permissions,True,"{""contents"": ""read"", ""pull-requests"": ""read""}",modificado,permissions_resto,[],mas_permisivo,lectura,perm_lecturas_con_contents,[]
105,499,IgniteUI/igniteui-docfx,.github/workflows/sync-jp-docs.md,strict,False,,implicito,,[],,,,
105,499,IgniteUI/igniteui-docfx,.github/workflows/sync-jp-docs.md,tools.bash,True,"[""git diff --name-only *"", ""git diff *"", ""git show *"", ""git log *"", ""ls *"", ""cat *""]",modificado,bash_other_list,[],sin_direccion,,bash_dir_agrega_y_quita,[]
105,499,IgniteUI/igniteui-docfx,.github/workflows/sync-jp-docs.md,network,False,,implicito,,[],,,,
105,499,IgniteUI/igniteui-docfx,.github/workflows/sync-jp-docs.md,permissions,True,"{""actions"": ""read"", ""contents"": ""read""}",modificado,permissions_resto,[],mas_permisivo,lectura,perm_lecturas_con_contents,[]
106,512,appwrite/appwrite,.github/workflows/issue-triage.md,strict,False,,implicito,,[],,,,
106,512,appwrite/appwrite,.github/workflows/issue-triage.md,tools.bash,False,,implicito,,[],,,,
106,512,appwrite/appwrite,.github/workflows/issue-triage.md,network,True,"""defaults""",explicito_igual_default,network_defaults,[],,,,
106,512,appwrite/appwrite,.github/workflows/issue-triage.md,permissions,True,"""read-all""",modificado,permissions_read_all,[],mas_permisivo,lectura,perm_read_all,[]
107,513,microsoft/Web-Dev-For-Beginners,.github/workflows/daily-repo-status.md,strict,False,,implicito,,[],,,,
107,513,microsoft/Web-Dev-For-Beginners,.github/workflows/daily-repo-status.md,tools.bash,False,,implicito,,[],,,,
107,513,microsoft/Web-Dev-For-Beginners,.github/workflows/daily-repo-status.md,network,True,"""defaults""",explicito_igual_default,network_defaults,[],,,,
107,513,microsoft/Web-Dev-For-Beginners,.github/workflows/daily-repo-status.md,permissions,True,"{""contents"": ""read"", ""issues"": ""read"", ""pull-requests"": ""read""}",modificado,permissions_resto,[],mas_permisivo,lectura,perm_lecturas_con_contents,[]
108,516,elastic/kibana,.github/workflows/backlog-groom.md,strict,False,,implicito,,[],,,,
108,516,elastic/kibana,.github/workflows/backlog-groom.md,tools.bash,False,,implicito,,[],,,,
108,516,elastic/kibana,.github/workflows/backlog-groom.md,network,True,"{""allowed"": [""defaults"", ""github"", ""node"", ""kibana-bazel-remote-h5qd3jkxkq-uc.a.run.app"", ""elastic.litellm-prod.ai""]}",modificado,network_resto,[],mas_permisivo,dominios,network_dir_defaults_mas_otros,[]
108,516,elastic/kibana,.github/workflows/backlog-groom.md,permissions,True,"{""contents"": ""read"", ""issues"": ""read"", ""pull-requests"": ""read""}",modificado,permissions_resto,[],mas_permisivo,lectura,perm_lecturas_con_contents,[]
109,523,elastic/kibana,.github/workflows/failed-backport-resolver.md,strict,True,false,modificado,strict_resto,[],mas_permisivo,restricciones del modo estricto,strict_dir_false,[]
109,523,elastic/kibana,.github/workflows/failed-backport-resolver.md,tools.bash,True,true,modificado,bash_true,[],mas_permisivo,comandos,bash_dir_true,[]
109,523,elastic/kibana,.github/workflows/failed-backport-resolver.md,network,True,"{""allowed"": [""defaults"", ""github"", ""registry.npmjs.org"", ""registry.yarnpkg.com"", ""kibana-bazel-remote-h5qd3jkxkq-uc.a.run.app"", ""elastic.litellm-prod.ai""]}",modificado,network_resto,[],mas_permisivo,dominios,network_dir_defaults_mas_otros,[]
109,523,elastic/kibana,.github/workflows/failed-backport-resolver.md,permissions,True,"{""contents"": ""read"", ""issues"": ""read"", ""pull-requests"": ""read""}",modificado,permissions_resto,[],mas_permisivo,lectura,perm_lecturas_con_contents,[]
110,537,elastic/kibana,.github/workflows/failed-test-investigator.md,strict,True,false,modificado,strict_resto,[],mas_permisivo,restricciones del modo estricto,strict_dir_false,[]
110,537,elastic/kibana,.github/workflows/failed-test-investigator.md,tools.bash,True,true,modificado,bash_true,[],mas_permisivo,comandos,bash_dir_true,[]
110,537,elastic/kibana,.github/workflows/failed-test-investigator.md,network,True,"{""allowed"": [""defaults"", ""buildkite.com"", ""*.buildkite.com"", ""buildkiteartifacts.com"", ""ci-stats.kibana.dev"", ""github.com"", ""api.github.com"", ""elastic.litellm-prod.ai""]}",modificado,network_resto,[],mas_permisivo,dominios,network_dir_defaults_mas_otros,[]
110,537,elastic/kibana,.github/workflows/failed-test-investigator.md,permissions,True,"{""actions"": ""read"", ""checks"": ""read"", ""contents"": ""read"", ""issues"": ""read"", ""models"": ""read"", ""pull-requests"": ""read""}",modificado,permissions_resto,[],mas_permisivo,lectura,perm_lecturas_con_contents,[]
111,543,elastic/kibana,.github/workflows/flaky-test-fixer.md,strict,True,false,modificado,strict_resto,[],mas_permisivo,restricciones del modo estricto,strict_dir_false,[]
111,543,elastic/kibana,.github/workflows/flaky-test-fixer.md,tools.bash,True,true,modificado,bash_true,[],mas_permisivo,comandos,bash_dir_true,[]
111,543,elastic/kibana,.github/workflows/flaky-test-fixer.md,network,True,"{""allowed"": [""defaults"", ""buildkite.com"", ""*.buildkite.com"", ""ci-stats.kibana.dev"", ""github.com"", ""api.github.com"", ""elastic.litellm-prod.ai""]}",modificado,network_resto,[],mas_permisivo,dominios,network_dir_defaults_mas_otros,[]
111,543,elastic/kibana,.github/workflows/flaky-test-fixer.md,permissions,True,"{""actions"": ""read"", ""checks"": ""read"", ""contents"": ""read"", ""issues"": ""read"", ""models"": ""read"", ""pull-requests"": ""read""}",modificado,permissions_resto,[],mas_permisivo,lectura,perm_lecturas_con_contents,[]
112,554,elastic/kibana,.github/workflows/reviewer-claude.md,strict,False,,implicito,,[],,,,
112,554,elastic/kibana,.github/workflows/reviewer-claude.md,tools.bash,False,,implicito,,[],,,,
112,554,elastic/kibana,.github/workflows/reviewer-claude.md,network,True,"{""allowed"": [""defaults"", ""github"", ""elastic.litellm-prod.ai""]}",modificado,network_resto,[],mas_permisivo,dominios,network_dir_defaults_mas_otros,[]
112,554,elastic/kibana,.github/workflows/reviewer-claude.md,permissions,True,"{""contents"": ""read"", ""issues"": ""read"", ""pull-requests"": ""read""}",modificado,permissions_resto,[],mas_permisivo,lectura,perm_lecturas_con_contents,[]
113,559,elastic/kibana,.github/workflows/reviewer-codex.md,strict,False,,implicito,,[],,,,
113,559,elastic/kibana,.github/workflows/reviewer-codex.md,tools.bash,False,,implicito,,[],,,,
113,559,elastic/kibana,.github/workflows/reviewer-codex.md,network,True,"{""allowed"": [""defaults"", ""github"", ""chatgpt.com"", ""openrouter.ai""]}",modificado,network_resto,[],mas_permisivo,dominios,network_dir_defaults_mas_otros,[]
113,559,elastic/kibana,.github/workflows/reviewer-codex.md,permissions,True,"{""contents"": ""read"", ""issues"": ""read"", ""pull-requests"": ""read""}",modificado,permissions_resto,[],mas_permisivo,lectura,perm_lecturas_con_contents,[]
114,561,elastic/kibana,.github/workflows/reviewer-scout.md,strict,False,,implicito,,[],,,,
114,561,elastic/kibana,.github/workflows/reviewer-scout.md,tools.bash,False,,implicito,,[],,,,
114,561,elastic/kibana,.github/workflows/reviewer-scout.md,network,True,"{""allowed"": [""defaults"", ""github"", ""elastic.litellm-prod.ai"", ""elastic.co""]}",modificado,network_resto,[],mas_permisivo,dominios,network_dir_defaults_mas_otros,[]
114,561,elastic/kibana,.github/workflows/reviewer-scout.md,permissions,True,"{""contents"": ""read"", ""issues"": ""read"", ""pull-requests"": ""read""}",modificado,permissions_resto,[],mas_permisivo,lectura,perm_lecturas_con_contents,[]
115,565,lablup/backend.ai-webui,.github/workflows/daily-test-improver.md,strict,False,,implicito,,[],,,,
115,565,lablup/backend.ai-webui,.github/workflows/daily-test-improver.md,tools.bash,True,null,explicito_igual_default,bash_null,[],,,,
115,565,lablup/backend.ai-webui,.github/workflows/daily-test-improver.md,network,True,"""defaults""",explicito_igual_default,network_defaults,[],,,,
115,565,lablup/backend.ai-webui,.github/workflows/daily-test-improver.md,permissions,True,"{""all"": ""read"", ""id-token"": ""write""}",modificado,permissions_resto,[],mas_permisivo,autenticacion,perm_escritura_solo_autenticacion,[]
116,569,lablup/backend.ai-webui,.github/workflows/e2e-healer.md,strict,False,,implicito,,[],,,,
116,569,lablup/backend.ai-webui,.github/workflows/e2e-healer.md,tools.bash,True,"[""ls*"", ""cat*"", ""git status*""]",modificado,bash_other_list,[],sin_direccion,,bash_dir_agrega_y_quita,[]
116,569,lablup/backend.ai-webui,.github/workflows/e2e-healer.md,network,True,"{""allowed"": [""node"", ""npm"", ""playwright""]}",modificado,network_resto,[],sin_direccion,,network_dir_sin_defaults,[]
116,569,lablup/backend.ai-webui,.github/workflows/e2e-healer.md,permissions,True,"""read-all""",modificado,permissions_read_all,[],mas_permisivo,lectura,perm_read_all,[]
117,573,lablup/backend.ai-webui,.github/workflows/e2e-watchdog.md,strict,False,,implicito,,[],,,,
117,573,lablup/backend.ai-webui,.github/workflows/e2e-watchdog.md,tools.bash,True,"[""ls*"", ""cat*"", ""git status*""]",modificado,bash_other_list,[],sin_direccion,,bash_dir_agrega_y_quita,[]
117,573,lablup/backend.ai-webui,.github/workflows/e2e-watchdog.md,network,True,"{""allowed"": [""node"", ""npm"", ""playwright""]}",modificado,network_resto,[],sin_direccion,,network_dir_sin_defaults,[]
117,573,lablup/backend.ai-webui,.github/workflows/e2e-watchdog.md,permissions,True,"""read-all""",modificado,permissions_read_all,[],mas_permisivo,lectura,perm_read_all,[]
118,574,lablup/backend.ai-webui,.github/workflows/storybook-coverage-checker.md,strict,False,,implicito,,[],,,,
118,574,lablup/backend.ai-webui,.github/workflows/storybook-coverage-checker.md,tools.bash,True,null,explicito_igual_default,bash_null,[],,,,
118,574,lablup/backend.ai-webui,.github/workflows/storybook-coverage-checker.md,network,False,,implicito,,[],,,,
118,574,lablup/backend.ai-webui,.github/workflows/storybook-coverage-checker.md,permissions,True,"{""contents"": ""read"", ""pull-requests"": ""read""}",modificado,permissions_resto,[],mas_permisivo,lectura,perm_lecturas_con_contents,[]
119,576,lablup/backend.ai-webui,.github/workflows/weekly-team-status.md,strict,False,,implicito,,[],,,,
119,576,lablup/backend.ai-webui,.github/workflows/weekly-team-status.md,tools.bash,False,,implicito,,[],,,,
119,576,lablup/backend.ai-webui,.github/workflows/weekly-team-status.md,network,True,"""defaults""",explicito_igual_default,network_defaults,[],,,,
119,576,lablup/backend.ai-webui,.github/workflows/weekly-team-status.md,permissions,True,"{""contents"": ""read"", ""issues"": ""read"", ""pull-requests"": ""read""}",modificado,permissions_resto,[],mas_permisivo,lectura,perm_lecturas_con_contents,[]
120,579,Josverl/micropython-stubs,.github/workflows/quality-issue-triage.md,strict,False,,implicito,,[],,,,
120,579,Josverl/micropython-stubs,.github/workflows/quality-issue-triage.md,tools.bash,False,,implicito,,[],,,,
120,579,Josverl/micropython-stubs,.github/workflows/quality-issue-triage.md,network,True,"""defaults""",explicito_igual_default,network_defaults,[],,,,
120,579,Josverl/micropython-stubs,.github/workflows/quality-issue-triage.md,permissions,True,"{""contents"": ""read"", ""issues"": ""read"", ""pull-requests"": ""read""}",modificado,permissions_resto,[],mas_permisivo,lectura,perm_lecturas_con_contents,[]
121,580,pulumi/pulumi-postgresql,.github/workflows/gh-aw-pr-rereview.md,strict,True,true,explicito_igual_default,strict_true,[],,,,
121,580,pulumi/pulumi-postgresql,.github/workflows/gh-aw-pr-rereview.md,tools.bash,False,,implicito,,[],,,,
121,580,pulumi/pulumi-postgresql,.github/workflows/gh-aw-pr-rereview.md,network,False,,implicito,,[],,,,
121,580,pulumi/pulumi-postgresql,.github/workflows/gh-aw-pr-rereview.md,permissions,True,"{""contents"": ""read"", ""id-token"": ""write"", ""pull-requests"": ""read""}",modificado,permissions_resto,[],mas_permisivo,autenticacion,perm_escritura_solo_autenticacion,[]
122,581,pulumi/pulumi-postgresql,.github/workflows/gh-aw-pr-review.md,strict,True,true,explicito_igual_default,strict_true,[],,,,
122,581,pulumi/pulumi-postgresql,.github/workflows/gh-aw-pr-review.md,tools.bash,False,,implicito,,[],,,,
122,581,pulumi/pulumi-postgresql,.github/workflows/gh-aw-pr-review.md,network,False,,implicito,,[],,,,
122,581,pulumi/pulumi-postgresql,.github/workflows/gh-aw-pr-review.md,permissions,True,"{""contents"": ""read"", ""id-token"": ""write"", ""pull-requests"": ""read""}",modificado,permissions_resto,[],mas_permisivo,autenticacion,perm_escritura_solo_autenticacion,[]
123,582,pulumi/pulumi-linode,.github/workflows/gh-aw-pr-rereview.md,strict,True,true,explicito_igual_default,strict_true,[],,,,
123,582,pulumi/pulumi-linode,.github/workflows/gh-aw-pr-rereview.md,tools.bash,False,,implicito,,[],,,,
123,582,pulumi/pulumi-linode,.github/workflows/gh-aw-pr-rereview.md,network,False,,implicito,,[],,,,
123,582,pulumi/pulumi-linode,.github/workflows/gh-aw-pr-rereview.md,permissions,True,"{""contents"": ""read"", ""id-token"": ""write"", ""pull-requests"": ""read""}",modificado,permissions_resto,[],mas_permisivo,autenticacion,perm_escritura_solo_autenticacion,[]
124,583,pulumi/pulumi-linode,.github/workflows/gh-aw-pr-review.md,strict,True,true,explicito_igual_default,strict_true,[],,,,
124,583,pulumi/pulumi-linode,.github/workflows/gh-aw-pr-review.md,tools.bash,False,,implicito,,[],,,,
124,583,pulumi/pulumi-linode,.github/workflows/gh-aw-pr-review.md,network,False,,implicito,,[],,,,
124,583,pulumi/pulumi-linode,.github/workflows/gh-aw-pr-review.md,permissions,True,"{""contents"": ""read"", ""id-token"": ""write"", ""pull-requests"": ""read""}",modificado,permissions_resto,[],mas_permisivo,autenticacion,perm_escritura_solo_autenticacion,[]
125,599,licensee/licensee,.github/workflows/repo-assist.md,strict,False,,implicito,,[],,,,
125,599,licensee/licensee,.github/workflows/repo-assist.md,tools.bash,True,true,modificado,bash_true,[],mas_permisivo,comandos,bash_dir_true,[]
125,599,licensee/licensee,.github/workflows/repo-assist.md,network,True,"{""allowed"": [""defaults"", ""dotnet"", ""node"", ""python"", ""rust"", ""java"", ""ruby""]}",modificado,network_resto,[],mas_permisivo,dominios,network_dir_defaults_mas_otros,[]
125,599,licensee/licensee,.github/workflows/repo-assist.md,permissions,True,"""read-all""",modificado,permissions_read_all,[],mas_permisivo,lectura,perm_read_all,[]
126,602,pulumi/pulumi-kubernetes-operator,.github/workflows/kubernetes-operator-pr-rereview.md,strict,True,true,explicito_igual_default,strict_true,[],,,,
126,602,pulumi/pulumi-kubernetes-operator,.github/workflows/kubernetes-operator-pr-rereview.md,tools.bash,False,,implicito,,[],,,,
126,602,pulumi/pulumi-kubernetes-operator,.github/workflows/kubernetes-operator-pr-rereview.md,network,False,,implicito,,[],,,,
126,602,pulumi/pulumi-kubernetes-operator,.github/workflows/kubernetes-operator-pr-rereview.md,permissions,True,"{""contents"": ""read"", ""id-token"": ""write"", ""pull-requests"": ""read""}",modificado,permissions_resto,[],mas_permisivo,autenticacion,perm_escritura_solo_autenticacion,[]
127,605,pulumi/pulumi-kubernetes-operator,.github/workflows/kubernetes-operator-pr-review.md,strict,True,true,explicito_igual_default,strict_true,[],,,,
127,605,pulumi/pulumi-kubernetes-operator,.github/workflows/kubernetes-operator-pr-review.md,tools.bash,False,,implicito,,[],,,,
127,605,pulumi/pulumi-kubernetes-operator,.github/workflows/kubernetes-operator-pr-review.md,network,False,,implicito,,[],,,,
127,605,pulumi/pulumi-kubernetes-operator,.github/workflows/kubernetes-operator-pr-review.md,permissions,True,"{""contents"": ""read"", ""id-token"": ""write"", ""pull-requests"": ""read""}",modificado,permissions_resto,[],mas_permisivo,autenticacion,perm_escritura_solo_autenticacion,[]
128,606,pulumi/pulumi-terraform,.github/workflows/gh-aw-pr-rereview.md,strict,True,true,explicito_igual_default,strict_true,[],,,,
128,606,pulumi/pulumi-terraform,.github/workflows/gh-aw-pr-rereview.md,tools.bash,False,,implicito,,[],,,,
128,606,pulumi/pulumi-terraform,.github/workflows/gh-aw-pr-rereview.md,network,False,,implicito,,[],,,,
128,606,pulumi/pulumi-terraform,.github/workflows/gh-aw-pr-rereview.md,permissions,True,"{""contents"": ""read"", ""id-token"": ""write"", ""pull-requests"": ""read""}",modificado,permissions_resto,[],mas_permisivo,autenticacion,perm_escritura_solo_autenticacion,[]
129,607,pulumi/pulumi-terraform,.github/workflows/gh-aw-pr-review.md,strict,True,true,explicito_igual_default,strict_true,[],,,,
129,607,pulumi/pulumi-terraform,.github/workflows/gh-aw-pr-review.md,tools.bash,False,,implicito,,[],,,,
129,607,pulumi/pulumi-terraform,.github/workflows/gh-aw-pr-review.md,network,False,,implicito,,[],,,,
129,607,pulumi/pulumi-terraform,.github/workflows/gh-aw-pr-review.md,permissions,True,"{""contents"": ""read"", ""id-token"": ""write"", ""pull-requests"": ""read""}",modificado,permissions_resto,[],mas_permisivo,autenticacion,perm_escritura_solo_autenticacion,[]
130,608,pulumi/pulumi-digitalocean,.github/workflows/gh-aw-pr-rereview.md,strict,True,true,explicito_igual_default,strict_true,[],,,,
130,608,pulumi/pulumi-digitalocean,.github/workflows/gh-aw-pr-rereview.md,tools.bash,False,,implicito,,[],,,,
130,608,pulumi/pulumi-digitalocean,.github/workflows/gh-aw-pr-rereview.md,network,False,,implicito,,[],,,,
130,608,pulumi/pulumi-digitalocean,.github/workflows/gh-aw-pr-rereview.md,permissions,True,"{""contents"": ""read"", ""id-token"": ""write"", ""pull-requests"": ""read""}",modificado,permissions_resto,[],mas_permisivo,autenticacion,perm_escritura_solo_autenticacion,[]
131,609,pulumi/pulumi-digitalocean,.github/workflows/gh-aw-pr-review.md,strict,True,true,explicito_igual_default,strict_true,[],,,,
131,609,pulumi/pulumi-digitalocean,.github/workflows/gh-aw-pr-review.md,tools.bash,False,,implicito,,[],,,,
131,609,pulumi/pulumi-digitalocean,.github/workflows/gh-aw-pr-review.md,network,False,,implicito,,[],,,,
131,609,pulumi/pulumi-digitalocean,.github/workflows/gh-aw-pr-review.md,permissions,True,"{""contents"": ""read"", ""id-token"": ""write"", ""pull-requests"": ""read""}",modificado,permissions_resto,[],mas_permisivo,autenticacion,perm_escritura_solo_autenticacion,[]
132,610,pulumi/pulumi-docker,.github/workflows/gh-aw-pr-rereview.md,strict,True,true,explicito_igual_default,strict_true,[],,,,
132,610,pulumi/pulumi-docker,.github/workflows/gh-aw-pr-rereview.md,tools.bash,False,,implicito,,[],,,,
132,610,pulumi/pulumi-docker,.github/workflows/gh-aw-pr-rereview.md,network,False,,implicito,,[],,,,
132,610,pulumi/pulumi-docker,.github/workflows/gh-aw-pr-rereview.md,permissions,True,"{""contents"": ""read"", ""id-token"": ""write"", ""pull-requests"": ""read""}",modificado,permissions_resto,[],mas_permisivo,autenticacion,perm_escritura_solo_autenticacion,[]
133,611,pulumi/pulumi-docker,.github/workflows/gh-aw-pr-review.md,strict,True,true,explicito_igual_default,strict_true,[],,,,
133,611,pulumi/pulumi-docker,.github/workflows/gh-aw-pr-review.md,tools.bash,False,,implicito,,[],,,,
133,611,pulumi/pulumi-docker,.github/workflows/gh-aw-pr-review.md,network,False,,implicito,,[],,,,
133,611,pulumi/pulumi-docker,.github/workflows/gh-aw-pr-review.md,permissions,True,"{""contents"": ""read"", ""id-token"": ""write"", ""pull-requests"": ""read""}",modificado,permissions_resto,[],mas_permisivo,autenticacion,perm_escritura_solo_autenticacion,[]
134,612,pulumi/pulumi-alicloud,.github/workflows/gh-aw-pr-rereview.md,strict,True,true,explicito_igual_default,strict_true,[],,,,
134,612,pulumi/pulumi-alicloud,.github/workflows/gh-aw-pr-rereview.md,tools.bash,False,,implicito,,[],,,,
134,612,pulumi/pulumi-alicloud,.github/workflows/gh-aw-pr-rereview.md,network,False,,implicito,,[],,,,
134,612,pulumi/pulumi-alicloud,.github/workflows/gh-aw-pr-rereview.md,permissions,True,"{""contents"": ""read"", ""id-token"": ""write"", ""pull-requests"": ""read""}",modificado,permissions_resto,[],mas_permisivo,autenticacion,perm_escritura_solo_autenticacion,[]
135,613,pulumi/pulumi-alicloud,.github/workflows/gh-aw-pr-review.md,strict,True,true,explicito_igual_default,strict_true,[],,,,
135,613,pulumi/pulumi-alicloud,.github/workflows/gh-aw-pr-review.md,tools.bash,False,,implicito,,[],,,,
135,613,pulumi/pulumi-alicloud,.github/workflows/gh-aw-pr-review.md,network,False,,implicito,,[],,,,
135,613,pulumi/pulumi-alicloud,.github/workflows/gh-aw-pr-review.md,permissions,True,"{""contents"": ""read"", ""id-token"": ""write"", ""pull-requests"": ""read""}",modificado,permissions_resto,[],mas_permisivo,autenticacion,perm_escritura_solo_autenticacion,[]
136,614,pulumi/pulumi-cloudflare,.github/workflows/gh-aw-pr-rereview.md,strict,True,true,explicito_igual_default,strict_true,[],,,,
136,614,pulumi/pulumi-cloudflare,.github/workflows/gh-aw-pr-rereview.md,tools.bash,False,,implicito,,[],,,,
136,614,pulumi/pulumi-cloudflare,.github/workflows/gh-aw-pr-rereview.md,network,False,,implicito,,[],,,,
136,614,pulumi/pulumi-cloudflare,.github/workflows/gh-aw-pr-rereview.md,permissions,True,"{""contents"": ""read"", ""id-token"": ""write"", ""pull-requests"": ""read""}",modificado,permissions_resto,[],mas_permisivo,autenticacion,perm_escritura_solo_autenticacion,[]
137,615,pulumi/pulumi-cloudflare,.github/workflows/gh-aw-pr-review.md,strict,True,true,explicito_igual_default,strict_true,[],,,,
137,615,pulumi/pulumi-cloudflare,.github/workflows/gh-aw-pr-review.md,tools.bash,False,,implicito,,[],,,,
137,615,pulumi/pulumi-cloudflare,.github/workflows/gh-aw-pr-review.md,network,False,,implicito,,[],,,,
137,615,pulumi/pulumi-cloudflare,.github/workflows/gh-aw-pr-review.md,permissions,True,"{""contents"": ""read"", ""id-token"": ""write"", ""pull-requests"": ""read""}",modificado,permissions_resto,[],mas_permisivo,autenticacion,perm_escritura_solo_autenticacion,[]
138,616,pulumi/pulumi-gcp,.github/workflows/gh-aw-pr-rereview.md,strict,True,true,explicito_igual_default,strict_true,[],,,,
138,616,pulumi/pulumi-gcp,.github/workflows/gh-aw-pr-rereview.md,tools.bash,False,,implicito,,[],,,,
138,616,pulumi/pulumi-gcp,.github/workflows/gh-aw-pr-rereview.md,network,False,,implicito,,[],,,,
138,616,pulumi/pulumi-gcp,.github/workflows/gh-aw-pr-rereview.md,permissions,True,"{""contents"": ""read"", ""id-token"": ""write"", ""pull-requests"": ""read""}",modificado,permissions_resto,[],mas_permisivo,autenticacion,perm_escritura_solo_autenticacion,[]
139,617,pulumi/pulumi-gcp,.github/workflows/gh-aw-pr-review.md,strict,True,true,explicito_igual_default,strict_true,[],,,,
139,617,pulumi/pulumi-gcp,.github/workflows/gh-aw-pr-review.md,tools.bash,False,,implicito,,[],,,,
139,617,pulumi/pulumi-gcp,.github/workflows/gh-aw-pr-review.md,network,False,,implicito,,[],,,,
139,617,pulumi/pulumi-gcp,.github/workflows/gh-aw-pr-review.md,permissions,True,"{""contents"": ""read"", ""id-token"": ""write"", ""pull-requests"": ""read""}",modificado,permissions_resto,[],mas_permisivo,autenticacion,perm_escritura_solo_autenticacion,[]
140,618,pulumi/pulumi-azure,.github/workflows/gh-aw-pr-rereview.md,strict,True,true,explicito_igual_default,strict_true,[],,,,
140,618,pulumi/pulumi-azure,.github/workflows/gh-aw-pr-rereview.md,tools.bash,False,,implicito,,[],,,,
140,618,pulumi/pulumi-azure,.github/workflows/gh-aw-pr-rereview.md,network,False,,implicito,,[],,,,
140,618,pulumi/pulumi-azure,.github/workflows/gh-aw-pr-rereview.md,permissions,True,"{""contents"": ""read"", ""id-token"": ""write"", ""pull-requests"": ""read""}",modificado,permissions_resto,[],mas_permisivo,autenticacion,perm_escritura_solo_autenticacion,[]
141,619,pulumi/pulumi-azure,.github/workflows/gh-aw-pr-review.md,strict,True,true,explicito_igual_default,strict_true,[],,,,
141,619,pulumi/pulumi-azure,.github/workflows/gh-aw-pr-review.md,tools.bash,False,,implicito,,[],,,,
141,619,pulumi/pulumi-azure,.github/workflows/gh-aw-pr-review.md,network,False,,implicito,,[],,,,
141,619,pulumi/pulumi-azure,.github/workflows/gh-aw-pr-review.md,permissions,True,"{""contents"": ""read"", ""id-token"": ""write"", ""pull-requests"": ""read""}",modificado,permissions_resto,[],mas_permisivo,autenticacion,perm_escritura_solo_autenticacion,[]
142,623,pulumi/pulumi-terraform-bridge,.github/workflows/terraform-bridge-pr-rereview.md,strict,True,true,explicito_igual_default,strict_true,[],,,,
142,623,pulumi/pulumi-terraform-bridge,.github/workflows/terraform-bridge-pr-rereview.md,tools.bash,False,,implicito,,[],,,,
142,623,pulumi/pulumi-terraform-bridge,.github/workflows/terraform-bridge-pr-rereview.md,network,False,,implicito,,[],,,,
142,623,pulumi/pulumi-terraform-bridge,.github/workflows/terraform-bridge-pr-rereview.md,permissions,True,"{""contents"": ""read"", ""id-token"": ""write"", ""pull-requests"": ""read""}",modificado,permissions_resto,[],mas_permisivo,autenticacion,perm_escritura_solo_autenticacion,[]
143,627,pulumi/pulumi-terraform-bridge,.github/workflows/terraform-bridge-pr-review.md,strict,True,true,explicito_igual_default,strict_true,[],,,,
143,627,pulumi/pulumi-terraform-bridge,.github/workflows/terraform-bridge-pr-review.md,tools.bash,False,,implicito,,[],,,,
143,627,pulumi/pulumi-terraform-bridge,.github/workflows/terraform-bridge-pr-review.md,network,False,,implicito,,[],,,,
143,627,pulumi/pulumi-terraform-bridge,.github/workflows/terraform-bridge-pr-review.md,permissions,True,"{""contents"": ""read"", ""id-token"": ""write"", ""pull-requests"": ""read""}",modificado,permissions_resto,[],mas_permisivo,autenticacion,perm_escritura_solo_autenticacion,[]
144,628,pulumi/pulumi-provider-boilerplate,.github/workflows/gh-aw-pr-rereview.md,strict,True,true,explicito_igual_default,strict_true,[],,,,
144,628,pulumi/pulumi-provider-boilerplate,.github/workflows/gh-aw-pr-rereview.md,tools.bash,False,,implicito,,[],,,,
144,628,pulumi/pulumi-provider-boilerplate,.github/workflows/gh-aw-pr-rereview.md,network,False,,implicito,,[],,,,
144,628,pulumi/pulumi-provider-boilerplate,.github/workflows/gh-aw-pr-rereview.md,permissions,True,"{""contents"": ""read"", ""id-token"": ""write"", ""pull-requests"": ""read""}",modificado,permissions_resto,[],mas_permisivo,autenticacion,perm_escritura_solo_autenticacion,[]
145,629,pulumi/pulumi-provider-boilerplate,.github/workflows/gh-aw-pr-review.md,strict,True,true,explicito_igual_default,strict_true,[],,,,
145,629,pulumi/pulumi-provider-boilerplate,.github/workflows/gh-aw-pr-review.md,tools.bash,False,,implicito,,[],,,,
145,629,pulumi/pulumi-provider-boilerplate,.github/workflows/gh-aw-pr-review.md,network,False,,implicito,,[],,,,
145,629,pulumi/pulumi-provider-boilerplate,.github/workflows/gh-aw-pr-review.md,permissions,True,"{""contents"": ""read"", ""id-token"": ""write"", ""pull-requests"": ""read""}",modificado,permissions_resto,[],mas_permisivo,autenticacion,perm_escritura_solo_autenticacion,[]
146,630,pulumi/pulumi-kubernetes,.github/workflows/gh-aw-pr-rereview.md,strict,True,true,explicito_igual_default,strict_true,[],,,,
146,630,pulumi/pulumi-kubernetes,.github/workflows/gh-aw-pr-rereview.md,tools.bash,False,,implicito,,[],,,,
146,630,pulumi/pulumi-kubernetes,.github/workflows/gh-aw-pr-rereview.md,network,False,,implicito,,[],,,,
146,630,pulumi/pulumi-kubernetes,.github/workflows/gh-aw-pr-rereview.md,permissions,True,"{""contents"": ""read"", ""id-token"": ""write"", ""pull-requests"": ""read""}",modificado,permissions_resto,[],mas_permisivo,autenticacion,perm_escritura_solo_autenticacion,[]
147,631,pulumi/pulumi-kubernetes,.github/workflows/gh-aw-pr-review.md,strict,True,true,explicito_igual_default,strict_true,[],,,,
147,631,pulumi/pulumi-kubernetes,.github/workflows/gh-aw-pr-review.md,tools.bash,False,,implicito,,[],,,,
147,631,pulumi/pulumi-kubernetes,.github/workflows/gh-aw-pr-review.md,network,False,,implicito,,[],,,,
147,631,pulumi/pulumi-kubernetes,.github/workflows/gh-aw-pr-review.md,permissions,True,"{""contents"": ""read"", ""id-token"": ""write"", ""pull-requests"": ""read""}",modificado,permissions_resto,[],mas_permisivo,autenticacion,perm_escritura_solo_autenticacion,[]
148,632,pulumi/pulumi-aws,.github/workflows/gh-aw-pr-rereview.md,strict,True,true,explicito_igual_default,strict_true,[],,,,
148,632,pulumi/pulumi-aws,.github/workflows/gh-aw-pr-rereview.md,tools.bash,False,,implicito,,[],,,,
148,632,pulumi/pulumi-aws,.github/workflows/gh-aw-pr-rereview.md,network,False,,implicito,,[],,,,
148,632,pulumi/pulumi-aws,.github/workflows/gh-aw-pr-rereview.md,permissions,True,"{""contents"": ""read"", ""id-token"": ""write"", ""pull-requests"": ""read""}",modificado,permissions_resto,[],mas_permisivo,autenticacion,perm_escritura_solo_autenticacion,[]
149,633,pulumi/pulumi-aws,.github/workflows/gh-aw-pr-review.md,strict,True,true,explicito_igual_default,strict_true,[],,,,
149,633,pulumi/pulumi-aws,.github/workflows/gh-aw-pr-review.md,tools.bash,False,,implicito,,[],,,,
149,633,pulumi/pulumi-aws,.github/workflows/gh-aw-pr-review.md,network,False,,implicito,,[],,,,
149,633,pulumi/pulumi-aws,.github/workflows/gh-aw-pr-review.md,permissions,True,"{""contents"": ""read"", ""id-token"": ""write"", ""pull-requests"": ""read""}",modificado,permissions_resto,[],mas_permisivo,autenticacion,perm_escritura_solo_autenticacion,[]
150,634,royshil/obs-backgroundremoval,.github/workflows/validate-pr.md,strict,True,true,explicito_igual_default,strict_true,[],,,,
150,634,royshil/obs-backgroundremoval,.github/workflows/validate-pr.md,tools.bash,False,,implicito,,[],,,,
150,634,royshil/obs-backgroundremoval,.github/workflows/validate-pr.md,network,False,,implicito,,[],,,,
150,634,royshil/obs-backgroundremoval,.github/workflows/validate-pr.md,permissions,True,"{""contents"": ""read"", ""pull-requests"": ""read""}",modificado,permissions_resto,[],mas_permisivo,lectura,perm_lecturas_con_contents,[]
151,641,RustPython/RustPython,.github/workflows/upgrade-pylib.md,strict,False,,implicito,,[],,,,
151,641,RustPython/RustPython,.github/workflows/upgrade-pylib.md,tools.bash,True,"["":*""]",modificado,bash_other_list,[],mas_permisivo,comandos,bash_dir_comodin_total,[]
151,641,RustPython/RustPython,.github/workflows/upgrade-pylib.md,network,True,"{""allowed"": [""defaults"", ""rust"", ""python""]}",modificado,network_resto,[],mas_permisivo,dominios,network_dir_defaults_mas_otros,[]
151,641,RustPython/RustPython,.github/workflows/upgrade-pylib.md,permissions,True,"{""contents"": ""read"", ""issues"": ""read"", ""pull-requests"": ""read""}",modificado,permissions_resto,[],mas_permisivo,lectura,perm_lecturas_con_contents,[]
152,645,wp-media/wp-rocket,.github/workflows/pr-release-doc-generator.md,strict,True,true,explicito_igual_default,strict_true,[],,,,
152,645,wp-media/wp-rocket,.github/workflows/pr-release-doc-generator.md,tools.bash,True,"[""grep -r 'apply_filters\\|add_filter\\|do_action\\|add_action' inc/"", ""grep -rn 'apply_filters\\|add_filter\\|do_action\\|add_action' inc/"", ""git diff"", ""git diff HEAD"", ""git log --oneline -20"", ""git show"", ""cat""]",modificado,bash_other_list,[],sin_direccion,,bash_dir_agrega_y_quita,[]
152,645,wp-media/wp-rocket,.github/workflows/pr-release-doc-generator.md,network,True,"{""allowed"": [""defaults"", ""github""]}",modificado,network_resto,[],mas_permisivo,dominios,network_dir_defaults_mas_otros,[]
152,645,wp-media/wp-rocket,.github/workflows/pr-release-doc-generator.md,permissions,True,"{""contents"": ""read"", ""issues"": ""read"", ""pull-requests"": ""read""}",modificado,permissions_resto,[],mas_permisivo,lectura,perm_lecturas_con_contents,[]
153,646,pulumi/pulumi-github,.github/workflows/gh-aw-pr-rereview.md,strict,True,true,explicito_igual_default,strict_true,[],,,,
153,646,pulumi/pulumi-github,.github/workflows/gh-aw-pr-rereview.md,tools.bash,False,,implicito,,[],,,,
153,646,pulumi/pulumi-github,.github/workflows/gh-aw-pr-rereview.md,network,False,,implicito,,[],,,,
153,646,pulumi/pulumi-github,.github/workflows/gh-aw-pr-rereview.md,permissions,True,"{""contents"": ""read"", ""id-token"": ""write"", ""pull-requests"": ""read""}",modificado,permissions_resto,[],mas_permisivo,autenticacion,perm_escritura_solo_autenticacion,[]
154,647,pulumi/pulumi-github,.github/workflows/gh-aw-pr-review.md,strict,True,true,explicito_igual_default,strict_true,[],,,,
154,647,pulumi/pulumi-github,.github/workflows/gh-aw-pr-review.md,tools.bash,False,,implicito,,[],,,,
154,647,pulumi/pulumi-github,.github/workflows/gh-aw-pr-review.md,network,False,,implicito,,[],,,,
154,647,pulumi/pulumi-github,.github/workflows/gh-aw-pr-review.md,permissions,True,"{""contents"": ""read"", ""id-token"": ""write"", ""pull-requests"": ""read""}",modificado,permissions_resto,[],mas_permisivo,autenticacion,perm_escritura_solo_autenticacion,[]
155,653,elastic/elasticsearch-specification,.github/workflows/kibana-type-check-analysis.md,strict,False,,implicito,,[],,,,
155,653,elastic/elasticsearch-specification,.github/workflows/kibana-type-check-analysis.md,tools.bash,False,,implicito,,[],,,,
155,653,elastic/elasticsearch-specification,.github/workflows/kibana-type-check-analysis.md,network,True,"{""allowed"": [""defaults"", ""api.buildkite.com"", ""elastic.litellm-prod.ai""]}",modificado,network_resto,[],mas_permisivo,dominios,network_dir_defaults_mas_otros,[]
155,653,elastic/elasticsearch-specification,.github/workflows/kibana-type-check-analysis.md,permissions,True,"{""id-token"": ""write""}",modificado,permissions_resto,[],mas_permisivo,autenticacion,perm_escritura_solo_autenticacion,[]
156,656,elastic/elasticsearch-specification,.github/workflows/spec-drift.md,strict,True,true,explicito_igual_default,strict_true,[],,,,
156,656,elastic/elasticsearch-specification,.github/workflows/spec-drift.md,tools.bash,False,,implicito,,[],,,,
156,656,elastic/elasticsearch-specification,.github/workflows/spec-drift.md,network,True,"{""allowed"": [""defaults"", ""elastic.litellm-prod.ai""]}",modificado,network_resto,[],mas_permisivo,dominios,network_dir_defaults_mas_otros,[]
156,656,elastic/elasticsearch-specification,.github/workflows/spec-drift.md,permissions,True,"{""contents"": ""read"", ""issues"": ""read"", ""pull-requests"": ""read""}",modificado,permissions_resto,[],mas_permisivo,lectura,perm_lecturas_con_contents,[]
157,657,Azure/azure-sdk-for-go,.github/workflows/issue-triage.md,strict,False,,implicito,,[],,,,
157,657,Azure/azure-sdk-for-go,.github/workflows/issue-triage.md,tools.bash,False,,implicito,,[],,,,
157,657,Azure/azure-sdk-for-go,.github/workflows/issue-triage.md,network,True,"{""allowed"": [""defaults""]}",explicito_igual_default,network_allowed_defaults,[],,,,
157,657,Azure/azure-sdk-for-go,.github/workflows/issue-triage.md,permissions,True,"""read-all""",modificado,permissions_read_all,[],mas_permisivo,lectura,perm_read_all,[]
158,659,Azure/azure-sdk-for-go,.github/workflows/mgmt-review.md,strict,True,false,modificado,strict_resto,[],mas_permisivo,restricciones del modo estricto,strict_dir_false,[]
158,659,Azure/azure-sdk-for-go,.github/workflows/mgmt-review.md,tools.bash,False,,implicito,,[],,,,
158,659,Azure/azure-sdk-for-go,.github/workflows/mgmt-review.md,network,False,,implicito,,[],,,,
158,659,Azure/azure-sdk-for-go,.github/workflows/mgmt-review.md,permissions,True,"{""actions"": ""read"", ""checks"": ""read"", ""contents"": ""read"", ""pull-requests"": ""read""}",modificado,permissions_resto,[],mas_permisivo,lectura,perm_lecturas_con_contents,[]
159,660,SatelliteQE/broker,.github/workflows/wiki-sync.md,strict,False,,implicito,,[],,,,
159,660,SatelliteQE/broker,.github/workflows/wiki-sync.md,tools.bash,False,,implicito,,[],,,,
159,660,SatelliteQE/broker,.github/workflows/wiki-sync.md,network,True,"{""allowed"": [""defaults"", ""github""], ""firewall"": true}",modificado,network_resto,[],mas_permisivo,dominios,network_dir_defaults_mas_otros,[]
159,660,SatelliteQE/broker,.github/workflows/wiki-sync.md,permissions,True,"{""contents"": ""read"", ""issues"": ""read"", ""metadata"": ""read""}",modificado,permissions_resto,[],mas_permisivo,lectura,perm_lecturas_con_contents,[]
160,678,sergey-tihon/Clippit,.github/workflows/clippy.md,strict,False,,implicito,,[],,,,
160,678,sergey-tihon/Clippit,.github/workflows/clippy.md,tools.bash,True,true,modificado,bash_true,[],mas_permisivo,comandos,bash_dir_true,[]
160,678,sergey-tihon/Clippit,.github/workflows/clippy.md,network,True,"{""allowed"": [""defaults"", ""dotnet"", ""node"", ""python"", ""rust"", ""java""]}",modificado,network_resto,[],mas_permisivo,dominios,network_dir_defaults_mas_otros,[]
160,678,sergey-tihon/Clippit,.github/workflows/clippy.md,permissions,True,"""read-all""",modificado,permissions_read_all,[],mas_permisivo,lectura,perm_read_all,[]
161,681,microsoft/gctoolkit,.github/workflows/relevance-check.md,strict,False,,implicito,,[],,,,
161,681,microsoft/gctoolkit,.github/workflows/relevance-check.md,tools.bash,False,,implicito,,[],,,,
161,681,microsoft/gctoolkit,.github/workflows/relevance-check.md,network,False,,implicito,,[],,,,
161,681,microsoft/gctoolkit,.github/workflows/relevance-check.md,permissions,True,"{""contents"": ""read"", ""issues"": ""read"", ""pull-requests"": ""read""}",modificado,permissions_resto,[],mas_permisivo,lectura,perm_lecturas_con_contents,[]
162,682,microsoft/gctoolkit,.github/workflows/relevance-summary.md,strict,False,,implicito,,[],,,,
162,682,microsoft/gctoolkit,.github/workflows/relevance-summary.md,tools.bash,False,,implicito,,[],,,,
162,682,microsoft/gctoolkit,.github/workflows/relevance-summary.md,network,False,,implicito,,[],,,,
162,682,microsoft/gctoolkit,.github/workflows/relevance-summary.md,permissions,True,"{""contents"": ""read"", ""issues"": ""read"", ""pull-requests"": ""read""}",modificado,permissions_resto,[],mas_permisivo,lectura,perm_lecturas_con_contents,[]
163,684,apolloconfig/apollo,.github/workflows/issue-triage.md,strict,False,,implicito,,[],,,,
163,684,apolloconfig/apollo,.github/workflows/issue-triage.md,tools.bash,False,,implicito,,[],,,,
163,684,apolloconfig/apollo,.github/workflows/issue-triage.md,network,True,"{""allowed"": [""github""]}",modificado,network_resto,[],sin_direccion,,network_dir_sin_defaults,[]
163,684,apolloconfig/apollo,.github/workflows/issue-triage.md,permissions,True,"""read-all""",modificado,permissions_read_all,[],mas_permisivo,lectura,perm_read_all,[]
164,687,evcc-io/evcc,.github/workflows/triage-agent.md,strict,True,true,explicito_igual_default,strict_true,[],,,,
164,687,evcc-io/evcc,.github/workflows/triage-agent.md,tools.bash,False,,implicito,,[],,,,
164,687,evcc-io/evcc,.github/workflows/triage-agent.md,network,False,,implicito,,[],,,,
164,687,evcc-io/evcc,.github/workflows/triage-agent.md,permissions,True,"{""contents"": ""read"", ""issues"": ""read"", ""pull-requests"": ""read""}",modificado,permissions_resto,[],mas_permisivo,lectura,perm_lecturas_con_contents,[]
165,688,pulumi/pulumi-keycloak,.github/workflows/gh-aw-pr-rereview.md,strict,True,true,explicito_igual_default,strict_true,[],,,,
165,688,pulumi/pulumi-keycloak,.github/workflows/gh-aw-pr-rereview.md,tools.bash,False,,implicito,,[],,,,
165,688,pulumi/pulumi-keycloak,.github/workflows/gh-aw-pr-rereview.md,network,False,,implicito,,[],,,,
165,688,pulumi/pulumi-keycloak,.github/workflows/gh-aw-pr-rereview.md,permissions,True,"{""contents"": ""read"", ""id-token"": ""write"", ""pull-requests"": ""read""}",modificado,permissions_resto,[],mas_permisivo,autenticacion,perm_escritura_solo_autenticacion,[]
166,689,pulumi/pulumi-keycloak,.github/workflows/gh-aw-pr-review.md,strict,True,true,explicito_igual_default,strict_true,[],,,,
166,689,pulumi/pulumi-keycloak,.github/workflows/gh-aw-pr-review.md,tools.bash,False,,implicito,,[],,,,
166,689,pulumi/pulumi-keycloak,.github/workflows/gh-aw-pr-review.md,network,False,,implicito,,[],,,,
166,689,pulumi/pulumi-keycloak,.github/workflows/gh-aw-pr-review.md,permissions,True,"{""contents"": ""read"", ""id-token"": ""write"", ""pull-requests"": ""read""}",modificado,permissions_resto,[],mas_permisivo,autenticacion,perm_escritura_solo_autenticacion,[]
167,690,pulumi/pulumi-aws-native,.github/workflows/gh-aw-pr-rereview.md,strict,True,true,explicito_igual_default,strict_true,[],,,,
167,690,pulumi/pulumi-aws-native,.github/workflows/gh-aw-pr-rereview.md,tools.bash,False,,implicito,,[],,,,
167,690,pulumi/pulumi-aws-native,.github/workflows/gh-aw-pr-rereview.md,network,False,,implicito,,[],,,,
167,690,pulumi/pulumi-aws-native,.github/workflows/gh-aw-pr-rereview.md,permissions,True,"{""contents"": ""read"", ""id-token"": ""write"", ""pull-requests"": ""read""}",modificado,permissions_resto,[],mas_permisivo,autenticacion,perm_escritura_solo_autenticacion,[]
168,691,pulumi/pulumi-aws-native,.github/workflows/gh-aw-pr-review.md,strict,True,true,explicito_igual_default,strict_true,[],,,,
168,691,pulumi/pulumi-aws-native,.github/workflows/gh-aw-pr-review.md,tools.bash,False,,implicito,,[],,,,
168,691,pulumi/pulumi-aws-native,.github/workflows/gh-aw-pr-review.md,network,False,,implicito,,[],,,,
168,691,pulumi/pulumi-aws-native,.github/workflows/gh-aw-pr-review.md,permissions,True,"{""contents"": ""read"", ""id-token"": ""write"", ""pull-requests"": ""read""}",modificado,permissions_resto,[],mas_permisivo,autenticacion,perm_escritura_solo_autenticacion,[]
169,698,adoptium/containers,.github/workflows/dockerfile-readiness.md,strict,False,,implicito,,[],,,,
169,698,adoptium/containers,.github/workflows/dockerfile-readiness.md,tools.bash,False,,implicito,,[],,,,
169,698,adoptium/containers,.github/workflows/dockerfile-readiness.md,network,False,,implicito,,[],,,,
169,698,adoptium/containers,.github/workflows/dockerfile-readiness.md,permissions,True,"{""contents"": ""read"", ""copilot-requests"": ""write"", ""pull-requests"": ""read""}",modificado,permissions_resto,[],mas_permisivo,autenticacion,perm_escritura_solo_autenticacion,[]
170,699,pulumi/pulumi-hcloud,.github/workflows/gh-aw-pr-rereview.md,strict,True,true,explicito_igual_default,strict_true,[],,,,
170,699,pulumi/pulumi-hcloud,.github/workflows/gh-aw-pr-rereview.md,tools.bash,False,,implicito,,[],,,,
170,699,pulumi/pulumi-hcloud,.github/workflows/gh-aw-pr-rereview.md,network,False,,implicito,,[],,,,
170,699,pulumi/pulumi-hcloud,.github/workflows/gh-aw-pr-rereview.md,permissions,True,"{""contents"": ""read"", ""id-token"": ""write"", ""pull-requests"": ""read""}",modificado,permissions_resto,[],mas_permisivo,autenticacion,perm_escritura_solo_autenticacion,[]
171,700,pulumi/pulumi-hcloud,.github/workflows/gh-aw-pr-review.md,strict,True,true,explicito_igual_default,strict_true,[],,,,
171,700,pulumi/pulumi-hcloud,.github/workflows/gh-aw-pr-review.md,tools.bash,False,,implicito,,[],,,,
171,700,pulumi/pulumi-hcloud,.github/workflows/gh-aw-pr-review.md,network,False,,implicito,,[],,,,
171,700,pulumi/pulumi-hcloud,.github/workflows/gh-aw-pr-review.md,permissions,True,"{""contents"": ""read"", ""id-token"": ""write"", ""pull-requests"": ""read""}",modificado,permissions_resto,[],mas_permisivo,autenticacion,perm_escritura_solo_autenticacion,[]
172,701,pulumi/pulumi-azuredevops,.github/workflows/gh-aw-pr-rereview.md,strict,True,true,explicito_igual_default,strict_true,[],,,,
172,701,pulumi/pulumi-azuredevops,.github/workflows/gh-aw-pr-rereview.md,tools.bash,False,,implicito,,[],,,,
172,701,pulumi/pulumi-azuredevops,.github/workflows/gh-aw-pr-rereview.md,network,False,,implicito,,[],,,,
172,701,pulumi/pulumi-azuredevops,.github/workflows/gh-aw-pr-rereview.md,permissions,True,"{""contents"": ""read"", ""id-token"": ""write"", ""pull-requests"": ""read""}",modificado,permissions_resto,[],mas_permisivo,autenticacion,perm_escritura_solo_autenticacion,[]
173,702,pulumi/pulumi-azuredevops,.github/workflows/gh-aw-pr-review.md,strict,True,true,explicito_igual_default,strict_true,[],,,,
173,702,pulumi/pulumi-azuredevops,.github/workflows/gh-aw-pr-review.md,tools.bash,False,,implicito,,[],,,,
173,702,pulumi/pulumi-azuredevops,.github/workflows/gh-aw-pr-review.md,network,False,,implicito,,[],,,,
173,702,pulumi/pulumi-azuredevops,.github/workflows/gh-aw-pr-review.md,permissions,True,"{""contents"": ""read"", ""id-token"": ""write"", ""pull-requests"": ""read""}",modificado,permissions_resto,[],mas_permisivo,autenticacion,perm_escritura_solo_autenticacion,[]
174,703,pulumi/pulumi-auth0,.github/workflows/gh-aw-pr-rereview.md,strict,True,true,explicito_igual_default,strict_true,[],,,,
174,703,pulumi/pulumi-auth0,.github/workflows/gh-aw-pr-rereview.md,tools.bash,False,,implicito,,[],,,,
174,703,pulumi/pulumi-auth0,.github/workflows/gh-aw-pr-rereview.md,network,False,,implicito,,[],,,,
174,703,pulumi/pulumi-auth0,.github/workflows/gh-aw-pr-rereview.md,permissions,True,"{""contents"": ""read"", ""id-token"": ""write"", ""pull-requests"": ""read""}",modificado,permissions_resto,[],mas_permisivo,autenticacion,perm_escritura_solo_autenticacion,[]
175,704,pulumi/pulumi-auth0,.github/workflows/gh-aw-pr-review.md,strict,True,true,explicito_igual_default,strict_true,[],,,,
175,704,pulumi/pulumi-auth0,.github/workflows/gh-aw-pr-review.md,tools.bash,False,,implicito,,[],,,,
175,704,pulumi/pulumi-auth0,.github/workflows/gh-aw-pr-review.md,network,False,,implicito,,[],,,,
175,704,pulumi/pulumi-auth0,.github/workflows/gh-aw-pr-review.md,permissions,True,"{""contents"": ""read"", ""id-token"": ""write"", ""pull-requests"": ""read""}",modificado,permissions_resto,[],mas_permisivo,autenticacion,perm_escritura_solo_autenticacion,[]
176,727,elastic/terraform-provider-elasticstack,.github/workflows/change-factory-issue.md,strict,False,,implicito,,[],,,,
176,727,elastic/terraform-provider-elasticstack,.github/workflows/change-factory-issue.md,tools.bash,False,,implicito,,[],,,,
176,727,elastic/terraform-provider-elasticstack,.github/workflows/change-factory-issue.md,network,True,"{""allowed"": [""defaults"", ""node"", ""elastic.litellm-prod.ai"", ""www.elastic.co""]}",modificado,network_resto,[],mas_permisivo,dominios,network_dir_defaults_mas_otros,[]
176,727,elastic/terraform-provider-elasticstack,.github/workflows/change-factory-issue.md,permissions,True,"{""contents"": ""read"", ""issues"": ""read"", ""pull-requests"": ""read""}",modificado,permissions_resto,[],mas_permisivo,lectura,perm_lecturas_con_contents,[]
177,736,elastic/terraform-provider-elasticstack,.github/workflows/ci-deadcode-removal-rotation.md,strict,False,,implicito,,[],,,,
177,736,elastic/terraform-provider-elasticstack,.github/workflows/ci-deadcode-removal-rotation.md,tools.bash,False,,implicito,,[],,,,
177,736,elastic/terraform-provider-elasticstack,.github/workflows/ci-deadcode-removal-rotation.md,network,True,"{""allowed"": [""defaults"", ""node"", ""go"", ""elastic.litellm-prod.ai""]}",modificado,network_resto,[],mas_permisivo,dominios,network_dir_defaults_mas_otros,[]
177,736,elastic/terraform-provider-elasticstack,.github/workflows/ci-deadcode-removal-rotation.md,permissions,True,"{""contents"": ""read"", ""issues"": ""read"", ""pull-requests"": ""read""}",modificado,permissions_resto,[],mas_permisivo,lectura,perm_lecturas_con_contents,[]
178,766,elastic/terraform-provider-elasticstack,.github/workflows/code-factory-issue.md,strict,False,,implicito,,[],,,,
178,766,elastic/terraform-provider-elasticstack,.github/workflows/code-factory-issue.md,tools.bash,False,,implicito,,[],,,,
178,766,elastic/terraform-provider-elasticstack,.github/workflows/code-factory-issue.md,network,True,"{""allowed"": [""defaults"", ""node"", ""go"", ""elastic.litellm-prod.ai"", ""www.elastic.co""]}",modificado,network_resto,[],mas_permisivo,dominios,network_dir_defaults_mas_otros,[]
178,766,elastic/terraform-provider-elasticstack,.github/workflows/code-factory-issue.md,permissions,True,"{""contents"": ""read"", ""issues"": ""read"", ""pull-requests"": ""read""}",modificado,permissions_resto,[],mas_permisivo,lectura,perm_lecturas_con_contents,[]
179,779,elastic/terraform-provider-elasticstack,.github/workflows/duplicate-code-detector.md,strict,False,,implicito,,[],,,,
179,779,elastic/terraform-provider-elasticstack,.github/workflows/duplicate-code-detector.md,tools.bash,False,,implicito,,[],,,,
179,779,elastic/terraform-provider-elasticstack,.github/workflows/duplicate-code-detector.md,network,False,,implicito,,[],,,,
179,779,elastic/terraform-provider-elasticstack,.github/workflows/duplicate-code-detector.md,permissions,True,"{""actions"": ""read"", ""contents"": ""read"", ""issues"": ""read"", ""pull-requests"": ""read""}",modificado,permissions_resto,[],mas_permisivo,lectura,perm_lecturas_con_contents,[]
180,786,elastic/terraform-provider-elasticstack,.github/workflows/flaky-test-catcher.md,strict,False,,implicito,,[],,,,
180,786,elastic/terraform-provider-elasticstack,.github/workflows/flaky-test-catcher.md,tools.bash,False,,implicito,,[],,,,
180,786,elastic/terraform-provider-elasticstack,.github/workflows/flaky-test-catcher.md,network,True,"{""allowed"": [""defaults"", ""elastic.litellm-prod.ai""]}",modificado,network_resto,[],mas_permisivo,dominios,network_dir_defaults_mas_otros,[]
180,786,elastic/terraform-provider-elasticstack,.github/workflows/flaky-test-catcher.md,permissions,True,"{""actions"": ""read"", ""contents"": ""read"", ""issues"": ""read""}",modificado,permissions_resto,[],mas_permisivo,lectura,perm_lecturas_con_contents,[]
181,792,elastic/terraform-provider-elasticstack,.github/workflows/issue-classifier.md,strict,False,,implicito,,[],,,,
181,792,elastic/terraform-provider-elasticstack,.github/workflows/issue-classifier.md,tools.bash,False,,implicito,,[],,,,
181,792,elastic/terraform-provider-elasticstack,.github/workflows/issue-classifier.md,network,True,"{""allowed"": [""defaults"", ""elastic.litellm-prod.ai""]}",modificado,network_resto,[],mas_permisivo,dominios,network_dir_defaults_mas_otros,[]
181,792,elastic/terraform-provider-elasticstack,.github/workflows/issue-classifier.md,permissions,True,"{""issues"": ""read""}",modificado,permissions_resto,[],sin_direccion,,perm_lecturas_sin_contents,[]
182,803,elastic/terraform-provider-elasticstack,.github/workflows/kibana-spec-impact.md,strict,False,,implicito,,[],,,,
182,803,elastic/terraform-provider-elasticstack,.github/workflows/kibana-spec-impact.md,tools.bash,False,,implicito,,[],,,,
182,803,elastic/terraform-provider-elasticstack,.github/workflows/kibana-spec-impact.md,network,True,"{""allowed"": [""defaults"", ""node"", ""go"", ""elastic.litellm-prod.ai""]}",modificado,network_resto,[],mas_permisivo,dominios,network_dir_defaults_mas_otros,[]
182,803,elastic/terraform-provider-elasticstack,.github/workflows/kibana-spec-impact.md,permissions,True,"{""actions"": ""read"", ""contents"": ""read"", ""issues"": ""read"", ""pull-requests"": ""read""}",modificado,permissions_resto,[],mas_permisivo,lectura,perm_lecturas_con_contents,[]
183,833,elastic/terraform-provider-elasticstack,.github/workflows/openspec-verify-label.md,strict,False,,implicito,,[],,,,
183,833,elastic/terraform-provider-elasticstack,.github/workflows/openspec-verify-label.md,tools.bash,False,,implicito,,[],,,,
183,833,elastic/terraform-provider-elasticstack,.github/workflows/openspec-verify-label.md,network,True,"{""allowed"": [""defaults"", ""node"", ""go"", ""elastic.litellm-prod.ai""]}",modificado,network_resto,[],mas_permisivo,dominios,network_dir_defaults_mas_otros,[]
183,833,elastic/terraform-provider-elasticstack,.github/workflows/openspec-verify-label.md,permissions,True,"{""contents"": ""read"", ""pull-requests"": ""read""}",modificado,permissions_resto,[],mas_permisivo,lectura,perm_lecturas_con_contents,[]
184,846,elastic/terraform-provider-elasticstack,.github/workflows/reproducer-factory-issue.md,strict,False,,implicito,,[],,,,
184,846,elastic/terraform-provider-elasticstack,.github/workflows/reproducer-factory-issue.md,tools.bash,False,,implicito,,[],,,,
184,846,elastic/terraform-provider-elasticstack,.github/workflows/reproducer-factory-issue.md,network,True,"{""allowed"": [""defaults"", ""node"", ""go"", ""elastic.litellm-prod.ai"", ""www.elastic.co""]}",modificado,network_resto,[],mas_permisivo,dominios,network_dir_defaults_mas_otros,[]
184,846,elastic/terraform-provider-elasticstack,.github/workflows/reproducer-factory-issue.md,permissions,True,"{""contents"": ""read"", ""issues"": ""read"", ""pull-requests"": ""read""}",modificado,permissions_resto,[],mas_permisivo,lectura,perm_lecturas_con_contents,[]
185,865,elastic/terraform-provider-elasticstack,.github/workflows/research-factory-issue.md,strict,False,,implicito,,[],,,,
185,865,elastic/terraform-provider-elasticstack,.github/workflows/research-factory-issue.md,tools.bash,False,,implicito,,[],,,,
185,865,elastic/terraform-provider-elasticstack,.github/workflows/research-factory-issue.md,network,True,"{""allowed"": [""defaults"", ""node"", ""elastic.litellm-prod.ai"", ""www.elastic.co""]}",modificado,network_resto,[],mas_permisivo,dominios,network_dir_defaults_mas_otros,[]
185,865,elastic/terraform-provider-elasticstack,.github/workflows/research-factory-issue.md,permissions,True,"{""contents"": ""read"", ""issues"": ""read"", ""pull-requests"": ""read""}",modificado,permissions_resto,[],mas_permisivo,lectura,perm_lecturas_con_contents,[]
186,893,elastic/terraform-provider-elasticstack,.github/workflows/schema-coverage-rotation.md,strict,False,,implicito,,[],,,,
186,893,elastic/terraform-provider-elasticstack,.github/workflows/schema-coverage-rotation.md,tools.bash,False,,implicito,,[],,,,
186,893,elastic/terraform-provider-elasticstack,.github/workflows/schema-coverage-rotation.md,network,True,"{""allowed"": [""defaults"", ""node"", ""go"", ""elastic.litellm-prod.ai""]}",modificado,network_resto,[],mas_permisivo,dominios,network_dir_defaults_mas_otros,[]
186,893,elastic/terraform-provider-elasticstack,.github/workflows/schema-coverage-rotation.md,permissions,True,"{""actions"": ""read"", ""contents"": ""read"", ""issues"": ""read"", ""pull-requests"": ""read""}",modificado,permissions_resto,[],mas_permisivo,lectura,perm_lecturas_con_contents,[]
187,895,elastic/terraform-provider-elasticstack,.github/workflows/security-role-docs-drift.md,strict,False,,implicito,,[],,,,
187,895,elastic/terraform-provider-elasticstack,.github/workflows/security-role-docs-drift.md,tools.bash,False,,implicito,,[],,,,
187,895,elastic/terraform-provider-elasticstack,.github/workflows/security-role-docs-drift.md,network,True,"{""allowed"": [""defaults"", ""node"", ""go"", ""terraform"", ""elastic.litellm-prod.ai""]}",modificado,network_resto,[],mas_permisivo,dominios,network_dir_defaults_mas_otros,[]
187,895,elastic/terraform-provider-elasticstack,.github/workflows/security-role-docs-drift.md,permissions,True,"{""actions"": ""read"", ""contents"": ""read"", ""issues"": ""read"", ""pull-requests"": ""read""}",modificado,permissions_resto,[],mas_permisivo,lectura,perm_lecturas_con_contents,[]
188,909,elastic/terraform-provider-elasticstack,.github/workflows/semantic-function-refactor.md,strict,False,,implicito,,[],,,,
188,909,elastic/terraform-provider-elasticstack,.github/workflows/semantic-function-refactor.md,tools.bash,False,,implicito,,[],,,,
188,909,elastic/terraform-provider-elasticstack,.github/workflows/semantic-function-refactor.md,network,True,"{""allowed"": [""defaults"", ""go"", ""elastic.litellm-prod.ai""]}",modificado,network_resto,[],mas_permisivo,dominios,network_dir_defaults_mas_otros,[]
188,909,elastic/terraform-provider-elasticstack,.github/workflows/semantic-function-refactor.md,permissions,True,"{""actions"": ""read"", ""contents"": ""read"", ""issues"": ""read"", ""pull-requests"": ""read""}",modificado,permissions_resto,[],mas_permisivo,lectura,perm_lecturas_con_contents,[]
189,910,pulumi/pulumi-azuread,.github/workflows/gh-aw-pr-rereview.md,strict,True,true,explicito_igual_default,strict_true,[],,,,
189,910,pulumi/pulumi-azuread,.github/workflows/gh-aw-pr-rereview.md,tools.bash,False,,implicito,,[],,,,
189,910,pulumi/pulumi-azuread,.github/workflows/gh-aw-pr-rereview.md,network,False,,implicito,,[],,,,
189,910,pulumi/pulumi-azuread,.github/workflows/gh-aw-pr-rereview.md,permissions,True,"{""contents"": ""read"", ""id-token"": ""write"", ""pull-requests"": ""read""}",modificado,permissions_resto,[],mas_permisivo,autenticacion,perm_escritura_solo_autenticacion,[]
190,911,pulumi/pulumi-azuread,.github/workflows/gh-aw-pr-review.md,strict,True,true,explicito_igual_default,strict_true,[],,,,
190,911,pulumi/pulumi-azuread,.github/workflows/gh-aw-pr-review.md,tools.bash,False,,implicito,,[],,,,
190,911,pulumi/pulumi-azuread,.github/workflows/gh-aw-pr-review.md,network,False,,implicito,,[],,,,
190,911,pulumi/pulumi-azuread,.github/workflows/gh-aw-pr-review.md,permissions,True,"{""contents"": ""read"", ""id-token"": ""write"", ""pull-requests"": ""read""}",modificado,permissions_resto,[],mas_permisivo,autenticacion,perm_escritura_solo_autenticacion,[]
191,912,pulumi/pulumi-gitlab,.github/workflows/gh-aw-pr-rereview.md,strict,True,true,explicito_igual_default,strict_true,[],,,,
191,912,pulumi/pulumi-gitlab,.github/workflows/gh-aw-pr-rereview.md,tools.bash,False,,implicito,,[],,,,
191,912,pulumi/pulumi-gitlab,.github/workflows/gh-aw-pr-rereview.md,network,False,,implicito,,[],,,,
191,912,pulumi/pulumi-gitlab,.github/workflows/gh-aw-pr-rereview.md,permissions,True,"{""contents"": ""read"", ""id-token"": ""write"", ""pull-requests"": ""read""}",modificado,permissions_resto,[],mas_permisivo,autenticacion,perm_escritura_solo_autenticacion,[]
192,913,pulumi/pulumi-gitlab,.github/workflows/gh-aw-pr-review.md,strict,True,true,explicito_igual_default,strict_true,[],,,,
192,913,pulumi/pulumi-gitlab,.github/workflows/gh-aw-pr-review.md,tools.bash,False,,implicito,,[],,,,
192,913,pulumi/pulumi-gitlab,.github/workflows/gh-aw-pr-review.md,network,False,,implicito,,[],,,,
192,913,pulumi/pulumi-gitlab,.github/workflows/gh-aw-pr-review.md,permissions,True,"{""contents"": ""read"", ""id-token"": ""write"", ""pull-requests"": ""read""}",modificado,permissions_resto,[],mas_permisivo,autenticacion,perm_escritura_solo_autenticacion,[]
193,914,pulumi/pulumi-datadog,.github/workflows/gh-aw-pr-rereview.md,strict,True,true,explicito_igual_default,strict_true,[],,,,
193,914,pulumi/pulumi-datadog,.github/workflows/gh-aw-pr-rereview.md,tools.bash,False,,implicito,,[],,,,
193,914,pulumi/pulumi-datadog,.github/workflows/gh-aw-pr-rereview.md,network,False,,implicito,,[],,,,
193,914,pulumi/pulumi-datadog,.github/workflows/gh-aw-pr-rereview.md,permissions,True,"{""contents"": ""read"", ""id-token"": ""write"", ""pull-requests"": ""read""}",modificado,permissions_resto,[],mas_permisivo,autenticacion,perm_escritura_solo_autenticacion,[]
194,915,pulumi/pulumi-datadog,.github/workflows/gh-aw-pr-review.md,strict,True,true,explicito_igual_default,strict_true,[],,,,
194,915,pulumi/pulumi-datadog,.github/workflows/gh-aw-pr-review.md,tools.bash,False,,implicito,,[],,,,
194,915,pulumi/pulumi-datadog,.github/workflows/gh-aw-pr-review.md,network,False,,implicito,,[],,,,
194,915,pulumi/pulumi-datadog,.github/workflows/gh-aw-pr-review.md,permissions,True,"{""contents"": ""read"", ""id-token"": ""write"", ""pull-requests"": ""read""}",modificado,permissions_resto,[],mas_permisivo,autenticacion,perm_escritura_solo_autenticacion,[]
195,923,advanced-security/advanced-security-material,.github/workflows/codeql-version-tracker.md,strict,False,,implicito,,[],,,,
195,923,advanced-security/advanced-security-material,.github/workflows/codeql-version-tracker.md,tools.bash,False,,implicito,,[],,,,
195,923,advanced-security/advanced-security-material,.github/workflows/codeql-version-tracker.md,network,True,"{""allowed"": [""github""]}",modificado,network_resto,[],sin_direccion,,network_dir_sin_defaults,[]
195,923,advanced-security/advanced-security-material,.github/workflows/codeql-version-tracker.md,permissions,True,"{""contents"": ""read"", ""copilot-requests"": ""write"", ""issues"": ""read"", ""pull-requests"": ""read""}",modificado,permissions_resto,[],mas_permisivo,autenticacion,perm_escritura_solo_autenticacion,[]
196,934,advanced-security/advanced-security-material,.github/workflows/update-ghas-matrix.md,strict,False,,implicito,,[],,,,
196,934,advanced-security/advanced-security-material,.github/workflows/update-ghas-matrix.md,tools.bash,False,,implicito,,[],,,,
196,934,advanced-security/advanced-security-material,.github/workflows/update-ghas-matrix.md,network,True,"{""allowed"": [""github"", ""codeql.github.com""]}",modificado,network_resto,[],sin_direccion,,network_dir_sin_defaults,[]
196,934,advanced-security/advanced-security-material,.github/workflows/update-ghas-matrix.md,permissions,True,"{""contents"": ""read"", ""copilot-requests"": ""write"", ""issues"": ""read"", ""pull-requests"": ""read""}",modificado,permissions_resto,[],mas_permisivo,autenticacion,perm_escritura_solo_autenticacion,[]
197,935,pulumi/pulumi-command,.github/workflows/gh-aw-pr-rereview.md,strict,True,true,explicito_igual_default,strict_true,[],,,,
197,935,pulumi/pulumi-command,.github/workflows/gh-aw-pr-rereview.md,tools.bash,False,,implicito,,[],,,,
197,935,pulumi/pulumi-command,.github/workflows/gh-aw-pr-rereview.md,network,False,,implicito,,[],,,,
197,935,pulumi/pulumi-command,.github/workflows/gh-aw-pr-rereview.md,permissions,True,"{""contents"": ""read"", ""id-token"": ""write"", ""pull-requests"": ""read""}",modificado,permissions_resto,[],mas_permisivo,autenticacion,perm_escritura_solo_autenticacion,[]
198,936,pulumi/pulumi-command,.github/workflows/gh-aw-pr-review.md,strict,True,true,explicito_igual_default,strict_true,[],,,,
198,936,pulumi/pulumi-command,.github/workflows/gh-aw-pr-review.md,tools.bash,False,,implicito,,[],,,,
198,936,pulumi/pulumi-command,.github/workflows/gh-aw-pr-review.md,network,False,,implicito,,[],,,,
198,936,pulumi/pulumi-command,.github/workflows/gh-aw-pr-review.md,permissions,True,"{""contents"": ""read"", ""id-token"": ""write"", ""pull-requests"": ""read""}",modificado,permissions_resto,[],mas_permisivo,autenticacion,perm_escritura_solo_autenticacion,[]
199,937,anweiss/cddl,.github/workflows/ci-doctor.md,strict,False,,implicito,,[],,,,
199,937,anweiss/cddl,.github/workflows/ci-doctor.md,tools.bash,False,,implicito,,[],,,,
199,937,anweiss/cddl,.github/workflows/ci-doctor.md,network,True,"""defaults""",explicito_igual_default,network_defaults,[],,,,
199,937,anweiss/cddl,.github/workflows/ci-doctor.md,permissions,True,"{""actions"": ""read"", ""contents"": ""read"", ""issues"": ""read"", ""pull-requests"": ""read""}",modificado,permissions_resto,[],mas_permisivo,lectura,perm_lecturas_con_contents,[]
200,938,r12f/rnp,.github/workflows/daily-repo-status.md,strict,False,,implicito,,[],,,,
200,938,r12f/rnp,.github/workflows/daily-repo-status.md,tools.bash,False,,implicito,,[],,,,
200,938,r12f/rnp,.github/workflows/daily-repo-status.md,network,True,"""defaults""",explicito_igual_default,network_defaults,[],,,,
200,938,r12f/rnp,.github/workflows/daily-repo-status.md,permissions,True,"{""contents"": ""read"", ""issues"": ""read"", ""pull-requests"": ""read""}",modificado,permissions_resto,[],mas_permisivo,lectura,perm_lecturas_con_contents,[]
201,941,guitarrapc/githubactions-lab,.github/workflows/monthly-oss-repo-status.md,strict,False,,implicito,,[],,,,
201,941,guitarrapc/githubactions-lab,.github/workflows/monthly-oss-repo-status.md,tools.bash,False,,implicito,,[],,,,
201,941,guitarrapc/githubactions-lab,.github/workflows/monthly-oss-repo-status.md,network,False,,implicito,,[],,,,
201,941,guitarrapc/githubactions-lab,.github/workflows/monthly-oss-repo-status.md,permissions,True,"{""contents"": ""read"", ""issues"": ""read"", ""pull-requests"": ""read""}",modificado,permissions_resto,[],mas_permisivo,lectura,perm_lecturas_con_contents,[]
202,951,Azure/azure-sdk-for-rust,.github/workflows/issue-triage.md,strict,False,,implicito,,[],,,,
202,951,Azure/azure-sdk-for-rust,.github/workflows/issue-triage.md,tools.bash,True,false,modificado,bash_false,[],mas_estricto,,bash_dir_false,[]
202,951,Azure/azure-sdk-for-rust,.github/workflows/issue-triage.md,network,True,"{""allowed"": [""github"", ""threat-detection""], ""blocked"": [""registry.npmjs.org""]}",modificado,network_resto,[],sin_direccion,,network_dir_blocked,"[""network_dir_sin_defaults""]"
202,951,Azure/azure-sdk-for-rust,.github/workflows/issue-triage.md,permissions,True,"{""contents"": ""read"", ""issues"": ""read"", ""pull-requests"": ""read""}",modificado,permissions_resto,[],mas_permisivo,lectura,perm_lecturas_con_contents,[]
203,952,prowler-cloud/prowler,.github/workflows/issue-triage.md,strict,True,false,modificado,strict_resto,[],mas_permisivo,restricciones del modo estricto,strict_dir_false,[]
203,952,prowler-cloud/prowler,.github/workflows/issue-triage.md,tools.bash,True,"[""grep"", ""find"", ""cat"", ""head"", ""tail"", ""wc"", ""ls"", ""tree"", ""diff""]",modificado,bash_other_list,[],sin_direccion,,bash_dir_agrega_y_quita,[]
203,952,prowler-cloud/prowler,.github/workflows/issue-triage.md,network,True,"{""allowed"": [""defaults"", ""python"", ""mcp.prowler.com"", ""mcp.context7.com""]}",modificado,network_resto,[],mas_permisivo,dominios,network_dir_defaults_mas_otros,[]
203,952,prowler-cloud/prowler,.github/workflows/issue-triage.md,permissions,True,"{""actions"": ""read"", ""contents"": ""read"", ""issues"": ""read"", ""pull-requests"": ""read"", ""security-events"": ""read""}",modificado,permissions_resto,[],mas_permisivo,lectura,perm_lecturas_con_contents,[]
204,956,microsoft/vscode-pylint,.github/workflows/check-python-versions.md,strict,True,false,modificado,strict_resto,[],mas_permisivo,restricciones del modo estricto,strict_dir_false,[]
204,956,microsoft/vscode-pylint,.github/workflows/check-python-versions.md,tools.bash,False,,implicito,,[],,,,
204,956,microsoft/vscode-pylint,.github/workflows/check-python-versions.md,network,True,"{""allowed"": [""defaults"", ""python"", ""peps.python.org""]}",modificado,network_resto,[],mas_permisivo,dominios,network_dir_defaults_mas_otros,[]
204,956,microsoft/vscode-pylint,.github/workflows/check-python-versions.md,permissions,True,"{""pull-requests"": ""read""}",modificado,permissions_resto,[],sin_direccion,,perm_lecturas_sin_contents,[]
205,963,microsoft/vscode-pylint,.github/workflows/extension-template-sync.md,strict,False,,implicito,,[],,,,
205,963,microsoft/vscode-pylint,.github/workflows/extension-template-sync.md,tools.bash,False,,implicito,,[],,,,
205,963,microsoft/vscode-pylint,.github/workflows/extension-template-sync.md,network,True,"{""allowed"": []}",modificado,network_resto,[],mas_estricto,,network_dir_allowed_empty,[]
205,963,microsoft/vscode-pylint,.github/workflows/extension-template-sync.md,permissions,True,"{""contents"": ""read"", ""issues"": ""read"", ""pull-requests"": ""read""}",modificado,permissions_resto,[],mas_permisivo,lectura,perm_lecturas_con_contents,[]
206,969,microsoft/vscode-pylint,.github/workflows/issue-triage.md,strict,False,,implicito,,[],,,,
206,969,microsoft/vscode-pylint,.github/workflows/issue-triage.md,tools.bash,False,,implicito,,[],,,,
206,969,microsoft/vscode-pylint,.github/workflows/issue-triage.md,network,True,"{""allowed"": []}",modificado,network_resto,[],mas_estricto,,network_dir_allowed_empty,[]
206,969,microsoft/vscode-pylint,.github/workflows/issue-triage.md,permissions,True,"{""contents"": ""read"", ""issues"": ""read""}",modificado,permissions_resto,[],mas_permisivo,lectura,perm_lecturas_con_contents,[]
207,971,adoptium/api.adoptium.net,.github/workflows/production-branch-checker.md,strict,False,,implicito,,[],,,,
207,971,adoptium/api.adoptium.net,.github/workflows/production-branch-checker.md,tools.bash,False,,implicito,,[],,,,
207,971,adoptium/api.adoptium.net,.github/workflows/production-branch-checker.md,network,True,"{""allowed"": [""defaults"", ""*.adoptium.net""]}",modificado,network_resto,[],mas_permisivo,dominios,network_dir_defaults_mas_otros,[]
207,971,adoptium/api.adoptium.net,.github/workflows/production-branch-checker.md,permissions,True,"{""contents"": ""read"", ""pull-requests"": ""read""}",modificado,permissions_resto,[],mas_permisivo,lectura,perm_lecturas_con_contents,[]
208,972,pulumi/pulumi-vault,.github/workflows/gh-aw-pr-rereview.md,strict,True,true,explicito_igual_default,strict_true,[],,,,
208,972,pulumi/pulumi-vault,.github/workflows/gh-aw-pr-rereview.md,tools.bash,False,,implicito,,[],,,,
208,972,pulumi/pulumi-vault,.github/workflows/gh-aw-pr-rereview.md,network,False,,implicito,,[],,,,
208,972,pulumi/pulumi-vault,.github/workflows/gh-aw-pr-rereview.md,permissions,True,"{""contents"": ""read"", ""id-token"": ""write"", ""pull-requests"": ""read""}",modificado,permissions_resto,[],mas_permisivo,autenticacion,perm_escritura_solo_autenticacion,[]
209,973,pulumi/pulumi-vault,.github/workflows/gh-aw-pr-review.md,strict,True,true,explicito_igual_default,strict_true,[],,,,
209,973,pulumi/pulumi-vault,.github/workflows/gh-aw-pr-review.md,tools.bash,False,,implicito,,[],,,,
209,973,pulumi/pulumi-vault,.github/workflows/gh-aw-pr-review.md,network,False,,implicito,,[],,,,
209,973,pulumi/pulumi-vault,.github/workflows/gh-aw-pr-review.md,permissions,True,"{""contents"": ""read"", ""id-token"": ""write"", ""pull-requests"": ""read""}",modificado,permissions_resto,[],mas_permisivo,autenticacion,perm_escritura_solo_autenticacion,[]
210,974,pulumi/pulumi-cdk,.github/workflows/cdk-pr-rereview.md,strict,True,true,explicito_igual_default,strict_true,[],,,,
210,974,pulumi/pulumi-cdk,.github/workflows/cdk-pr-rereview.md,tools.bash,False,,implicito,,[],,,,
210,974,pulumi/pulumi-cdk,.github/workflows/cdk-pr-rereview.md,network,False,,implicito,,[],,,,
210,974,pulumi/pulumi-cdk,.github/workflows/cdk-pr-rereview.md,permissions,True,"{""contents"": ""read"", ""id-token"": ""write"", ""pull-requests"": ""read""}",modificado,permissions_resto,[],mas_permisivo,autenticacion,perm_escritura_solo_autenticacion,[]
211,975,pulumi/pulumi-cdk,.github/workflows/cdk-pr-review.md,strict,True,true,explicito_igual_default,strict_true,[],,,,
211,975,pulumi/pulumi-cdk,.github/workflows/cdk-pr-review.md,tools.bash,False,,implicito,,[],,,,
211,975,pulumi/pulumi-cdk,.github/workflows/cdk-pr-review.md,network,False,,implicito,,[],,,,
211,975,pulumi/pulumi-cdk,.github/workflows/cdk-pr-review.md,permissions,True,"{""contents"": ""read"", ""id-token"": ""write"", ""pull-requests"": ""read""}",modificado,permissions_resto,[],mas_permisivo,autenticacion,perm_escritura_solo_autenticacion,[]
212,978,microsoft/vscode-black-formatter,.github/workflows/check-python-versions.md,strict,True,false,modificado,strict_resto,[],mas_permisivo,restricciones del modo estricto,strict_dir_false,[]
212,978,microsoft/vscode-black-formatter,.github/workflows/check-python-versions.md,tools.bash,False,,implicito,,[],,,,
212,978,microsoft/vscode-black-formatter,.github/workflows/check-python-versions.md,network,True,"{""allowed"": [""defaults"", ""python"", ""peps.python.org""]}",modificado,network_resto,[],mas_permisivo,dominios,network_dir_defaults_mas_otros,[]
212,978,microsoft/vscode-black-formatter,.github/workflows/check-python-versions.md,permissions,True,"{""pull-requests"": ""read""}",modificado,permissions_resto,[],sin_direccion,,perm_lecturas_sin_contents,[]
213,985,microsoft/vscode-black-formatter,.github/workflows/extension-template-sync.md,strict,False,,implicito,,[],,,,
213,985,microsoft/vscode-black-formatter,.github/workflows/extension-template-sync.md,tools.bash,False,,implicito,,[],,,,
213,985,microsoft/vscode-black-formatter,.github/workflows/extension-template-sync.md,network,True,"{""allowed"": []}",modificado,network_resto,[],mas_estricto,,network_dir_allowed_empty,[]
213,985,microsoft/vscode-black-formatter,.github/workflows/extension-template-sync.md,permissions,True,"{""contents"": ""read"", ""issues"": ""read"", ""pull-requests"": ""read""}",modificado,permissions_resto,[],mas_permisivo,lectura,perm_lecturas_con_contents,[]
214,990,microsoft/vscode-black-formatter,.github/workflows/issue-triage.md,strict,False,,implicito,,[],,,,
214,990,microsoft/vscode-black-formatter,.github/workflows/issue-triage.md,tools.bash,False,,implicito,,[],,,,
214,990,microsoft/vscode-black-formatter,.github/workflows/issue-triage.md,network,True,"{""allowed"": []}",modificado,network_resto,[],mas_estricto,,network_dir_allowed_empty,[]
214,990,microsoft/vscode-black-formatter,.github/workflows/issue-triage.md,permissions,True,"{""contents"": ""read"", ""issues"": ""read""}",modificado,permissions_resto,[],mas_permisivo,lectura,perm_lecturas_con_contents,[]
215,994,py-why/dowhy,.github/workflows/repo-assist.md,strict,False,,implicito,,[],,,,
215,994,py-why/dowhy,.github/workflows/repo-assist.md,tools.bash,True,true,modificado,bash_true,[],mas_permisivo,comandos,bash_dir_true,[]
215,994,py-why/dowhy,.github/workflows/repo-assist.md,network,True,"{""allowed"": [""defaults"", ""dotnet"", ""node"", ""python"", ""rust"", ""java""]}",modificado,network_resto,[],mas_permisivo,dominios,network_dir_defaults_mas_otros,[]
215,994,py-why/dowhy,.github/workflows/repo-assist.md,permissions,True,"""read-all""",modificado,permissions_read_all,[],mas_permisivo,lectura,perm_read_all,[]
216,998,microsoft/vscode-isort,.github/workflows/check-python-versions.md,strict,True,false,modificado,strict_resto,[],mas_permisivo,restricciones del modo estricto,strict_dir_false,[]
216,998,microsoft/vscode-isort,.github/workflows/check-python-versions.md,tools.bash,False,,implicito,,[],,,,
216,998,microsoft/vscode-isort,.github/workflows/check-python-versions.md,network,True,"{""allowed"": [""defaults"", ""python"", ""peps.python.org""]}",modificado,network_resto,[],mas_permisivo,dominios,network_dir_defaults_mas_otros,[]
216,998,microsoft/vscode-isort,.github/workflows/check-python-versions.md,permissions,True,"{""pull-requests"": ""read""}",modificado,permissions_resto,[],sin_direccion,,perm_lecturas_sin_contents,[]
217,1005,microsoft/vscode-isort,.github/workflows/extension-template-sync.md,strict,False,,implicito,,[],,,,
217,1005,microsoft/vscode-isort,.github/workflows/extension-template-sync.md,tools.bash,False,,implicito,,[],,,,
217,1005,microsoft/vscode-isort,.github/workflows/extension-template-sync.md,network,True,"{""allowed"": []}",modificado,network_resto,[],mas_estricto,,network_dir_allowed_empty,[]
217,1005,microsoft/vscode-isort,.github/workflows/extension-template-sync.md,permissions,True,"{""contents"": ""read"", ""issues"": ""read"", ""pull-requests"": ""read""}",modificado,permissions_resto,[],mas_permisivo,lectura,perm_lecturas_con_contents,[]
218,1010,microsoft/vscode-isort,.github/workflows/issue-triage.md,strict,False,,implicito,,[],,,,
218,1010,microsoft/vscode-isort,.github/workflows/issue-triage.md,tools.bash,False,,implicito,,[],,,,
218,1010,microsoft/vscode-isort,.github/workflows/issue-triage.md,network,True,"{""allowed"": []}",modificado,network_resto,[],mas_estricto,,network_dir_allowed_empty,[]
218,1010,microsoft/vscode-isort,.github/workflows/issue-triage.md,permissions,True,"{""contents"": ""read"", ""issues"": ""read""}",modificado,permissions_resto,[],mas_permisivo,lectura,perm_lecturas_con_contents,[]
219,1011,pulumi/pulumi-oci,.github/workflows/gh-aw-pr-rereview.md,strict,True,true,explicito_igual_default,strict_true,[],,,,
219,1011,pulumi/pulumi-oci,.github/workflows/gh-aw-pr-rereview.md,tools.bash,False,,implicito,,[],,,,
219,1011,pulumi/pulumi-oci,.github/workflows/gh-aw-pr-rereview.md,network,False,,implicito,,[],,,,
219,1011,pulumi/pulumi-oci,.github/workflows/gh-aw-pr-rereview.md,permissions,True,"{""contents"": ""read"", ""id-token"": ""write"", ""pull-requests"": ""read""}",modificado,permissions_resto,[],mas_permisivo,autenticacion,perm_escritura_solo_autenticacion,[]
220,1012,pulumi/pulumi-oci,.github/workflows/gh-aw-pr-review.md,strict,True,true,explicito_igual_default,strict_true,[],,,,
220,1012,pulumi/pulumi-oci,.github/workflows/gh-aw-pr-review.md,tools.bash,False,,implicito,,[],,,,
220,1012,pulumi/pulumi-oci,.github/workflows/gh-aw-pr-review.md,network,False,,implicito,,[],,,,
220,1012,pulumi/pulumi-oci,.github/workflows/gh-aw-pr-review.md,permissions,True,"{""contents"": ""read"", ""id-token"": ""write"", ""pull-requests"": ""read""}",modificado,permissions_resto,[],mas_permisivo,autenticacion,perm_escritura_solo_autenticacion,[]
221,1017,NikiforovAll/keycloak-authorization-services-dotnet,.github/workflows/keybot.md,strict,False,,implicito,,[],,,,
221,1017,NikiforovAll/keycloak-authorization-services-dotnet,.github/workflows/keybot.md,tools.bash,True,true,modificado,bash_true,[],mas_permisivo,comandos,bash_dir_true,[]
221,1017,NikiforovAll/keycloak-authorization-services-dotnet,.github/workflows/keybot.md,network,True,"{""allowed"": [""defaults"", ""dotnet""]}",modificado,network_resto,[],mas_permisivo,dominios,network_dir_defaults_mas_otros,[]
221,1017,NikiforovAll/keycloak-authorization-services-dotnet,.github/workflows/keybot.md,permissions,True,"""read-all""",modificado,permissions_read_all,[],mas_permisivo,lectura,perm_read_all,[]
222,1018,getindata/kedro-vertexai,.github/workflows/dependabot-fix.md,strict,False,,implicito,,[],,,,
222,1018,getindata/kedro-vertexai,.github/workflows/dependabot-fix.md,tools.bash,True,true,modificado,bash_true,[],mas_permisivo,comandos,bash_dir_true,[]
222,1018,getindata/kedro-vertexai,.github/workflows/dependabot-fix.md,network,True,"{""allowed"": [""defaults"", ""python""]}",modificado,network_resto,[],mas_permisivo,dominios,network_dir_defaults_mas_otros,[]
222,1018,getindata/kedro-vertexai,.github/workflows/dependabot-fix.md,permissions,True,"""read-all""",modificado,permissions_read_all,[],mas_permisivo,lectura,perm_read_all,[]
223,1019,getindata/kedro-vertexai,.github/workflows/dependabot-review.md,strict,False,,implicito,,[],,,,
223,1019,getindata/kedro-vertexai,.github/workflows/dependabot-review.md,tools.bash,True,true,modificado,bash_true,[],mas_permisivo,comandos,bash_dir_true,[]
223,1019,getindata/kedro-vertexai,.github/workflows/dependabot-review.md,network,True,"{""allowed"": [""defaults"", ""python""]}",modificado,network_resto,[],mas_permisivo,dominios,network_dir_defaults_mas_otros,[]
223,1019,getindata/kedro-vertexai,.github/workflows/dependabot-review.md,permissions,True,"""read-all""",modificado,permissions_read_all,[],mas_permisivo,lectura,perm_read_all,[]
224,1022,baizhiheizi/quill,.github/workflows/accessibility-review.md,strict,False,,implicito,,[],,,,
224,1022,baizhiheizi/quill,.github/workflows/accessibility-review.md,tools.bash,False,,implicito,,[],,,,
224,1022,baizhiheizi/quill,.github/workflows/accessibility-review.md,network,True,"""defaults""",explicito_igual_default,network_defaults,[],,,,
224,1022,baizhiheizi/quill,.github/workflows/accessibility-review.md,permissions,True,"""read-all""",modificado,permissions_read_all,[],mas_permisivo,lectura,perm_read_all,[]
225,1024,baizhiheizi/quill,.github/workflows/agentic-wiki-writer.md,strict,False,,implicito,,[],,,,
225,1024,baizhiheizi/quill,.github/workflows/agentic-wiki-writer.md,tools.bash,True,"[""find * -type f -not -path"", ""tree *"", ""wc *"", ""ls"", ""cat *"", ""head *""]",modificado,bash_other_list,[],sin_direccion,,bash_dir_agrega_y_quita,[]
225,1024,baizhiheizi/quill,.github/workflows/agentic-wiki-writer.md,network,False,,implicito,,[],,,,
225,1024,baizhiheizi/quill,.github/workflows/agentic-wiki-writer.md,permissions,True,"{""contents"": ""read"", ""issues"": ""read"", ""pull-requests"": ""read""}",modificado,permissions_resto,[],mas_permisivo,lectura,perm_lecturas_con_contents,[]
226,1026,baizhiheizi/quill,.github/workflows/code-simplifier.md,strict,False,,implicito,,[],,,,
226,1026,baizhiheizi/quill,.github/workflows/code-simplifier.md,tools.bash,False,,implicito,,[],,,,
226,1026,baizhiheizi/quill,.github/workflows/code-simplifier.md,network,True,"{""allowed"": [""defaults"", ""dotnet"", ""node"", ""python"", ""rust"", ""java""]}",modificado,network_resto,[],mas_permisivo,dominios,network_dir_defaults_mas_otros,[]
226,1026,baizhiheizi/quill,.github/workflows/code-simplifier.md,permissions,True,"""read-all""",modificado,permissions_read_all,[],mas_permisivo,lectura,perm_read_all,[]
227,1028,baizhiheizi/quill,.github/workflows/discussion-task-miner.md,strict,False,,implicito,,[],,,,
227,1028,baizhiheizi/quill,.github/workflows/discussion-task-miner.md,tools.bash,True,"[""jq *"", ""cat *"", ""date *""]",modificado,bash_other_list,[],sin_direccion,,bash_dir_agrega_y_quita,[]
227,1028,baizhiheizi/quill,.github/workflows/discussion-task-miner.md,network,True,"{""allowed"": [""defaults""]}",explicito_igual_default,network_allowed_defaults,[],,,,
227,1028,baizhiheizi/quill,.github/workflows/discussion-task-miner.md,permissions,True,"{""contents"": ""read"", ""discussions"": ""read"", ""issues"": ""read"", ""pull-requests"": ""read""}",modificado,permissions_resto,[],mas_permisivo,lectura,perm_lecturas_con_contents,[]
228,1030,baizhiheizi/quill,.github/workflows/efficiency-improver.md,strict,False,,implicito,,[],,,,
228,1030,baizhiheizi/quill,.github/workflows/efficiency-improver.md,tools.bash,True,true,modificado,bash_true,[],mas_permisivo,comandos,bash_dir_true,[]
228,1030,baizhiheizi/quill,.github/workflows/efficiency-improver.md,network,True,"{""allowed"": [""defaults"", ""dotnet"", ""node"", ""python"", ""rust"", ""java""]}",modificado,network_resto,[],mas_permisivo,dominios,network_dir_defaults_mas_otros,[]
228,1030,baizhiheizi/quill,.github/workflows/efficiency-improver.md,permissions,True,"""read-all""",modificado,permissions_read_all,[],mas_permisivo,lectura,perm_read_all,[]
229,1032,baizhiheizi/quill,.github/workflows/large-file-simplifier.md,strict,False,,implicito,,[],,,,
229,1032,baizhiheizi/quill,.github/workflows/large-file-simplifier.md,tools.bash,True,"[""git ls-tree -r --name-only HEAD"", ""git ls-tree -r -l --full-name HEAD"", ""git ls-tree -r --name-only HEAD | grep -E * | grep -vE * | xargs wc -l 2>/dev/null"", ""git ls-tree -r --name-only HEAD | grep -E * | xargs wc -l 2>/dev/null"", ""wc -l *"", ""head -n * *"", ""tail -n * *"", ""grep -n * *"", ""sort *"", ""cat *""]",modificado,bash_other_list,[],sin_direccion,,bash_dir_agrega_y_quita,[]
229,1032,baizhiheizi/quill,.github/workflows/large-file-simplifier.md,network,False,,implicito,,[],,,,
229,1032,baizhiheizi/quill,.github/workflows/large-file-simplifier.md,permissions,True,"{""contents"": ""read"", ""issues"": ""read"", ""pull-requests"": ""read""}",modificado,permissions_resto,[],mas_permisivo,lectura,perm_lecturas_con_contents,[]
230,1034,baizhiheizi/quill,.github/workflows/malicious-code-scan.md,strict,False,,implicito,,[],,,,
230,1034,baizhiheizi/quill,.github/workflows/malicious-code-scan.md,tools.bash,True,true,modificado,bash_true,[],mas_permisivo,comandos,bash_dir_true,[]
230,1034,baizhiheizi/quill,.github/workflows/malicious-code-scan.md,network,False,,implicito,,[],,,,
230,1034,baizhiheizi/quill,.github/workflows/malicious-code-scan.md,permissions,True,"{""actions"": ""read"", ""contents"": ""read"", ""security-events"": ""read""}",modificado,permissions_resto,[],mas_permisivo,lectura,perm_lecturas_con_contents,[]
231,1040,baizhiheizi/quill,.github/workflows/perf-improver.md,strict,False,,implicito,,[],,,,
231,1040,baizhiheizi/quill,.github/workflows/perf-improver.md,tools.bash,True,true,modificado,bash_true,[],mas_permisivo,comandos,bash_dir_true,[]
231,1040,baizhiheizi/quill,.github/workflows/perf-improver.md,network,True,"{""allowed"": [""defaults"", ""dotnet"", ""node"", ""python"", ""rust"", ""java""]}",modificado,network_resto,[],mas_permisivo,dominios,network_dir_defaults_mas_otros,[]
231,1040,baizhiheizi/quill,.github/workflows/perf-improver.md,permissions,True,"""read-all""",modificado,permissions_read_all,[],mas_permisivo,lectura,perm_read_all,[]
232,1042,baizhiheizi/quill,.github/workflows/pr-fix.md,strict,False,,implicito,,[],,,,
232,1042,baizhiheizi/quill,.github/workflows/pr-fix.md,tools.bash,True,true,modificado,bash_true,[],mas_permisivo,comandos,bash_dir_true,[]
232,1042,baizhiheizi/quill,.github/workflows/pr-fix.md,network,True,"""defaults""",explicito_igual_default,network_defaults,[],,,,
232,1042,baizhiheizi/quill,.github/workflows/pr-fix.md,permissions,True,"""read-all""",modificado,permissions_read_all,[],mas_permisivo,lectura,perm_read_all,[]
233,1045,baizhiheizi/quill,.github/workflows/repo-assist.md,strict,False,,implicito,,[],,,,
233,1045,baizhiheizi/quill,.github/workflows/repo-assist.md,tools.bash,True,true,modificado,bash_true,[],mas_permisivo,comandos,bash_dir_true,[]
233,1045,baizhiheizi/quill,.github/workflows/repo-assist.md,network,True,"{""allowed"": [""defaults"", ""dotnet"", ""node"", ""python"", ""rust"", ""java""]}",modificado,network_resto,[],mas_permisivo,dominios,network_dir_defaults_mas_otros,[]
233,1045,baizhiheizi/quill,.github/workflows/repo-assist.md,permissions,True,"""read-all""",modificado,permissions_read_all,[],mas_permisivo,lectura,perm_read_all,[]
234,1047,baizhiheizi/quill,.github/workflows/repository-quality-improver.md,strict,False,,implicito,,[],,,,
234,1047,baizhiheizi/quill,.github/workflows/repository-quality-improver.md,tools.bash,True,"[""*""]",modificado,bash_other_list,[],mas_permisivo,comandos,bash_dir_comodin_total,[]
234,1047,baizhiheizi/quill,.github/workflows/repository-quality-improver.md,network,False,,implicito,,[],,,,
234,1047,baizhiheizi/quill,.github/workflows/repository-quality-improver.md,permissions,True,"{""actions"": ""read"", ""contents"": ""read"", ""issues"": ""read"", ""pull-requests"": ""read""}",modificado,permissions_resto,[],mas_permisivo,lectura,perm_lecturas_con_contents,[]
235,1049,baizhiheizi/quill,.github/workflows/sub-issue-closer.md,strict,False,,implicito,,[],,,,
235,1049,baizhiheizi/quill,.github/workflows/sub-issue-closer.md,tools.bash,False,,implicito,,[],,,,
235,1049,baizhiheizi/quill,.github/workflows/sub-issue-closer.md,network,True,"{""allowed"": [""defaults""]}",explicito_igual_default,network_allowed_defaults,[],,,,
235,1049,baizhiheizi/quill,.github/workflows/sub-issue-closer.md,permissions,True,"{""contents"": ""read"", ""issues"": ""read""}",modificado,permissions_resto,[],mas_permisivo,lectura,perm_lecturas_con_contents,[]
236,1055,baizhiheizi/quill,.github/workflows/test-improver.md,strict,False,,implicito,,[],,,,
236,1055,baizhiheizi/quill,.github/workflows/test-improver.md,tools.bash,True,true,modificado,bash_true,[],mas_permisivo,comandos,bash_dir_true,[]
236,1055,baizhiheizi/quill,.github/workflows/test-improver.md,network,True,"{""allowed"": [""defaults"", ""dotnet"", ""node"", ""python"", ""rust"", ""java""]}",modificado,network_resto,[],mas_permisivo,dominios,network_dir_defaults_mas_otros,[]
236,1055,baizhiheizi/quill,.github/workflows/test-improver.md,permissions,True,"""read-all""",modificado,permissions_read_all,[],mas_permisivo,lectura,perm_read_all,[]
237,1057,baizhiheizi/quill,.github/workflows/unbloat-docs.md,strict,False,,implicito,,[],,,,
237,1057,baizhiheizi/quill,.github/workflows/unbloat-docs.md,tools.bash,True,"[""find * -name"", ""wc -l *"", ""grep -n *"", ""git"", ""cat *"", ""head *"", ""tail *"", ""cd *"", ""echo *"", ""mkdir *"", ""cp *"", ""mv *""]",modificado,bash_other_list,[],sin_direccion,,bash_dir_agrega_y_quita,[]
237,1057,baizhiheizi/quill,.github/workflows/unbloat-docs.md,network,True,"{""allowed"": [""defaults"", ""github""]}",modificado,network_resto,[],mas_permisivo,dominios,network_dir_defaults_mas_otros,[]
237,1057,baizhiheizi/quill,.github/workflows/unbloat-docs.md,permissions,True,"{""contents"": ""read"", ""issues"": ""read"", ""pull-requests"": ""read""}",modificado,permissions_resto,[],mas_permisivo,lectura,perm_lecturas_con_contents,[]
238,1059,baizhiheizi/quill,.github/workflows/weekly-research.md,strict,False,,implicito,,[],,,,
238,1059,baizhiheizi/quill,.github/workflows/weekly-research.md,tools.bash,False,,implicito,,[],,,,
238,1059,baizhiheizi/quill,.github/workflows/weekly-research.md,network,True,"""defaults""",explicito_igual_default,network_defaults,[],,,,
238,1059,baizhiheizi/quill,.github/workflows/weekly-research.md,permissions,True,"""read-all""",modificado,permissions_read_all,[],mas_permisivo,lectura,perm_read_all,[]
239,1065,microsoft/security-devops-action,.github/workflows/ci-doctor.md,strict,False,,implicito,,[],,,,
239,1065,microsoft/security-devops-action,.github/workflows/ci-doctor.md,tools.bash,False,,implicito,,[],,,,
239,1065,microsoft/security-devops-action,.github/workflows/ci-doctor.md,network,True,"{""allowed"": [""github""]}",modificado,network_resto,[],sin_direccion,,network_dir_sin_defaults,[]
239,1065,microsoft/security-devops-action,.github/workflows/ci-doctor.md,permissions,True,"{""actions"": ""read"", ""contents"": ""read"", ""issues"": ""read""}",modificado,permissions_resto,[],mas_permisivo,lectura,perm_lecturas_con_contents,[]
240,1071,microsoft/security-devops-action,.github/workflows/msdo-breach-monitor.md,strict,False,,implicito,,[],,,,
240,1071,microsoft/security-devops-action,.github/workflows/msdo-breach-monitor.md,tools.bash,False,,implicito,,[],,,,
240,1071,microsoft/security-devops-action,.github/workflows/msdo-breach-monitor.md,network,True,"{""allowed"": [""github"", ""python"", ""dotnet"", ""nvd.nist.gov"", ""osv.dev""]}",modificado,network_resto,[],sin_direccion,,network_dir_sin_defaults,[]
240,1071,microsoft/security-devops-action,.github/workflows/msdo-breach-monitor.md,permissions,True,"{""contents"": ""read"", ""issues"": ""read""}",modificado,permissions_resto,[],mas_permisivo,lectura,perm_lecturas_con_contents,[]
241,1081,microsoft/security-devops-action,.github/workflows/msdo-issue-assistant.md,strict,False,,implicito,,[],,,,
241,1081,microsoft/security-devops-action,.github/workflows/msdo-issue-assistant.md,tools.bash,False,,implicito,,[],,,,
241,1081,microsoft/security-devops-action,.github/workflows/msdo-issue-assistant.md,network,True,"{""allowed"": [""github""]}",modificado,network_resto,[],sin_direccion,,network_dir_sin_defaults,[]
241,1081,microsoft/security-devops-action,.github/workflows/msdo-issue-assistant.md,permissions,True,"{""contents"": ""read"", ""issues"": ""read""}",modificado,permissions_resto,[],mas_permisivo,lectura,perm_lecturas_con_contents,[]
242,1083,Azure/azure-dev,.github/workflows/extension-pr-labeler.md,strict,True,true,explicito_igual_default,strict_true,[],,,,
242,1083,Azure/azure-dev,.github/workflows/extension-pr-labeler.md,tools.bash,False,,implicito,,[],,,,
242,1083,Azure/azure-dev,.github/workflows/extension-pr-labeler.md,network,True,"{""allowed"": [""defaults"", ""github""]}",modificado,network_resto,[],mas_permisivo,dominios,network_dir_defaults_mas_otros,[]
242,1083,Azure/azure-dev,.github/workflows/extension-pr-labeler.md,permissions,True,"{""contents"": ""read"", ""copilot-requests"": ""write"", ""issues"": ""read"", ""pull-requests"": ""read""}",modificado,permissions_resto,[],mas_permisivo,autenticacion,perm_escritura_solo_autenticacion,[]
243,1085,Azure/azure-dev,.github/workflows/update-instructions-from-pr-reviews.md,strict,False,,implicito,,[],,,,
243,1085,Azure/azure-dev,.github/workflows/update-instructions-from-pr-reviews.md,tools.bash,False,,implicito,,[],,,,
243,1085,Azure/azure-dev,.github/workflows/update-instructions-from-pr-reviews.md,network,False,,implicito,,[],,,,
243,1085,Azure/azure-dev,.github/workflows/update-instructions-from-pr-reviews.md,permissions,True,"{""contents"": ""read"", ""copilot-requests"": ""write"", ""issues"": ""read"", ""pull-requests"": ""read""}",modificado,permissions_resto,[],mas_permisivo,autenticacion,perm_escritura_solo_autenticacion,[]
244,1098,libxengine/XEngine_Authorize,.github/workflows/auto-code.md,strict,True,false,modificado,strict_resto,[],mas_permisivo,restricciones del modo estricto,strict_dir_false,[]
244,1098,libxengine/XEngine_Authorize,.github/workflows/auto-code.md,tools.bash,False,,implicito,,[],,,,
244,1098,libxengine/XEngine_Authorize,.github/workflows/auto-code.md,network,True,"{""allowed"": [""defaults"", ""ark.cn-beijing.volces.com""]}",modificado,network_resto,[],mas_permisivo,dominios,network_dir_defaults_mas_otros,[]
244,1098,libxengine/XEngine_Authorize,.github/workflows/auto-code.md,permissions,True,"{""contents"": ""read"", ""copilot-requests"": ""write"", ""issues"": ""read"", ""pull-requests"": ""read""}",modificado,permissions_resto,[],mas_permisivo,autenticacion,perm_escritura_solo_autenticacion,[]
245,1118,libxengine/XEngine_Authorize,.github/workflows/issue-triage.md,strict,True,false,modificado,strict_resto,[],mas_permisivo,restricciones del modo estricto,strict_dir_false,[]
245,1118,libxengine/XEngine_Authorize,.github/workflows/issue-triage.md,tools.bash,False,,implicito,,[],,,,
245,1118,libxengine/XEngine_Authorize,.github/workflows/issue-triage.md,network,True,"{""allowed"": [""defaults"", ""ark.cn-beijing.volces.com""]}",modificado,network_resto,[],mas_permisivo,dominios,network_dir_defaults_mas_otros,[]
245,1118,libxengine/XEngine_Authorize,.github/workflows/issue-triage.md,permissions,True,"{""contents"": ""read"", ""copilot-requests"": ""write"", ""issues"": ""read"", ""pull-requests"": ""read""}",modificado,permissions_resto,[],mas_permisivo,autenticacion,perm_escritura_solo_autenticacion,[]
246,1119,pulumi/pulumi-aiven,.github/workflows/gh-aw-pr-rereview.md,strict,True,true,explicito_igual_default,strict_true,[],,,,
246,1119,pulumi/pulumi-aiven,.github/workflows/gh-aw-pr-rereview.md,tools.bash,False,,implicito,,[],,,,
246,1119,pulumi/pulumi-aiven,.github/workflows/gh-aw-pr-rereview.md,network,False,,implicito,,[],,,,
246,1119,pulumi/pulumi-aiven,.github/workflows/gh-aw-pr-rereview.md,permissions,True,"{""contents"": ""read"", ""id-token"": ""write"", ""pull-requests"": ""read""}",modificado,permissions_resto,[],mas_permisivo,autenticacion,perm_escritura_solo_autenticacion,[]
247,1120,pulumi/pulumi-aiven,.github/workflows/gh-aw-pr-review.md,strict,True,true,explicito_igual_default,strict_true,[],,,,
247,1120,pulumi/pulumi-aiven,.github/workflows/gh-aw-pr-review.md,tools.bash,False,,implicito,,[],,,,
247,1120,pulumi/pulumi-aiven,.github/workflows/gh-aw-pr-review.md,network,False,,implicito,,[],,,,
247,1120,pulumi/pulumi-aiven,.github/workflows/gh-aw-pr-review.md,permissions,True,"{""contents"": ""read"", ""id-token"": ""write"", ""pull-requests"": ""read""}",modificado,permissions_resto,[],mas_permisivo,autenticacion,perm_escritura_solo_autenticacion,[]
248,1121,pulumi/pulumi-tailscale,.github/workflows/gh-aw-pr-rereview.md,strict,True,true,explicito_igual_default,strict_true,[],,,,
248,1121,pulumi/pulumi-tailscale,.github/workflows/gh-aw-pr-rereview.md,tools.bash,False,,implicito,,[],,,,
248,1121,pulumi/pulumi-tailscale,.github/workflows/gh-aw-pr-rereview.md,network,False,,implicito,,[],,,,
248,1121,pulumi/pulumi-tailscale,.github/workflows/gh-aw-pr-rereview.md,permissions,True,"{""contents"": ""read"", ""id-token"": ""write"", ""pull-requests"": ""read""}",modificado,permissions_resto,[],mas_permisivo,autenticacion,perm_escritura_solo_autenticacion,[]
249,1122,pulumi/pulumi-tailscale,.github/workflows/gh-aw-pr-review.md,strict,True,true,explicito_igual_default,strict_true,[],,,,
249,1122,pulumi/pulumi-tailscale,.github/workflows/gh-aw-pr-review.md,tools.bash,False,,implicito,,[],,,,
249,1122,pulumi/pulumi-tailscale,.github/workflows/gh-aw-pr-review.md,network,False,,implicito,,[],,,,
249,1122,pulumi/pulumi-tailscale,.github/workflows/gh-aw-pr-review.md,permissions,True,"{""contents"": ""read"", ""id-token"": ""write"", ""pull-requests"": ""read""}",modificado,permissions_resto,[],mas_permisivo,autenticacion,perm_escritura_solo_autenticacion,[]
250,1123,pulumi/pulumi-kubernetes-cert-manager,.github/workflows/gh-aw-pr-rereview.md,strict,True,true,explicito_igual_default,strict_true,[],,,,
250,1123,pulumi/pulumi-kubernetes-cert-manager,.github/workflows/gh-aw-pr-rereview.md,tools.bash,False,,implicito,,[],,,,
250,1123,pulumi/pulumi-kubernetes-cert-manager,.github/workflows/gh-aw-pr-rereview.md,network,False,,implicito,,[],,,,
250,1123,pulumi/pulumi-kubernetes-cert-manager,.github/workflows/gh-aw-pr-rereview.md,permissions,True,"{""contents"": ""read"", ""id-token"": ""write"", ""pull-requests"": ""read""}",modificado,permissions_resto,[],mas_permisivo,autenticacion,perm_escritura_solo_autenticacion,[]
251,1124,pulumi/pulumi-kubernetes-cert-manager,.github/workflows/gh-aw-pr-review.md,strict,True,true,explicito_igual_default,strict_true,[],,,,
251,1124,pulumi/pulumi-kubernetes-cert-manager,.github/workflows/gh-aw-pr-review.md,tools.bash,False,,implicito,,[],,,,
251,1124,pulumi/pulumi-kubernetes-cert-manager,.github/workflows/gh-aw-pr-review.md,network,False,,implicito,,[],,,,
251,1124,pulumi/pulumi-kubernetes-cert-manager,.github/workflows/gh-aw-pr-review.md,permissions,True,"{""contents"": ""read"", ""id-token"": ""write"", ""pull-requests"": ""read""}",modificado,permissions_resto,[],mas_permisivo,autenticacion,perm_escritura_solo_autenticacion,[]
252,1132,talk2MeGooseman/stream_closed_captioner_phoenix,.github/workflows/daily-test-improver.md,strict,False,,implicito,,[],,,,
252,1132,talk2MeGooseman/stream_closed_captioner_phoenix,.github/workflows/daily-test-improver.md,tools.bash,True,true,modificado,bash_true,[],mas_permisivo,comandos,bash_dir_true,[]
252,1132,talk2MeGooseman/stream_closed_captioner_phoenix,.github/workflows/daily-test-improver.md,network,True,"{""allowed"": [""defaults"", ""dotnet"", ""node"", ""python"", ""rust"", ""java""]}",modificado,network_resto,[],mas_permisivo,dominios,network_dir_defaults_mas_otros,[]
252,1132,talk2MeGooseman/stream_closed_captioner_phoenix,.github/workflows/daily-test-improver.md,permissions,True,"""read-all""",modificado,permissions_read_all,[],mas_permisivo,lectura,perm_read_all,[]
253,1133,talk2MeGooseman/stream_closed_captioner_phoenix,.github/workflows/repository-quality-improver.md,strict,False,,implicito,,[],,,,
253,1133,talk2MeGooseman/stream_closed_captioner_phoenix,.github/workflows/repository-quality-improver.md,tools.bash,True,"[""*""]",modificado,bash_other_list,[],mas_permisivo,comandos,bash_dir_comodin_total,[]
253,1133,talk2MeGooseman/stream_closed_captioner_phoenix,.github/workflows/repository-quality-improver.md,network,False,,implicito,,[],,,,
253,1133,talk2MeGooseman/stream_closed_captioner_phoenix,.github/workflows/repository-quality-improver.md,permissions,True,"{""actions"": ""read"", ""contents"": ""read"", ""issues"": ""read"", ""pull-requests"": ""read""}",modificado,permissions_resto,[],mas_permisivo,lectura,perm_lecturas_con_contents,[]
254,1134,pulumi/pulumi-mongodbatlas,.github/workflows/gh-aw-pr-rereview.md,strict,True,true,explicito_igual_default,strict_true,[],,,,
254,1134,pulumi/pulumi-mongodbatlas,.github/workflows/gh-aw-pr-rereview.md,tools.bash,False,,implicito,,[],,,,
254,1134,pulumi/pulumi-mongodbatlas,.github/workflows/gh-aw-pr-rereview.md,network,False,,implicito,,[],,,,
254,1134,pulumi/pulumi-mongodbatlas,.github/workflows/gh-aw-pr-rereview.md,permissions,True,"{""contents"": ""read"", ""id-token"": ""write"", ""pull-requests"": ""read""}",modificado,permissions_resto,[],mas_permisivo,autenticacion,perm_escritura_solo_autenticacion,[]
255,1135,pulumi/pulumi-mongodbatlas,.github/workflows/gh-aw-pr-review.md,strict,True,true,explicito_igual_default,strict_true,[],,,,
255,1135,pulumi/pulumi-mongodbatlas,.github/workflows/gh-aw-pr-review.md,tools.bash,False,,implicito,,[],,,,
255,1135,pulumi/pulumi-mongodbatlas,.github/workflows/gh-aw-pr-review.md,network,False,,implicito,,[],,,,
255,1135,pulumi/pulumi-mongodbatlas,.github/workflows/gh-aw-pr-review.md,permissions,True,"{""contents"": ""read"", ""id-token"": ""write"", ""pull-requests"": ""read""}",modificado,permissions_resto,[],mas_permisivo,autenticacion,perm_escritura_solo_autenticacion,[]
256,1136,pulumi/pulumi-kafka,.github/workflows/gh-aw-pr-rereview.md,strict,True,true,explicito_igual_default,strict_true,[],,,,
256,1136,pulumi/pulumi-kafka,.github/workflows/gh-aw-pr-rereview.md,tools.bash,False,,implicito,,[],,,,
256,1136,pulumi/pulumi-kafka,.github/workflows/gh-aw-pr-rereview.md,network,False,,implicito,,[],,,,
256,1136,pulumi/pulumi-kafka,.github/workflows/gh-aw-pr-rereview.md,permissions,True,"{""contents"": ""read"", ""id-token"": ""write"", ""pull-requests"": ""read""}",modificado,permissions_resto,[],mas_permisivo,autenticacion,perm_escritura_solo_autenticacion,[]
257,1137,pulumi/pulumi-kafka,.github/workflows/gh-aw-pr-review.md,strict,True,true,explicito_igual_default,strict_true,[],,,,
257,1137,pulumi/pulumi-kafka,.github/workflows/gh-aw-pr-review.md,tools.bash,False,,implicito,,[],,,,
257,1137,pulumi/pulumi-kafka,.github/workflows/gh-aw-pr-review.md,network,False,,implicito,,[],,,,
257,1137,pulumi/pulumi-kafka,.github/workflows/gh-aw-pr-review.md,permissions,True,"{""contents"": ""read"", ""id-token"": ""write"", ""pull-requests"": ""read""}",modificado,permissions_resto,[],mas_permisivo,autenticacion,perm_escritura_solo_autenticacion,[]
258,1138,pulumi/pulumi-newrelic,.github/workflows/gh-aw-pr-rereview.md,strict,True,true,explicito_igual_default,strict_true,[],,,,
258,1138,pulumi/pulumi-newrelic,.github/workflows/gh-aw-pr-rereview.md,tools.bash,False,,implicito,,[],,,,
258,1138,pulumi/pulumi-newrelic,.github/workflows/gh-aw-pr-rereview.md,network,False,,implicito,,[],,,,
258,1138,pulumi/pulumi-newrelic,.github/workflows/gh-aw-pr-rereview.md,permissions,True,"{""contents"": ""read"", ""id-token"": ""write"", ""pull-requests"": ""read""}",modificado,permissions_resto,[],mas_permisivo,autenticacion,perm_escritura_solo_autenticacion,[]
259,1139,pulumi/pulumi-newrelic,.github/workflows/gh-aw-pr-review.md,strict,True,true,explicito_igual_default,strict_true,[],,,,
259,1139,pulumi/pulumi-newrelic,.github/workflows/gh-aw-pr-review.md,tools.bash,False,,implicito,,[],,,,
259,1139,pulumi/pulumi-newrelic,.github/workflows/gh-aw-pr-review.md,network,False,,implicito,,[],,,,
259,1139,pulumi/pulumi-newrelic,.github/workflows/gh-aw-pr-review.md,permissions,True,"{""contents"": ""read"", ""id-token"": ""write"", ""pull-requests"": ""read""}",modificado,permissions_resto,[],mas_permisivo,autenticacion,perm_escritura_solo_autenticacion,[]
260,1140,microsoft/pylance-release,.github/workflows/issue-assignment.md,strict,False,,implicito,,[],,,,
260,1140,microsoft/pylance-release,.github/workflows/issue-assignment.md,tools.bash,False,,implicito,,[],,,,
260,1140,microsoft/pylance-release,.github/workflows/issue-assignment.md,network,False,,implicito,,[],,,,
260,1140,microsoft/pylance-release,.github/workflows/issue-assignment.md,permissions,True,"{""contents"": ""read"", ""issues"": ""read"", ""pull-requests"": ""read""}",modificado,permissions_resto,[],mas_permisivo,lectura,perm_lecturas_con_contents,[]
261,1141,pulumi/pulumi-pulumiservice,.github/workflows/gh-aw-pr-rereview.md,strict,True,true,explicito_igual_default,strict_true,[],,,,
261,1141,pulumi/pulumi-pulumiservice,.github/workflows/gh-aw-pr-rereview.md,tools.bash,False,,implicito,,[],,,,
261,1141,pulumi/pulumi-pulumiservice,.github/workflows/gh-aw-pr-rereview.md,network,False,,implicito,,[],,,,
261,1141,pulumi/pulumi-pulumiservice,.github/workflows/gh-aw-pr-rereview.md,permissions,True,"{""contents"": ""read"", ""id-token"": ""write"", ""pull-requests"": ""read""}",modificado,permissions_resto,[],mas_permisivo,autenticacion,perm_escritura_solo_autenticacion,[]
262,1142,pulumi/pulumi-pulumiservice,.github/workflows/gh-aw-pr-review.md,strict,True,true,explicito_igual_default,strict_true,[],,,,
262,1142,pulumi/pulumi-pulumiservice,.github/workflows/gh-aw-pr-review.md,tools.bash,False,,implicito,,[],,,,
262,1142,pulumi/pulumi-pulumiservice,.github/workflows/gh-aw-pr-review.md,network,False,,implicito,,[],,,,
262,1142,pulumi/pulumi-pulumiservice,.github/workflows/gh-aw-pr-review.md,permissions,True,"{""contents"": ""read"", ""id-token"": ""write"", ""pull-requests"": ""read""}",modificado,permissions_resto,[],mas_permisivo,autenticacion,perm_escritura_solo_autenticacion,[]
263,1146,microsoft/vscode-mypy,.github/workflows/check-python-versions.md,strict,True,false,modificado,strict_resto,[],mas_permisivo,restricciones del modo estricto,strict_dir_false,[]
263,1146,microsoft/vscode-mypy,.github/workflows/check-python-versions.md,tools.bash,False,,implicito,,[],,,,
263,1146,microsoft/vscode-mypy,.github/workflows/check-python-versions.md,network,True,"{""allowed"": [""defaults"", ""python"", ""peps.python.org""]}",modificado,network_resto,[],mas_permisivo,dominios,network_dir_defaults_mas_otros,[]
263,1146,microsoft/vscode-mypy,.github/workflows/check-python-versions.md,permissions,True,"{""pull-requests"": ""read""}",modificado,permissions_resto,[],sin_direccion,,perm_lecturas_sin_contents,[]
264,1153,microsoft/vscode-mypy,.github/workflows/extension-template-sync.md,strict,False,,implicito,,[],,,,
264,1153,microsoft/vscode-mypy,.github/workflows/extension-template-sync.md,tools.bash,False,,implicito,,[],,,,
264,1153,microsoft/vscode-mypy,.github/workflows/extension-template-sync.md,network,True,"{""allowed"": []}",modificado,network_resto,[],mas_estricto,,network_dir_allowed_empty,[]
264,1153,microsoft/vscode-mypy,.github/workflows/extension-template-sync.md,permissions,True,"{""contents"": ""read"", ""issues"": ""read"", ""pull-requests"": ""read""}",modificado,permissions_resto,[],mas_permisivo,lectura,perm_lecturas_con_contents,[]
265,1158,microsoft/vscode-mypy,.github/workflows/issue-triage.md,strict,False,,implicito,,[],,,,
265,1158,microsoft/vscode-mypy,.github/workflows/issue-triage.md,tools.bash,False,,implicito,,[],,,,
265,1158,microsoft/vscode-mypy,.github/workflows/issue-triage.md,network,True,"{""allowed"": []}",modificado,network_resto,[],mas_estricto,,network_dir_allowed_empty,[]
265,1158,microsoft/vscode-mypy,.github/workflows/issue-triage.md,permissions,True,"{""contents"": ""read"", ""issues"": ""read""}",modificado,permissions_resto,[],mas_permisivo,lectura,perm_lecturas_con_contents,[]
266,1163,Alfresco/alfresco-build-tools,.github/workflows/supply-chain-review.md,strict,False,,implicito,,[],,,,
266,1163,Alfresco/alfresco-build-tools,.github/workflows/supply-chain-review.md,tools.bash,False,,implicito,,[],,,,
266,1163,Alfresco/alfresco-build-tools,.github/workflows/supply-chain-review.md,network,True,"{""allowed"": [""defaults"", ""node"", ""java"", ""api.osv.dev"", ""api.scorecard.dev"", ""search.maven.org""]}",modificado,network_resto,[],mas_permisivo,dominios,network_dir_defaults_mas_otros,[]
266,1163,Alfresco/alfresco-build-tools,.github/workflows/supply-chain-review.md,permissions,True,"{""contents"": ""read"", ""pull-requests"": ""read""}",modificado,permissions_resto,[],mas_permisivo,lectura,perm_lecturas_con_contents,[]
267,1165,runhey/OnmyojiAutoScript,.github/workflows/issue-handle-bug.md,strict,False,,implicito,,[],,,,
267,1165,runhey/OnmyojiAutoScript,.github/workflows/issue-handle-bug.md,tools.bash,False,,implicito,,[],,,,
267,1165,runhey/OnmyojiAutoScript,.github/workflows/issue-handle-bug.md,network,False,,implicito,,[],,,,
267,1165,runhey/OnmyojiAutoScript,.github/workflows/issue-handle-bug.md,permissions,True,"{""actions"": ""read"", ""checks"": ""read"", ""contents"": ""read"", ""discussions"": ""read"", ""issues"": ""read"", ""pull-requests"": ""read"", ""statuses"": ""read""}",modificado,permissions_resto,[],mas_permisivo,lectura,perm_lecturas_con_contents,[]
268,1168,runhey/OnmyojiAutoScript,.github/workflows/issue-handle-enhancement.md,strict,False,,implicito,,[],,,,
268,1168,runhey/OnmyojiAutoScript,.github/workflows/issue-handle-enhancement.md,tools.bash,False,,implicito,,[],,,,
268,1168,runhey/OnmyojiAutoScript,.github/workflows/issue-handle-enhancement.md,network,False,,implicito,,[],,,,
268,1168,runhey/OnmyojiAutoScript,.github/workflows/issue-handle-enhancement.md,permissions,True,"{""actions"": ""read"", ""checks"": ""read"", ""contents"": ""read"", ""discussions"": ""read"", ""issues"": ""read"", ""pull-requests"": ""read"", ""statuses"": ""read""}",modificado,permissions_resto,[],mas_permisivo,lectura,perm_lecturas_con_contents,[]
269,1171,runhey/OnmyojiAutoScript,.github/workflows/issue-handle-other.md,strict,False,,implicito,,[],,,,
269,1171,runhey/OnmyojiAutoScript,.github/workflows/issue-handle-other.md,tools.bash,False,,implicito,,[],,,,
269,1171,runhey/OnmyojiAutoScript,.github/workflows/issue-handle-other.md,network,False,,implicito,,[],,,,
269,1171,runhey/OnmyojiAutoScript,.github/workflows/issue-handle-other.md,permissions,True,"{""actions"": ""read"", ""checks"": ""read"", ""contents"": ""read"", ""discussions"": ""read"", ""issues"": ""read"", ""pull-requests"": ""read"", ""statuses"": ""read""}",modificado,permissions_resto,[],mas_permisivo,lectura,perm_lecturas_con_contents,[]
270,1174,runhey/OnmyojiAutoScript,.github/workflows/issue-handle-question.md,strict,False,,implicito,,[],,,,
270,1174,runhey/OnmyojiAutoScript,.github/workflows/issue-handle-question.md,tools.bash,False,,implicito,,[],,,,
270,1174,runhey/OnmyojiAutoScript,.github/workflows/issue-handle-question.md,network,False,,implicito,,[],,,,
270,1174,runhey/OnmyojiAutoScript,.github/workflows/issue-handle-question.md,permissions,True,"{""actions"": ""read"", ""checks"": ""read"", ""contents"": ""read"", ""discussions"": ""read"", ""issues"": ""read"", ""pull-requests"": ""read"", ""statuses"": ""read""}",modificado,permissions_resto,[],mas_permisivo,lectura,perm_lecturas_con_contents,[]
271,1176,runhey/OnmyojiAutoScript,.github/workflows/issue-triage.md,strict,False,,implicito,,[],,,,
271,1176,runhey/OnmyojiAutoScript,.github/workflows/issue-triage.md,tools.bash,False,,implicito,,[],,,,
271,1176,runhey/OnmyojiAutoScript,.github/workflows/issue-triage.md,network,False,,implicito,,[],,,,
271,1176,runhey/OnmyojiAutoScript,.github/workflows/issue-triage.md,permissions,True,"{""actions"": ""read"", ""checks"": ""read"", ""contents"": ""read"", ""discussions"": ""read"", ""issues"": ""read"", ""pull-requests"": ""read"", ""statuses"": ""read""}",modificado,permissions_resto,[],mas_permisivo,lectura,perm_lecturas_con_contents,[]
272,1181,runhey/OnmyojiAutoScript,.github/workflows/pr-review-checklist.md,strict,False,,implicito,,[],,,,
272,1181,runhey/OnmyojiAutoScript,.github/workflows/pr-review-checklist.md,tools.bash,False,,implicito,,[],,,,
272,1181,runhey/OnmyojiAutoScript,.github/workflows/pr-review-checklist.md,network,False,,implicito,,[],,,,
272,1181,runhey/OnmyojiAutoScript,.github/workflows/pr-review-checklist.md,permissions,True,"{""checks"": ""read"", ""contents"": ""read"", ""issues"": ""read"", ""pull-requests"": ""read"", ""statuses"": ""read""}",modificado,permissions_resto,[],mas_permisivo,lectura,perm_lecturas_con_contents,[]
273,1186,runhey/OnmyojiAutoScript,.github/workflows/pr-review-intent.md,strict,False,,implicito,,[],,,,
273,1186,runhey/OnmyojiAutoScript,.github/workflows/pr-review-intent.md,tools.bash,False,,implicito,,[],,,,
273,1186,runhey/OnmyojiAutoScript,.github/workflows/pr-review-intent.md,network,False,,implicito,,[],,,,
273,1186,runhey/OnmyojiAutoScript,.github/workflows/pr-review-intent.md,permissions,True,"{""checks"": ""read"", ""contents"": ""read"", ""issues"": ""read"", ""pull-requests"": ""read"", ""statuses"": ""read""}",modificado,permissions_resto,[],mas_permisivo,lectura,perm_lecturas_con_contents,[]
274,1189,runhey/OnmyojiAutoScript,.github/workflows/weekly-report.md,strict,False,,implicito,,[],,,,
274,1189,runhey/OnmyojiAutoScript,.github/workflows/weekly-report.md,tools.bash,False,,implicito,,[],,,,
274,1189,runhey/OnmyojiAutoScript,.github/workflows/weekly-report.md,network,False,,implicito,,[],,,,
274,1189,runhey/OnmyojiAutoScript,.github/workflows/weekly-report.md,permissions,True,"{""contents"": ""read"", ""discussions"": ""read"", ""issues"": ""read"", ""pull-requests"": ""read""}",modificado,permissions_resto,[],mas_permisivo,lectura,perm_lecturas_con_contents,[]
275,1190,sytone/obsidian-queryallthethings,.github/workflows/code-simplifier.md,strict,True,true,explicito_igual_default,strict_true,[],,,,
275,1190,sytone/obsidian-queryallthethings,.github/workflows/code-simplifier.md,tools.bash,False,,implicito,,[],,,,
275,1190,sytone/obsidian-queryallthethings,.github/workflows/code-simplifier.md,network,False,,implicito,,[],,,,
275,1190,sytone/obsidian-queryallthethings,.github/workflows/code-simplifier.md,permissions,True,"{""contents"": ""read"", ""issues"": ""read"", ""pull-requests"": ""read""}",modificado,permissions_resto,[],mas_permisivo,lectura,perm_lecturas_con_contents,[]
276,1191,pulumi/pulumi-snowflake,.github/workflows/gh-aw-pr-rereview.md,strict,True,true,explicito_igual_default,strict_true,[],,,,
276,1191,pulumi/pulumi-snowflake,.github/workflows/gh-aw-pr-rereview.md,tools.bash,False,,implicito,,[],,,,
276,1191,pulumi/pulumi-snowflake,.github/workflows/gh-aw-pr-rereview.md,network,False,,implicito,,[],,,,
276,1191,pulumi/pulumi-snowflake,.github/workflows/gh-aw-pr-rereview.md,permissions,True,"{""contents"": ""read"", ""id-token"": ""write"", ""pull-requests"": ""read""}",modificado,permissions_resto,[],mas_permisivo,autenticacion,perm_escritura_solo_autenticacion,[]
277,1192,pulumi/pulumi-snowflake,.github/workflows/gh-aw-pr-review.md,strict,True,true,explicito_igual_default,strict_true,[],,,,
277,1192,pulumi/pulumi-snowflake,.github/workflows/gh-aw-pr-review.md,tools.bash,False,,implicito,,[],,,,
277,1192,pulumi/pulumi-snowflake,.github/workflows/gh-aw-pr-review.md,network,False,,implicito,,[],,,,
277,1192,pulumi/pulumi-snowflake,.github/workflows/gh-aw-pr-review.md,permissions,True,"{""contents"": ""read"", ""id-token"": ""write"", ""pull-requests"": ""read""}",modificado,permissions_resto,[],mas_permisivo,autenticacion,perm_escritura_solo_autenticacion,[]
278,1193,pulumi/pulumi-azure-native,.github/workflows/azure-native-pr-rereview.md,strict,True,true,explicito_igual_default,strict_true,[],,,,
278,1193,pulumi/pulumi-azure-native,.github/workflows/azure-native-pr-rereview.md,tools.bash,False,,implicito,,[],,,,
278,1193,pulumi/pulumi-azure-native,.github/workflows/azure-native-pr-rereview.md,network,False,,implicito,,[],,,,
278,1193,pulumi/pulumi-azure-native,.github/workflows/azure-native-pr-rereview.md,permissions,True,"{""contents"": ""read"", ""id-token"": ""write"", ""pull-requests"": ""read""}",modificado,permissions_resto,[],mas_permisivo,autenticacion,perm_escritura_solo_autenticacion,[]
279,1194,pulumi/pulumi-azure-native,.github/workflows/azure-native-pr-review.md,strict,True,true,explicito_igual_default,strict_true,[],,,,
279,1194,pulumi/pulumi-azure-native,.github/workflows/azure-native-pr-review.md,tools.bash,False,,implicito,,[],,,,
279,1194,pulumi/pulumi-azure-native,.github/workflows/azure-native-pr-review.md,network,False,,implicito,,[],,,,
279,1194,pulumi/pulumi-azure-native,.github/workflows/azure-native-pr-review.md,permissions,True,"{""contents"": ""read"", ""id-token"": ""write"", ""pull-requests"": ""read""}",modificado,permissions_resto,[],mas_permisivo,autenticacion,perm_escritura_solo_autenticacion,[]
280,1195,Azure/LogicAppsUX,.github/workflows/daily-repo-status.md,strict,False,,implicito,,[],,,,
280,1195,Azure/LogicAppsUX,.github/workflows/daily-repo-status.md,tools.bash,False,,implicito,,[],,,,
280,1195,Azure/LogicAppsUX,.github/workflows/daily-repo-status.md,network,True,"""defaults""",explicito_igual_default,network_defaults,[],,,,
280,1195,Azure/LogicAppsUX,.github/workflows/daily-repo-status.md,permissions,True,"{""contents"": ""read"", ""issues"": ""read"", ""pull-requests"": ""read""}",modificado,permissions_resto,[],mas_permisivo,lectura,perm_lecturas_con_contents,[]
281,1198,Azure/LogicAppsUX,.github/workflows/issue-triage-agent.md,strict,False,,implicito,,[],,,,
281,1198,Azure/LogicAppsUX,.github/workflows/issue-triage-agent.md,tools.bash,True,"[""grep"", ""find"", ""cat"", ""head"", ""wc""]",modificado,bash_other_list,[],sin_direccion,,bash_dir_agrega_y_quita,[]
281,1198,Azure/LogicAppsUX,.github/workflows/issue-triage-agent.md,network,False,,implicito,,[],,,,
281,1198,Azure/LogicAppsUX,.github/workflows/issue-triage-agent.md,permissions,True,"{""contents"": ""read"", ""issues"": ""read""}",modificado,permissions_resto,[],mas_permisivo,lectura,perm_lecturas_con_contents,[]
282,1200,Azure/LogicAppsUX,.github/workflows/issue-triage-feedback.md,strict,False,,implicito,,[],,,,
282,1200,Azure/LogicAppsUX,.github/workflows/issue-triage-feedback.md,tools.bash,False,,implicito,,[],,,,
282,1200,Azure/LogicAppsUX,.github/workflows/issue-triage-feedback.md,network,False,,implicito,,[],,,,
282,1200,Azure/LogicAppsUX,.github/workflows/issue-triage-feedback.md,permissions,True,"{""contents"": ""read"", ""issues"": ""read""}",modificado,permissions_resto,[],mas_permisivo,lectura,perm_lecturas_con_contents,[]
283,1204,microsoft/typespec,.github/workflows/bump-tcgc-csharp.md,strict,False,,implicito,,[],,,,
283,1204,microsoft/typespec,.github/workflows/bump-tcgc-csharp.md,tools.bash,False,,implicito,,[],,,,
283,1204,microsoft/typespec,.github/workflows/bump-tcgc-csharp.md,network,True,"""defaults""",explicito_igual_default,network_defaults,[],,,,
283,1204,microsoft/typespec,.github/workflows/bump-tcgc-csharp.md,permissions,True,"{""all"": ""read"", ""copilot-requests"": ""write""}",modificado,permissions_resto,[],mas_permisivo,autenticacion,perm_escritura_solo_autenticacion,[]
284,1212,microsoft/typespec,.github/workflows/issue-triage.md,strict,False,,implicito,,[],,,,
284,1212,microsoft/typespec,.github/workflows/issue-triage.md,tools.bash,False,,implicito,,[],,,,
284,1212,microsoft/typespec,.github/workflows/issue-triage.md,network,True,"""defaults""",explicito_igual_default,network_defaults,[],,,,
284,1212,microsoft/typespec,.github/workflows/issue-triage.md,permissions,True,"{""all"": ""read"", ""copilot-requests"": ""write""}",modificado,permissions_resto,[],mas_permisivo,autenticacion,perm_escritura_solo_autenticacion,[]
285,1217,Keboo/DotnetTemplates,.github/workflows/update-dependencies.md,strict,False,,implicito,,[],,,,
285,1217,Keboo/DotnetTemplates,.github/workflows/update-dependencies.md,tools.bash,True,true,modificado,bash_true,[],mas_permisivo,comandos,bash_dir_true,[]
285,1217,Keboo/DotnetTemplates,.github/workflows/update-dependencies.md,network,True,"{""allowed"": [""defaults"", ""dotnet"", ""node"", ""github"", ""terraform""]}",modificado,network_resto,[],mas_permisivo,dominios,network_dir_defaults_mas_otros,[]
285,1217,Keboo/DotnetTemplates,.github/workflows/update-dependencies.md,permissions,True,"{""actions"": ""read"", ""contents"": ""read"", ""issues"": ""read"", ""pull-requests"": ""read""}",modificado,permissions_resto,[],mas_permisivo,lectura,perm_lecturas_con_contents,[]
286,1230,home-assistant/core,.github/workflows/check-requirements.md,strict,False,,implicito,,[],,,,
286,1230,home-assistant/core,.github/workflows/check-requirements.md,tools.bash,False,,implicito,,[],,,,
286,1230,home-assistant/core,.github/workflows/check-requirements.md,network,True,"{""allowed"": [""python""]}",modificado,network_resto,[],sin_direccion,,network_dir_sin_defaults,[]
286,1230,home-assistant/core,.github/workflows/check-requirements.md,permissions,True,"{""actions"": ""read"", ""contents"": ""read"", ""pull-requests"": ""read""}",modificado,permissions_resto,[],mas_permisivo,lectura,perm_lecturas_con_contents,[]
287,1233,unipept/unipept,.github/workflows/dependency-update.md,strict,False,,implicito,,[],,,,
287,1233,unipept/unipept,.github/workflows/dependency-update.md,tools.bash,True,"["":*""]",modificado,bash_other_list,[],mas_permisivo,comandos,bash_dir_comodin_total,[]
287,1233,unipept/unipept,.github/workflows/dependency-update.md,network,True,"{""allowed"": [""defaults"", ""node"", ""cdn.playwright.dev"", ""api.unipept.ugent.be"", ""fonts.googleapis.com"", ""playwright.download.prss.microsoft.com""]}",modificado,network_resto,[],mas_permisivo,dominios,network_dir_defaults_mas_otros,[]
287,1233,unipept/unipept,.github/workflows/dependency-update.md,permissions,True,"{""contents"": ""read"", ""pull-requests"": ""read""}",modificado,permissions_resto,[],mas_permisivo,lectura,perm_lecturas_con_contents,[]
288,1234,pulumi/pulumi-tls,.github/workflows/gh-aw-pr-rereview.md,strict,True,true,explicito_igual_default,strict_true,[],,,,
288,1234,pulumi/pulumi-tls,.github/workflows/gh-aw-pr-rereview.md,tools.bash,False,,implicito,,[],,,,
288,1234,pulumi/pulumi-tls,.github/workflows/gh-aw-pr-rereview.md,network,False,,implicito,,[],,,,
288,1234,pulumi/pulumi-tls,.github/workflows/gh-aw-pr-rereview.md,permissions,True,"{""contents"": ""read"", ""id-token"": ""write"", ""pull-requests"": ""read""}",modificado,permissions_resto,[],mas_permisivo,autenticacion,perm_escritura_solo_autenticacion,[]
289,1235,pulumi/pulumi-tls,.github/workflows/gh-aw-pr-review.md,strict,True,true,explicito_igual_default,strict_true,[],,,,
289,1235,pulumi/pulumi-tls,.github/workflows/gh-aw-pr-review.md,tools.bash,False,,implicito,,[],,,,
289,1235,pulumi/pulumi-tls,.github/workflows/gh-aw-pr-review.md,network,False,,implicito,,[],,,,
289,1235,pulumi/pulumi-tls,.github/workflows/gh-aw-pr-review.md,permissions,True,"{""contents"": ""read"", ""id-token"": ""write"", ""pull-requests"": ""read""}",modificado,permissions_resto,[],mas_permisivo,autenticacion,perm_escritura_solo_autenticacion,[]
290,1236,pulumi/pulumi-kubernetes-ingress-nginx,.github/workflows/gh-aw-pr-rereview.md,strict,True,true,explicito_igual_default,strict_true,[],,,,
290,1236,pulumi/pulumi-kubernetes-ingress-nginx,.github/workflows/gh-aw-pr-rereview.md,tools.bash,False,,implicito,,[],,,,
290,1236,pulumi/pulumi-kubernetes-ingress-nginx,.github/workflows/gh-aw-pr-rereview.md,network,False,,implicito,,[],,,,
290,1236,pulumi/pulumi-kubernetes-ingress-nginx,.github/workflows/gh-aw-pr-rereview.md,permissions,True,"{""contents"": ""read"", ""id-token"": ""write"", ""pull-requests"": ""read""}",modificado,permissions_resto,[],mas_permisivo,autenticacion,perm_escritura_solo_autenticacion,[]
291,1237,pulumi/pulumi-kubernetes-ingress-nginx,.github/workflows/gh-aw-pr-review.md,strict,True,true,explicito_igual_default,strict_true,[],,,,
291,1237,pulumi/pulumi-kubernetes-ingress-nginx,.github/workflows/gh-aw-pr-review.md,tools.bash,False,,implicito,,[],,,,
291,1237,pulumi/pulumi-kubernetes-ingress-nginx,.github/workflows/gh-aw-pr-review.md,network,False,,implicito,,[],,,,
291,1237,pulumi/pulumi-kubernetes-ingress-nginx,.github/workflows/gh-aw-pr-review.md,permissions,True,"{""contents"": ""read"", ""id-token"": ""write"", ""pull-requests"": ""read""}",modificado,permissions_resto,[],mas_permisivo,autenticacion,perm_escritura_solo_autenticacion,[]
292,1238,jonathanpeppers/dotnes,.github/workflows/dotnes-reviewer.md,strict,False,,implicito,,[],,,,
292,1238,jonathanpeppers/dotnes,.github/workflows/dotnes-reviewer.md,tools.bash,False,,implicito,,[],,,,
292,1238,jonathanpeppers/dotnes,.github/workflows/dotnes-reviewer.md,network,True,"{""allowed"": [""defaults"", ""dotnet"", ""github"", ""aka.ms"", ""microsoft.com""]}",modificado,network_resto,[],mas_permisivo,dominios,network_dir_defaults_mas_otros,[]
292,1238,jonathanpeppers/dotnes,.github/workflows/dotnes-reviewer.md,permissions,True,"{""contents"": ""read"", ""pull-requests"": ""read""}",modificado,permissions_resto,[],mas_permisivo,lectura,perm_lecturas_con_contents,[]
293,1241,dotnet/maintenance-packages,.github/workflows/version-maintenance.md,strict,False,,implicito,,[],,,,
293,1241,dotnet/maintenance-packages,.github/workflows/version-maintenance.md,tools.bash,True,true,modificado,bash_true,[],mas_permisivo,comandos,bash_dir_true,[]
293,1241,dotnet/maintenance-packages,.github/workflows/version-maintenance.md,network,True,"{""allowed"": [""defaults"", ""dotnet""]}",modificado,network_resto,[],mas_permisivo,dominios,network_dir_defaults_mas_otros,[]
293,1241,dotnet/maintenance-packages,.github/workflows/version-maintenance.md,permissions,True,"{""contents"": ""read"", ""pull-requests"": ""read""}",modificado,permissions_resto,[],mas_permisivo,lectura,perm_lecturas_con_contents,[]
294,1248,microsoft/aspire,.github/workflows/daily-repo-status.md,strict,False,,implicito,,[],,,,
294,1248,microsoft/aspire,.github/workflows/daily-repo-status.md,tools.bash,False,,implicito,,[],,,,
294,1248,microsoft/aspire,.github/workflows/daily-repo-status.md,network,True,"""defaults""",explicito_igual_default,network_defaults,[],,,,
294,1248,microsoft/aspire,.github/workflows/daily-repo-status.md,permissions,True,"{""contents"": ""read"", ""copilot-requests"": ""write"", ""discussions"": ""read"", ""issues"": ""read"", ""pull-requests"": ""read""}",modificado,permissions_resto,[],mas_permisivo,autenticacion,perm_escritura_solo_autenticacion,[]
295,1254,microsoft/aspire,.github/workflows/extension-changelog.md,strict,False,,implicito,,[],,,,
295,1254,microsoft/aspire,.github/workflows/extension-changelog.md,tools.bash,False,,implicito,,[],,,,
295,1254,microsoft/aspire,.github/workflows/extension-changelog.md,network,True,"{""allowed"": [""defaults"", ""github""]}",modificado,network_resto,[],mas_permisivo,dominios,network_dir_defaults_mas_otros,[]
295,1254,microsoft/aspire,.github/workflows/extension-changelog.md,permissions,True,"{""contents"": ""read"", ""copilot-requests"": ""write"", ""pull-requests"": ""read""}",modificado,permissions_resto,[],mas_permisivo,autenticacion,perm_escritura_solo_autenticacion,[]
296,1267,microsoft/aspire,.github/workflows/milestone-changelog.md,strict,False,,implicito,,[],,,,
296,1267,microsoft/aspire,.github/workflows/milestone-changelog.md,tools.bash,True,"[""cat"", ""cd"", ""cp"", ""date"", ""echo"", ""gh"", ""grep"", ""head"", ""jq"", ""ls"", ""mkdir"", ""mv"", ""python3"", ""pwd"", ""rm"", ""sort"", ""tail"", ""uniq"", ""wc"", ""xargs"", ""xxd""]",modificado,bash_other_list,[],mas_permisivo,comandos,bash_dir_superconjunto,[]
296,1267,microsoft/aspire,.github/workflows/milestone-changelog.md,network,True,"""defaults""",explicito_igual_default,network_defaults,[],,,,
296,1267,microsoft/aspire,.github/workflows/milestone-changelog.md,permissions,True,"{""contents"": ""read"", ""copilot-requests"": ""write"", ""issues"": ""read"", ""pull-requests"": ""read""}",modificado,permissions_resto,[],mas_permisivo,autenticacion,perm_escritura_solo_autenticacion,[]
297,1283,microsoft/aspire,.github/workflows/pr-docs-check.md,strict,False,,implicito,,[],,,,
297,1283,microsoft/aspire,.github/workflows/pr-docs-check.md,tools.bash,False,,implicito,,[],,,,
297,1283,microsoft/aspire,.github/workflows/pr-docs-check.md,network,True,"{""allowed"": [""defaults"", ""github""]}",modificado,network_resto,[],mas_permisivo,dominios,network_dir_defaults_mas_otros,[]
297,1283,microsoft/aspire,.github/workflows/pr-docs-check.md,permissions,True,"{""contents"": ""read"", ""copilot-requests"": ""write"", ""issues"": ""read"", ""pull-requests"": ""read""}",modificado,permissions_resto,[],mas_permisivo,autenticacion,perm_escritura_solo_autenticacion,[]
298,1290,microsoft/aspire,.github/workflows/release-notes-generate.md,strict,False,,implicito,,[],,,,
298,1290,microsoft/aspire,.github/workflows/release-notes-generate.md,tools.bash,False,,implicito,,[],,,,
298,1290,microsoft/aspire,.github/workflows/release-notes-generate.md,network,True,"{""allowed"": [""defaults"", ""github""]}",modificado,network_resto,[],mas_permisivo,dominios,network_dir_defaults_mas_otros,[]
298,1290,microsoft/aspire,.github/workflows/release-notes-generate.md,permissions,True,"{""contents"": ""read"", ""copilot-requests"": ""write"", ""pull-requests"": ""read""}",modificado,permissions_resto,[],mas_permisivo,autenticacion,perm_escritura_solo_autenticacion,[]
299,1295,microsoft/aspire,.github/workflows/release-update-support-mdx.md,strict,False,,implicito,,[],,,,
299,1295,microsoft/aspire,.github/workflows/release-update-support-mdx.md,tools.bash,False,,implicito,,[],,,,
299,1295,microsoft/aspire,.github/workflows/release-update-support-mdx.md,network,True,"{""allowed"": [""defaults"", ""github""]}",modificado,network_resto,[],mas_permisivo,dominios,network_dir_defaults_mas_otros,[]
299,1295,microsoft/aspire,.github/workflows/release-update-support-mdx.md,permissions,True,"{""contents"": ""read"", ""copilot-requests"": ""write"", ""pull-requests"": ""read""}",modificado,permissions_resto,[],mas_permisivo,autenticacion,perm_escritura_solo_autenticacion,[]
300,1299,microsoft/aspire,.github/workflows/repo-pulse.md,strict,False,,implicito,,[],,,,
300,1299,microsoft/aspire,.github/workflows/repo-pulse.md,tools.bash,False,,implicito,,[],,,,
300,1299,microsoft/aspire,.github/workflows/repo-pulse.md,network,True,"""defaults""",explicito_igual_default,network_defaults,[],,,,
300,1299,microsoft/aspire,.github/workflows/repo-pulse.md,permissions,True,"{""contents"": ""read"", ""copilot-requests"": ""write"", ""issues"": ""read"", ""pull-requests"": ""read""}",modificado,permissions_resto,[],mas_permisivo,autenticacion,perm_escritura_solo_autenticacion,[]
301,1302,stride3d/stride-community-toolkit,.github/workflows/daily-activity-report.md,strict,False,,implicito,,[],,,,
301,1302,stride3d/stride-community-toolkit,.github/workflows/daily-activity-report.md,tools.bash,False,,implicito,,[],,,,
301,1302,stride3d/stride-community-toolkit,.github/workflows/daily-activity-report.md,network,False,,implicito,,[],,,,
301,1302,stride3d/stride-community-toolkit,.github/workflows/daily-activity-report.md,permissions,True,"{""contents"": ""read"", ""issues"": ""read"", ""pull-requests"": ""read""}",modificado,permissions_resto,[],mas_permisivo,lectura,perm_lecturas_con_contents,[]
302,1316,clash-verge-rev/clash-verge-rev,.github/workflows/pr-ai-slop-review.md,strict,False,,implicito,,[],,,,
302,1316,clash-verge-rev/clash-verge-rev,.github/workflows/pr-ai-slop-review.md,tools.bash,False,,implicito,,[],,,,
302,1316,clash-verge-rev/clash-verge-rev,.github/workflows/pr-ai-slop-review.md,network,False,,implicito,,[],,,,
302,1316,clash-verge-rev/clash-verge-rev,.github/workflows/pr-ai-slop-review.md,permissions,True,"{""issues"": ""read"", ""pull-requests"": ""read""}",modificado,permissions_resto,[],sin_direccion,,perm_lecturas_sin_contents,[]
303,1317,pulumi/pulumi-databricks,.github/workflows/gh-aw-pr-rereview.md,strict,True,true,explicito_igual_default,strict_true,[],,,,
303,1317,pulumi/pulumi-databricks,.github/workflows/gh-aw-pr-rereview.md,tools.bash,False,,implicito,,[],,,,
303,1317,pulumi/pulumi-databricks,.github/workflows/gh-aw-pr-rereview.md,network,False,,implicito,,[],,,,
303,1317,pulumi/pulumi-databricks,.github/workflows/gh-aw-pr-rereview.md,permissions,True,"{""contents"": ""read"", ""id-token"": ""write"", ""pull-requests"": ""read""}",modificado,permissions_resto,[],mas_permisivo,autenticacion,perm_escritura_solo_autenticacion,[]
304,1318,pulumi/pulumi-databricks,.github/workflows/gh-aw-pr-review.md,strict,True,true,explicito_igual_default,strict_true,[],,,,
304,1318,pulumi/pulumi-databricks,.github/workflows/gh-aw-pr-review.md,tools.bash,False,,implicito,,[],,,,
304,1318,pulumi/pulumi-databricks,.github/workflows/gh-aw-pr-review.md,network,False,,implicito,,[],,,,
304,1318,pulumi/pulumi-databricks,.github/workflows/gh-aw-pr-review.md,permissions,True,"{""contents"": ""read"", ""id-token"": ""write"", ""pull-requests"": ""read""}",modificado,permissions_resto,[],mas_permisivo,autenticacion,perm_escritura_solo_autenticacion,[]
305,1326,openvinotoolkit/openvino.genai,.github/workflows/ci-doctor.md,strict,False,,implicito,,[],,,,
305,1326,openvinotoolkit/openvino.genai,.github/workflows/ci-doctor.md,tools.bash,False,,implicito,,[],,,,
305,1326,openvinotoolkit/openvino.genai,.github/workflows/ci-doctor.md,network,True,"""defaults""",explicito_igual_default,network_defaults,[],,,,
305,1326,openvinotoolkit/openvino.genai,.github/workflows/ci-doctor.md,permissions,True,"""read-all""",modificado,permissions_read_all,[],mas_permisivo,lectura,perm_read_all,[]
306,1327,pulumi/pulumi-nomad,.github/workflows/gh-aw-pr-rereview.md,strict,True,true,explicito_igual_default,strict_true,[],,,,
306,1327,pulumi/pulumi-nomad,.github/workflows/gh-aw-pr-rereview.md,tools.bash,False,,implicito,,[],,,,
306,1327,pulumi/pulumi-nomad,.github/workflows/gh-aw-pr-rereview.md,network,False,,implicito,,[],,,,
306,1327,pulumi/pulumi-nomad,.github/workflows/gh-aw-pr-rereview.md,permissions,True,"{""contents"": ""read"", ""id-token"": ""write"", ""pull-requests"": ""read""}",modificado,permissions_resto,[],mas_permisivo,autenticacion,perm_escritura_solo_autenticacion,[]
307,1328,pulumi/pulumi-nomad,.github/workflows/gh-aw-pr-review.md,strict,True,true,explicito_igual_default,strict_true,[],,,,
307,1328,pulumi/pulumi-nomad,.github/workflows/gh-aw-pr-review.md,tools.bash,False,,implicito,,[],,,,
307,1328,pulumi/pulumi-nomad,.github/workflows/gh-aw-pr-review.md,network,False,,implicito,,[],,,,
307,1328,pulumi/pulumi-nomad,.github/workflows/gh-aw-pr-review.md,permissions,True,"{""contents"": ""read"", ""id-token"": ""write"", ""pull-requests"": ""read""}",modificado,permissions_resto,[],mas_permisivo,autenticacion,perm_escritura_solo_autenticacion,[]
308,1329,GuyKh/iec-custom-component,.github/workflows/issue-duplicate-finder.md,strict,False,,implicito,,[],,,,
308,1329,GuyKh/iec-custom-component,.github/workflows/issue-duplicate-finder.md,tools.bash,False,,implicito,,[],,,,
308,1329,GuyKh/iec-custom-component,.github/workflows/issue-duplicate-finder.md,network,False,,implicito,,[],,,,
308,1329,GuyKh/iec-custom-component,.github/workflows/issue-duplicate-finder.md,permissions,True,"{""contents"": ""read"", ""issues"": ""read""}",modificado,permissions_resto,[],mas_permisivo,lectura,perm_lecturas_con_contents,[]
309,1332,CliMA/ClimaAtmos.jl,.github/workflows/pr-review.md,strict,True,true,explicito_igual_default,strict_true,[],,,,
309,1332,CliMA/ClimaAtmos.jl,.github/workflows/pr-review.md,tools.bash,True,true,modificado,bash_true,[],mas_permisivo,comandos,bash_dir_true,[]
309,1332,CliMA/ClimaAtmos.jl,.github/workflows/pr-review.md,network,True,"{""allowed"": [""defaults"", ""chrome"", ""github"", ""local"", ""threat-detection"", ""172.30.0.30"", ""julia""]}",modificado,network_resto,[],mas_permisivo,dominios,network_dir_defaults_mas_otros,[]
309,1332,CliMA/ClimaAtmos.jl,.github/workflows/pr-review.md,permissions,True,"""read-all""",modificado,permissions_read_all,[],mas_permisivo,lectura,perm_read_all,[]
310,1334,KunalSin9h/meltcd,.github/workflows/daily-repo-status.md,strict,False,,implicito,,[],,,,
310,1334,KunalSin9h/meltcd,.github/workflows/daily-repo-status.md,tools.bash,False,,implicito,,[],,,,
310,1334,KunalSin9h/meltcd,.github/workflows/daily-repo-status.md,network,True,"""defaults""",explicito_igual_default,network_defaults,[],,,,
310,1334,KunalSin9h/meltcd,.github/workflows/daily-repo-status.md,permissions,True,"{""contents"": ""read"", ""issues"": ""read"", ""pull-requests"": ""read""}",modificado,permissions_resto,[],mas_permisivo,lectura,perm_lecturas_con_contents,[]
311,1336,KunalSin9h/meltcd,.github/workflows/new.md,strict,False,,implicito,,[],,,,
311,1336,KunalSin9h/meltcd,.github/workflows/new.md,tools.bash,False,,implicito,,[],,,,
311,1336,KunalSin9h/meltcd,.github/workflows/new.md,network,False,,implicito,,[],,,,
311,1336,KunalSin9h/meltcd,.github/workflows/new.md,permissions,True,"{""contents"": ""read"", ""pull-requests"": ""read""}",modificado,permissions_resto,[],mas_permisivo,lectura,perm_lecturas_con_contents,[]
312,1340,KunalSin9h/meltcd,.github/workflows/safedep-on-pr.md,strict,False,,implicito,,[],,,,
312,1340,KunalSin9h/meltcd,.github/workflows/safedep-on-pr.md,tools.bash,False,,implicito,,[],,,,
312,1340,KunalSin9h/meltcd,.github/workflows/safedep-on-pr.md,network,True,"""defaults""",explicito_igual_default,network_defaults,[],,,,
312,1340,KunalSin9h/meltcd,.github/workflows/safedep-on-pr.md,permissions,True,"{""contents"": ""read""}",explicito_igual_default,permissions_contents_read,[],,,,
313,1347,rancher/dashboard,.github/workflows/daily-accessibility-review.md,strict,False,,implicito,,[],,,,
313,1347,rancher/dashboard,.github/workflows/daily-accessibility-review.md,tools.bash,False,,implicito,,[],,,,
313,1347,rancher/dashboard,.github/workflows/daily-accessibility-review.md,network,True,"""defaults""",explicito_igual_default,network_defaults,[],,,,
313,1347,rancher/dashboard,.github/workflows/daily-accessibility-review.md,permissions,True,"""read-all""",modificado,permissions_read_all,[],mas_permisivo,lectura,perm_read_all,[]
314,1356,rancher/dashboard,.github/workflows/daily-issue-grooming.md,strict,False,,implicito,,[],,,,
314,1356,rancher/dashboard,.github/workflows/daily-issue-grooming.md,tools.bash,False,,implicito,,[],,,,
314,1356,rancher/dashboard,.github/workflows/daily-issue-grooming.md,network,False,,implicito,,[],,,,
314,1356,rancher/dashboard,.github/workflows/daily-issue-grooming.md,permissions,True,"{""contents"": ""read"", ""issues"": ""read"", ""pull-requests"": ""read""}",modificado,permissions_resto,[],mas_permisivo,lectura,perm_lecturas_con_contents,[]
315,1360,rancher/dashboard,.github/workflows/daily-repo-status.md,strict,False,,implicito,,[],,,,
315,1360,rancher/dashboard,.github/workflows/daily-repo-status.md,tools.bash,False,,implicito,,[],,,,
315,1360,rancher/dashboard,.github/workflows/daily-repo-status.md,network,True,"""defaults""",explicito_igual_default,network_defaults,[],,,,
315,1360,rancher/dashboard,.github/workflows/daily-repo-status.md,permissions,True,"{""contents"": ""read"", ""issues"": ""read"", ""pull-requests"": ""read""}",modificado,permissions_resto,[],mas_permisivo,lectura,perm_lecturas_con_contents,[]
317,1371,rancher/dashboard,.github/workflows/duplicate-code-detector.md,strict,True,true,explicito_igual_default,strict_true,[],,,,
317,1371,rancher/dashboard,.github/workflows/duplicate-code-detector.md,tools.bash,False,,implicito,,[],,,,
317,1371,rancher/dashboard,.github/workflows/duplicate-code-detector.md,network,False,,implicito,,[],,,,
317,1371,rancher/dashboard,.github/workflows/duplicate-code-detector.md,permissions,True,"{""contents"": ""read"", ""issues"": ""read"", ""pull-requests"": ""read""}",modificado,permissions_resto,[],mas_permisivo,lectura,perm_lecturas_con_contents,[]
318,1375,rancher/dashboard,.github/workflows/issue-triage.md,strict,False,,implicito,,[],,,,
318,1375,rancher/dashboard,.github/workflows/issue-triage.md,tools.bash,False,,implicito,,[],,,,
318,1375,rancher/dashboard,.github/workflows/issue-triage.md,network,True,"""defaults""",explicito_igual_default,network_defaults,[],,,,
318,1375,rancher/dashboard,.github/workflows/issue-triage.md,permissions,True,"""read-all""",modificado,permissions_read_all,[],mas_permisivo,lectura,perm_read_all,[]
319,1379,rancher/dashboard,.github/workflows/pr-fix.md,strict,False,,implicito,,[],,,,
319,1379,rancher/dashboard,.github/workflows/pr-fix.md,tools.bash,True,true,modificado,bash_true,[],mas_permisivo,comandos,bash_dir_true,[]
319,1379,rancher/dashboard,.github/workflows/pr-fix.md,network,True,"""defaults""",explicito_igual_default,network_defaults,[],,,,
319,1379,rancher/dashboard,.github/workflows/pr-fix.md,permissions,True,"""read-all""",modificado,permissions_read_all,[],mas_permisivo,lectura,perm_read_all,[]
320,1380,rancher/dashboard,.github/workflows/weekly-stale-issue-manager.md,strict,False,,implicito,,[],,,,
320,1380,rancher/dashboard,.github/workflows/weekly-stale-issue-manager.md,tools.bash,True,true,modificado,bash_true,[],mas_permisivo,comandos,bash_dir_true,[]
320,1380,rancher/dashboard,.github/workflows/weekly-stale-issue-manager.md,network,True,"{""allowed"": [""defaults""]}",explicito_igual_default,network_allowed_defaults,[],,,,
320,1380,rancher/dashboard,.github/workflows/weekly-stale-issue-manager.md,permissions,True,"""read-all""",modificado,permissions_read_all,[],mas_permisivo,lectura,perm_read_all,[]
321,1383,microsoft/finnts,.github/workflows/repo-improver.md,strict,False,,implicito,,[],,,,
321,1383,microsoft/finnts,.github/workflows/repo-improver.md,tools.bash,False,,implicito,,[],,,,
321,1383,microsoft/finnts,.github/workflows/repo-improver.md,network,True,"{""allowed"": [""defaults"", ""r""]}",modificado,network_resto,[],mas_permisivo,dominios,network_dir_defaults_mas_otros,[]
321,1383,microsoft/finnts,.github/workflows/repo-improver.md,permissions,True,"{""actions"": ""read"", ""contents"": ""read"", ""issues"": ""read"", ""pull-requests"": ""read""}",modificado,permissions_resto,[],mas_permisivo,lectura,perm_lecturas_con_contents,[]
322,1385,lrascao/rebar3_gpb_plugin,.github/workflows/daily-repo-status.md,strict,False,,implicito,,[],,,,
322,1385,lrascao/rebar3_gpb_plugin,.github/workflows/daily-repo-status.md,tools.bash,False,,implicito,,[],,,,
322,1385,lrascao/rebar3_gpb_plugin,.github/workflows/daily-repo-status.md,network,True,"""defaults""",explicito_igual_default,network_defaults,[],,,,
322,1385,lrascao/rebar3_gpb_plugin,.github/workflows/daily-repo-status.md,permissions,True,"{""contents"": ""read"", ""issues"": ""read"", ""pull-requests"": ""read""}",modificado,permissions_resto,[],mas_permisivo,lectura,perm_lecturas_con_contents,[]
323,1390,dotnet/fsharp,.github/workflows/agentic-state-machine.md,strict,False,,implicito,,[],,,,
323,1390,dotnet/fsharp,.github/workflows/agentic-state-machine.md,tools.bash,True,true,modificado,bash_true,[],mas_permisivo,comandos,bash_dir_true,[]
323,1390,dotnet/fsharp,.github/workflows/agentic-state-machine.md,network,True,"{""allowed"": [""defaults"", ""github""]}",modificado,network_resto,[],mas_permisivo,dominios,network_dir_defaults_mas_otros,[]
323,1390,dotnet/fsharp,.github/workflows/agentic-state-machine.md,permissions,True,"""read-all""",modificado,permissions_read_all,[],mas_permisivo,lectura,perm_read_all,[]
324,1399,dotnet/fsharp,.github/workflows/aw-auto-update.md,strict,False,,implicito,,[],,,,
324,1399,dotnet/fsharp,.github/workflows/aw-auto-update.md,tools.bash,True,true,modificado,bash_true,[],mas_permisivo,comandos,bash_dir_true,[]
324,1399,dotnet/fsharp,.github/workflows/aw-auto-update.md,network,True,"{""allowed"": [""defaults"", ""go"", ""github""]}",modificado,network_resto,[],mas_permisivo,dominios,network_dir_defaults_mas_otros,[]
324,1399,dotnet/fsharp,.github/workflows/aw-auto-update.md,permissions,True,"""read-all""",modificado,permissions_read_all,[],mas_permisivo,lectura,perm_read_all,[]
325,1400,dotnet/fsharp,.github/workflows/labelops-flake-fix.md,strict,False,,implicito,,[],,,,
325,1400,dotnet/fsharp,.github/workflows/labelops-flake-fix.md,tools.bash,True,true,modificado,bash_true,[],mas_permisivo,comandos,bash_dir_true,[]
325,1400,dotnet/fsharp,.github/workflows/labelops-flake-fix.md,network,True,"{""allowed"": [""defaults"", ""dotnet"", ""dev.azure.com""]}",modificado,network_resto,[],mas_permisivo,dominios,network_dir_defaults_mas_otros,[]
325,1400,dotnet/fsharp,.github/workflows/labelops-flake-fix.md,permissions,True,"""read-all""",modificado,permissions_read_all,[],mas_permisivo,lectura,perm_read_all,[]
326,1405,dotnet/fsharp,.github/workflows/labelops-pr-maintenance.md,strict,False,,implicito,,[],,,,
326,1405,dotnet/fsharp,.github/workflows/labelops-pr-maintenance.md,tools.bash,True,true,modificado,bash_true,[],mas_permisivo,comandos,bash_dir_true,[]
326,1405,dotnet/fsharp,.github/workflows/labelops-pr-maintenance.md,network,True,"{""allowed"": [""defaults"", ""dotnet"", ""dev.azure.com""]}",modificado,network_resto,[],mas_permisivo,dominios,network_dir_defaults_mas_otros,[]
326,1405,dotnet/fsharp,.github/workflows/labelops-pr-maintenance.md,permissions,True,"""read-all""",modificado,permissions_read_all,[],mas_permisivo,lectura,perm_read_all,[]
327,1411,dotnet/fsharp,.github/workflows/labelops-pr-security-scan.md,strict,False,,implicito,,[],,,,
327,1411,dotnet/fsharp,.github/workflows/labelops-pr-security-scan.md,tools.bash,False,,implicito,,[],,,,
327,1411,dotnet/fsharp,.github/workflows/labelops-pr-security-scan.md,network,True,"{""allowed"": [""defaults"", ""github""]}",modificado,network_resto,[],mas_permisivo,dominios,network_dir_defaults_mas_otros,[]
327,1411,dotnet/fsharp,.github/workflows/labelops-pr-security-scan.md,permissions,True,"""read-all""",modificado,permissions_read_all,[],mas_permisivo,lectura,perm_read_all,[]
328,1412,dotnet/fsharp,.github/workflows/msbuild-quality-review.md,strict,False,,implicito,,[],,,,
328,1412,dotnet/fsharp,.github/workflows/msbuild-quality-review.md,tools.bash,True,true,modificado,bash_true,[],mas_permisivo,comandos,bash_dir_true,[]
328,1412,dotnet/fsharp,.github/workflows/msbuild-quality-review.md,network,True,"{""allowed"": [""defaults"", ""dotnet""]}",modificado,network_resto,[],mas_permisivo,dominios,network_dir_defaults_mas_otros,[]
328,1412,dotnet/fsharp,.github/workflows/msbuild-quality-review.md,permissions,True,"""read-all""",modificado,permissions_read_all,[],mas_permisivo,lectura,perm_read_all,[]
329,1418,dotnet/fsharp,.github/workflows/regression-pr-shepherd.md,strict,False,,implicito,,[],,,,
329,1418,dotnet/fsharp,.github/workflows/regression-pr-shepherd.md,tools.bash,True,true,modificado,bash_true,[],mas_permisivo,comandos,bash_dir_true,[]
329,1418,dotnet/fsharp,.github/workflows/regression-pr-shepherd.md,network,True,"{""allowed"": [""defaults"", ""dotnet""]}",modificado,network_resto,[],mas_permisivo,dominios,network_dir_defaults_mas_otros,[]
329,1418,dotnet/fsharp,.github/workflows/regression-pr-shepherd.md,permissions,True,"""read-all""",modificado,permissions_read_all,[],mas_permisivo,lectura,perm_read_all,[]
330,1429,dotnet/fsharp,.github/workflows/repo-assist.md,strict,False,,implicito,,[],,,,
330,1429,dotnet/fsharp,.github/workflows/repo-assist.md,tools.bash,True,true,modificado,bash_true,[],mas_permisivo,comandos,bash_dir_true,[]
330,1429,dotnet/fsharp,.github/workflows/repo-assist.md,network,True,"{""allowed"": [""defaults"", ""dotnet"", ""python""]}",modificado,network_resto,[],mas_permisivo,dominios,network_dir_defaults_mas_otros,[]
330,1429,dotnet/fsharp,.github/workflows/repo-assist.md,permissions,True,"""read-all""",modificado,permissions_read_all,[],mas_permisivo,lectura,perm_read_all,[]
331,1439,fable-compiler/Fable,.github/workflows/repo-assist.md,strict,False,,implicito,,[],,,,
331,1439,fable-compiler/Fable,.github/workflows/repo-assist.md,tools.bash,True,true,modificado,bash_true,[],mas_permisivo,comandos,bash_dir_true,[]
331,1439,fable-compiler/Fable,.github/workflows/repo-assist.md,network,True,"{""allowed"": [""defaults"", ""dotnet"", ""node"", ""python"", ""rust"", ""fable.io"", ""fsharp.github.io"", ""docs.microsoft.com"", ""learn.microsoft.com""]}",modificado,network_resto,[],mas_permisivo,dominios,network_dir_defaults_mas_otros,[]
331,1439,fable-compiler/Fable,.github/workflows/repo-assist.md,permissions,True,"""read-all""",modificado,permissions_read_all,[],mas_permisivo,lectura,perm_read_all,[]
332,1451,fslaborg/Deedle,.github/workflows/repo-assist.md,strict,False,,implicito,,[],,,,
332,1451,fslaborg/Deedle,.github/workflows/repo-assist.md,tools.bash,True,true,modificado,bash_true,[],mas_permisivo,comandos,bash_dir_true,[]
332,1451,fslaborg/Deedle,.github/workflows/repo-assist.md,network,True,"{""allowed"": [""defaults"", ""dotnet"", ""node"", ""python"", ""rust"", ""java""]}",modificado,network_resto,[],mas_permisivo,dominios,network_dir_defaults_mas_otros,[]
332,1451,fslaborg/Deedle,.github/workflows/repo-assist.md,permissions,True,"""read-all""",modificado,permissions_read_all,[],mas_permisivo,lectura,perm_read_all,[]
333,1480,ionide/ionide-vscode-fsharp,.github/workflows/repo-assist.md,strict,False,,implicito,,[],,,,
333,1480,ionide/ionide-vscode-fsharp,.github/workflows/repo-assist.md,tools.bash,True,true,modificado,bash_true,[],mas_permisivo,comandos,bash_dir_true,[]
333,1480,ionide/ionide-vscode-fsharp,.github/workflows/repo-assist.md,network,True,"{""allowed"": [""defaults"", ""dotnet"", ""node"", ""python"", ""rust"", ""java""]}",modificado,network_resto,[],mas_permisivo,dominios,network_dir_defaults_mas_otros,[]
333,1480,ionide/ionide-vscode-fsharp,.github/workflows/repo-assist.md,permissions,True,"""read-all""",modificado,permissions_read_all,[],mas_permisivo,lectura,perm_read_all,[]
334,1510,fsprojects/fantomas,.github/workflows/repo-assist.md,strict,False,,implicito,,[],,,,
334,1510,fsprojects/fantomas,.github/workflows/repo-assist.md,tools.bash,True,true,modificado,bash_true,[],mas_permisivo,comandos,bash_dir_true,[]
334,1510,fsprojects/fantomas,.github/workflows/repo-assist.md,network,True,"{""allowed"": [""defaults"", ""dotnet"", ""node"", ""python"", ""rust"", ""fsprojects.github.io"", ""java"", ""docs.microsoft.com"", ""learn.microsoft.com"", ""fsharp.github.io""]}",modificado,network_resto,[],mas_permisivo,dominios,network_dir_defaults_mas_otros,[]
334,1510,fsprojects/fantomas,.github/workflows/repo-assist.md,permissions,True,"""read-all""",modificado,permissions_read_all,[],mas_permisivo,lectura,perm_read_all,[]
335,1542,fsprojects/FSharp.Formatting,.github/workflows/repo-assist.md,strict,False,,implicito,,[],,,,
335,1542,fsprojects/FSharp.Formatting,.github/workflows/repo-assist.md,tools.bash,True,true,modificado,bash_true,[],mas_permisivo,comandos,bash_dir_true,[]
335,1542,fsprojects/FSharp.Formatting,.github/workflows/repo-assist.md,network,True,"{""allowed"": [""defaults"", ""dotnet"", ""node"", ""python"", ""rust"", ""java""]}",modificado,network_resto,[],mas_permisivo,dominios,network_dir_defaults_mas_otros,[]
335,1542,fsprojects/FSharp.Formatting,.github/workflows/repo-assist.md,permissions,True,"""read-all""",modificado,permissions_read_all,[],mas_permisivo,lectura,perm_read_all,[]
336,1543,fsprojects/FsHttp,.github/workflows/repo-assist.md,strict,False,,implicito,,[],,,,
336,1543,fsprojects/FsHttp,.github/workflows/repo-assist.md,tools.bash,True,true,modificado,bash_true,[],mas_permisivo,comandos,bash_dir_true,[]
336,1543,fsprojects/FsHttp,.github/workflows/repo-assist.md,network,True,"{""allowed"": [""defaults"", ""dotnet"", ""node"", ""python"", ""rust"", ""java""]}",modificado,network_resto,[],mas_permisivo,dominios,network_dir_defaults_mas_otros,[]
336,1543,fsprojects/FsHttp,.github/workflows/repo-assist.md,permissions,True,"""read-all""",modificado,permissions_read_all,[],mas_permisivo,lectura,perm_read_all,[]
337,1573,ionide/FsAutoComplete,.github/workflows/repo-assist.md,strict,False,,implicito,,[],,,,
337,1573,ionide/FsAutoComplete,.github/workflows/repo-assist.md,tools.bash,True,true,modificado,bash_true,[],mas_permisivo,comandos,bash_dir_true,[]
337,1573,ionide/FsAutoComplete,.github/workflows/repo-assist.md,network,True,"{""allowed"": [""defaults"", ""dotnet"", ""node"", ""python"", ""rust"", ""java""]}",modificado,network_resto,[],mas_permisivo,dominios,network_dir_defaults_mas_otros,[]
337,1573,ionide/FsAutoComplete,.github/workflows/repo-assist.md,permissions,True,"""read-all""",modificado,permissions_read_all,[],mas_permisivo,lectura,perm_read_all,[]
338,1574,MoiraeSoftware/Myriad,.github/workflows/q.md,strict,False,,implicito,,[],,,,
338,1574,MoiraeSoftware/Myriad,.github/workflows/q.md,tools.bash,True,true,modificado,bash_true,[],mas_permisivo,comandos,bash_dir_true,[]
338,1574,MoiraeSoftware/Myriad,.github/workflows/q.md,network,True,"""defaults""",explicito_igual_default,network_defaults,[],,,,
338,1574,MoiraeSoftware/Myriad,.github/workflows/q.md,permissions,True,"{""actions"": ""read"", ""contents"": ""read"", ""issues"": ""read"", ""pull-requests"": ""read""}",modificado,permissions_resto,[],mas_permisivo,lectura,perm_lecturas_con_contents,[]
339,1600,fsprojects/FSharp.TypeProviders.SDK,.github/workflows/repo-assist.md,strict,False,,implicito,,[],,,,
339,1600,fsprojects/FSharp.TypeProviders.SDK,.github/workflows/repo-assist.md,tools.bash,True,true,modificado,bash_true,[],mas_permisivo,comandos,bash_dir_true,[]
339,1600,fsprojects/FSharp.TypeProviders.SDK,.github/workflows/repo-assist.md,network,True,"{""allowed"": [""defaults"", ""dotnet"", ""node"", ""python"", ""rust"", ""java""]}",modificado,network_resto,[],mas_permisivo,dominios,network_dir_defaults_mas_otros,[]
339,1600,fsprojects/FSharp.TypeProviders.SDK,.github/workflows/repo-assist.md,permissions,True,"""read-all""",modificado,permissions_read_all,[],mas_permisivo,lectura,perm_read_all,[]
340,1624,fsprojects/SwaggerProvider,.github/workflows/repo-assist.md,strict,False,,implicito,,[],,,,
340,1624,fsprojects/SwaggerProvider,.github/workflows/repo-assist.md,tools.bash,True,true,modificado,bash_true,[],mas_permisivo,comandos,bash_dir_true,[]
340,1624,fsprojects/SwaggerProvider,.github/workflows/repo-assist.md,network,True,"{""allowed"": [""defaults"", ""dotnet"", ""node"", ""python"", ""rust"", ""java""]}",modificado,network_resto,[],mas_permisivo,dominios,network_dir_defaults_mas_otros,[]
340,1624,fsprojects/SwaggerProvider,.github/workflows/repo-assist.md,permissions,True,"""read-all""",modificado,permissions_read_all,[],mas_permisivo,lectura,perm_read_all,[]
341,1643,fsprojects/FSharpx.Collections,.github/workflows/repo-assist.md,strict,False,,implicito,,[],,,,
341,1643,fsprojects/FSharpx.Collections,.github/workflows/repo-assist.md,tools.bash,True,true,modificado,bash_true,[],mas_permisivo,comandos,bash_dir_true,[]
341,1643,fsprojects/FSharpx.Collections,.github/workflows/repo-assist.md,network,True,"{""allowed"": [""defaults"", ""dotnet"", ""node"", ""python"", ""rust"", ""java""]}",modificado,network_resto,[],mas_permisivo,dominios,network_dir_defaults_mas_otros,[]
341,1643,fsprojects/FSharpx.Collections,.github/workflows/repo-assist.md,permissions,True,"""read-all""",modificado,permissions_read_all,[],mas_permisivo,lectura,perm_read_all,[]
342,1659,fsprojects/FSharp.Data.SqlClient,.github/workflows/repo-assist.md,strict,False,,implicito,,[],,,,
342,1659,fsprojects/FSharp.Data.SqlClient,.github/workflows/repo-assist.md,tools.bash,True,true,modificado,bash_true,[],mas_permisivo,comandos,bash_dir_true,[]
342,1659,fsprojects/FSharp.Data.SqlClient,.github/workflows/repo-assist.md,network,True,"{""allowed"": [""defaults"", ""dotnet"", ""node"", ""python"", ""rust"", ""java""]}",modificado,network_resto,[],mas_permisivo,dominios,network_dir_defaults_mas_otros,[]
342,1659,fsprojects/FSharp.Data.SqlClient,.github/workflows/repo-assist.md,permissions,True,"""read-all""",modificado,permissions_read_all,[],mas_permisivo,lectura,perm_read_all,[]
343,1672,fslaborg/FSharp.Stats,.github/workflows/repo-assist.md,strict,False,,implicito,,[],,,,
343,1672,fslaborg/FSharp.Stats,.github/workflows/repo-assist.md,tools.bash,True,true,modificado,bash_true,[],mas_permisivo,comandos,bash_dir_true,[]
343,1672,fslaborg/FSharp.Stats,.github/workflows/repo-assist.md,network,True,"{""allowed"": [""defaults"", ""dotnet"", ""node"", ""python"", ""rust"", ""java""]}",modificado,network_resto,[],mas_permisivo,dominios,network_dir_defaults_mas_otros,[]
343,1672,fslaborg/FSharp.Stats,.github/workflows/repo-assist.md,permissions,True,"""read-all""",modificado,permissions_read_all,[],mas_permisivo,lectura,perm_read_all,[]
344,1710,fsprojects/FSharp.Control.AsyncSeq,.github/workflows/repo-assist.md,strict,False,,implicito,,[],,,,
344,1710,fsprojects/FSharp.Control.AsyncSeq,.github/workflows/repo-assist.md,tools.bash,True,true,modificado,bash_true,[],mas_permisivo,comandos,bash_dir_true,[]
344,1710,fsprojects/FSharp.Control.AsyncSeq,.github/workflows/repo-assist.md,network,True,"{""allowed"": [""defaults"", ""dotnet"", ""node"", ""python"", ""rust"", ""java""]}",modificado,network_resto,[],mas_permisivo,dominios,network_dir_defaults_mas_otros,[]
344,1710,fsprojects/FSharp.Control.AsyncSeq,.github/workflows/repo-assist.md,permissions,True,"""read-all""",modificado,permissions_read_all,[],mas_permisivo,lectura,perm_read_all,[]
345,1712,fable-compiler/Fable.Python,.github/workflows/repo-assist.md,strict,False,,implicito,,[],,,,
345,1712,fable-compiler/Fable.Python,.github/workflows/repo-assist.md,tools.bash,True,true,modificado,bash_true,[],mas_permisivo,comandos,bash_dir_true,[]
345,1712,fable-compiler/Fable.Python,.github/workflows/repo-assist.md,network,True,"{""allowed"": [""defaults"", ""dotnet"", ""node"", ""python"", ""fable.io"", ""fsharp.github.io"", ""docs.microsoft.com"", ""learn.microsoft.com"", ""flask.palletsprojects.com"", ""fastapi.tiangolo.com"", ""docs.pydantic.dev"", ""docs.djangoproject.com""]}",modificado,network_resto,[],mas_permisivo,dominios,network_dir_defaults_mas_otros,[]
345,1712,fable-compiler/Fable.Python,.github/workflows/repo-assist.md,permissions,True,"""read-all""",modificado,permissions_read_all,[],mas_permisivo,lectura,perm_read_all,[]
346,1731,fsprojects/FSharp.Control.TaskSeq,.github/workflows/repo-assist.md,strict,False,,implicito,,[],,,,
346,1731,fsprojects/FSharp.Control.TaskSeq,.github/workflows/repo-assist.md,tools.bash,True,true,modificado,bash_true,[],mas_permisivo,comandos,bash_dir_true,[]
346,1731,fsprojects/FSharp.Control.TaskSeq,.github/workflows/repo-assist.md,network,True,"{""allowed"": [""defaults"", ""dotnet"", ""node"", ""python"", ""rust"", ""java""]}",modificado,network_resto,[],mas_permisivo,dominios,network_dir_defaults_mas_otros,[]
346,1731,fsprojects/FSharp.Control.TaskSeq,.github/workflows/repo-assist.md,permissions,True,"""read-all""",modificado,permissions_read_all,[],mas_permisivo,lectura,perm_read_all,[]
347,1744,opsmill/infrahub,.github/workflows/bug-agent-analyst.md,strict,False,,implicito,,[],,,,
347,1744,opsmill/infrahub,.github/workflows/bug-agent-analyst.md,tools.bash,False,,implicito,,[],,,,
347,1744,opsmill/infrahub,.github/workflows/bug-agent-analyst.md,network,True,"""defaults""",explicito_igual_default,network_defaults,[],,,,
347,1744,opsmill/infrahub,.github/workflows/bug-agent-analyst.md,permissions,True,"{""contents"": ""read"", ""issues"": ""read"", ""pull-requests"": ""read""}",modificado,permissions_resto,[],mas_permisivo,lectura,perm_lecturas_con_contents,[]
348,1764,opsmill/infrahub,.github/workflows/bug-agent-fix.md,strict,False,,implicito,,[],,,,
348,1764,opsmill/infrahub,.github/workflows/bug-agent-fix.md,tools.bash,False,,implicito,,[],,,,
348,1764,opsmill/infrahub,.github/workflows/bug-agent-fix.md,network,True,"""defaults""",explicito_igual_default,network_defaults,[],,,,
348,1764,opsmill/infrahub,.github/workflows/bug-agent-fix.md,permissions,True,"{""contents"": ""read"", ""issues"": ""read"", ""pull-requests"": ""read""}",modificado,permissions_resto,[],mas_permisivo,lectura,perm_lecturas_con_contents,[]
349,1779,opsmill/infrahub,.github/workflows/bug-agent-review.md,strict,False,,implicito,,[],,,,
349,1779,opsmill/infrahub,.github/workflows/bug-agent-review.md,tools.bash,False,,implicito,,[],,,,
349,1779,opsmill/infrahub,.github/workflows/bug-agent-review.md,network,True,"""defaults""",explicito_igual_default,network_defaults,[],,,,
349,1779,opsmill/infrahub,.github/workflows/bug-agent-review.md,permissions,True,"{""contents"": ""read"", ""issues"": ""read"", ""pull-requests"": ""read""}",modificado,permissions_resto,[],mas_permisivo,lectura,perm_lecturas_con_contents,[]
350,1800,opsmill/infrahub,.github/workflows/bug-agent-test.md,strict,False,,implicito,,[],,,,
350,1800,opsmill/infrahub,.github/workflows/bug-agent-test.md,tools.bash,False,,implicito,,[],,,,
350,1800,opsmill/infrahub,.github/workflows/bug-agent-test.md,network,True,"""defaults""",explicito_igual_default,network_defaults,[],,,,
350,1800,opsmill/infrahub,.github/workflows/bug-agent-test.md,permissions,True,"{""contents"": ""read"", ""issues"": ""read"", ""pull-requests"": ""read""}",modificado,permissions_resto,[],mas_permisivo,lectura,perm_lecturas_con_contents,[]
351,1801,pulumi/pulumi-aws-apigateway,.github/workflows/gh-aw-pr-rereview.md,strict,True,true,explicito_igual_default,strict_true,[],,,,
351,1801,pulumi/pulumi-aws-apigateway,.github/workflows/gh-aw-pr-rereview.md,tools.bash,False,,implicito,,[],,,,
351,1801,pulumi/pulumi-aws-apigateway,.github/workflows/gh-aw-pr-rereview.md,network,False,,implicito,,[],,,,
351,1801,pulumi/pulumi-aws-apigateway,.github/workflows/gh-aw-pr-rereview.md,permissions,True,"{""contents"": ""read"", ""id-token"": ""write"", ""pull-requests"": ""read""}",modificado,permissions_resto,[],mas_permisivo,autenticacion,perm_escritura_solo_autenticacion,[]
352,1802,pulumi/pulumi-aws-apigateway,.github/workflows/gh-aw-pr-review.md,strict,True,true,explicito_igual_default,strict_true,[],,,,
352,1802,pulumi/pulumi-aws-apigateway,.github/workflows/gh-aw-pr-review.md,tools.bash,False,,implicito,,[],,,,
352,1802,pulumi/pulumi-aws-apigateway,.github/workflows/gh-aw-pr-review.md,network,False,,implicito,,[],,,,
352,1802,pulumi/pulumi-aws-apigateway,.github/workflows/gh-aw-pr-review.md,permissions,True,"{""contents"": ""read"", ""id-token"": ""write"", ""pull-requests"": ""read""}",modificado,permissions_resto,[],mas_permisivo,autenticacion,perm_escritura_solo_autenticacion,[]
353,1805,mongodb-js/devtools-shared,.github/workflows/security-quality-agent.md,strict,True,true,explicito_igual_default,strict_true,[],,,,
353,1805,mongodb-js/devtools-shared,.github/workflows/security-quality-agent.md,tools.bash,False,,implicito,,[],,,,
353,1805,mongodb-js/devtools-shared,.github/workflows/security-quality-agent.md,network,True,"{""allowed"": [""threat-detection"", ""github""]}",modificado,network_resto,[],sin_direccion,,network_dir_sin_defaults,[]
353,1805,mongodb-js/devtools-shared,.github/workflows/security-quality-agent.md,permissions,True,"{""contents"": ""read"", ""issues"": ""read"", ""pull-requests"": ""read""}",modificado,permissions_resto,[],mas_permisivo,lectura,perm_lecturas_con_contents,[]
354,1813,dotnet/java-interop,.github/workflows/java-interop-reviewer.md,strict,False,,implicito,,[],,,,
354,1813,dotnet/java-interop,.github/workflows/java-interop-reviewer.md,tools.bash,False,,implicito,,[],,,,
354,1813,dotnet/java-interop,.github/workflows/java-interop-reviewer.md,network,True,"{""allowed"": [""defaults"", ""dotnet"", ""github"", ""aka.ms"", ""microsoft.com""]}",modificado,network_resto,[],mas_permisivo,dominios,network_dir_defaults_mas_otros,[]
354,1813,dotnet/java-interop,.github/workflows/java-interop-reviewer.md,permissions,True,"{""contents"": ""read"", ""pull-requests"": ""read""}",modificado,permissions_resto,[],mas_permisivo,lectura,perm_lecturas_con_contents,[]
355,1825,dotnet/android,.github/workflows/android-reviewer.md,strict,False,,implicito,,[],,,,
355,1825,dotnet/android,.github/workflows/android-reviewer.md,tools.bash,False,,implicito,,[],,,,
355,1825,dotnet/android,.github/workflows/android-reviewer.md,network,True,"{""allowed"": [""defaults"", ""chrome"", ""dotnet"", ""github"", ""java"", ""aka.ms"", ""dev.azure.com"", ""gstatic.com"", ""httpbin.org"", ""microsoft.com"", ""vsassets.io""]}",modificado,network_resto,[],mas_permisivo,dominios,network_dir_defaults_mas_otros,[]
355,1825,dotnet/android,.github/workflows/android-reviewer.md,permissions,True,"{""contents"": ""read"", ""pull-requests"": ""read""}",modificado,permissions_resto,[],mas_permisivo,lectura,perm_lecturas_con_contents,[]
356,1833,dotnet/android,.github/workflows/nightly-fix-finder.md,strict,True,true,explicito_igual_default,strict_true,[],,,,
356,1833,dotnet/android,.github/workflows/nightly-fix-finder.md,tools.bash,True,"[""find src -name \""*.cs\"" -type f"", ""find .github/workflows/nightly-fix-finder -name \""*.sh\"""", ""grep:*"", ""wc:*"", ""head:*"", ""tail:*"", ""sort:*"", ""cat:*"", ""awk:*"", ""sed:*"", ""shuf:*"", ""date:*"", ""xargs:*"", ""basename:*""]",modificado,bash_other_list,[],sin_direccion,,bash_dir_agrega_y_quita,[]
356,1833,dotnet/android,.github/workflows/nightly-fix-finder.md,network,True,"{""allowed"": [""defaults"", ""github"", ""dotnet""]}",modificado,network_resto,[],mas_permisivo,dominios,network_dir_defaults_mas_otros,[]
356,1833,dotnet/android,.github/workflows/nightly-fix-finder.md,permissions,True,"{""contents"": ""read"", ""issues"": ""read""}",modificado,permissions_resto,[],mas_permisivo,lectura,perm_lecturas_con_contents,[]
357,1839,dotnet/android-tools,.github/workflows/android-tools-reviewer.md,strict,False,,implicito,,[],,,,
357,1839,dotnet/android-tools,.github/workflows/android-tools-reviewer.md,tools.bash,False,,implicito,,[],,,,
357,1839,dotnet/android-tools,.github/workflows/android-tools-reviewer.md,network,True,"{""allowed"": [""defaults"", ""dotnet"", ""github"", ""aka.ms"", ""microsoft.com""]}",modificado,network_resto,[],mas_permisivo,dominios,network_dir_defaults_mas_otros,[]
357,1839,dotnet/android-tools,.github/workflows/android-tools-reviewer.md,permissions,True,"{""contents"": ""read"", ""pull-requests"": ""read""}",modificado,permissions_resto,[],mas_permisivo,lectura,perm_lecturas_con_contents,[]
358,1841,erigontech/erigon,.github/workflows/daily-repo-status.md,strict,False,,implicito,,[],,,,
358,1841,erigontech/erigon,.github/workflows/daily-repo-status.md,tools.bash,False,,implicito,,[],,,,
358,1841,erigontech/erigon,.github/workflows/daily-repo-status.md,network,True,"""defaults""",explicito_igual_default,network_defaults,[],,,,
358,1841,erigontech/erigon,.github/workflows/daily-repo-status.md,permissions,True,"{""contents"": ""read"", ""issues"": ""read"", ""pull-requests"": ""read""}",modificado,permissions_resto,[],mas_permisivo,lectura,perm_lecturas_con_contents,[]
359,1842,timrogers/iata-code-decoder-api,.github/workflows/daily-repo-status.md,strict,False,,implicito,,[],,,,
359,1842,timrogers/iata-code-decoder-api,.github/workflows/daily-repo-status.md,tools.bash,False,,implicito,,[],,,,
359,1842,timrogers/iata-code-decoder-api,.github/workflows/daily-repo-status.md,network,True,"""defaults""",explicito_igual_default,network_defaults,[],,,,
359,1842,timrogers/iata-code-decoder-api,.github/workflows/daily-repo-status.md,permissions,True,"{""contents"": ""read"", ""issues"": ""read"", ""pull-requests"": ""read""}",modificado,permissions_resto,[],mas_permisivo,lectura,perm_lecturas_con_contents,[]
360,1851,carlkidcrypto/ezsnmp,.github/workflows/auto_change_log.md,strict,False,,implicito,,[],,,,
360,1851,carlkidcrypto/ezsnmp,.github/workflows/auto_change_log.md,tools.bash,True,true,modificado,bash_true,[],mas_permisivo,comandos,bash_dir_true,[]
360,1851,carlkidcrypto/ezsnmp,.github/workflows/auto_change_log.md,network,True,"{""allowed"": [""defaults"", ""github""]}",modificado,network_resto,[],mas_permisivo,dominios,network_dir_defaults_mas_otros,[]
360,1851,carlkidcrypto/ezsnmp,.github/workflows/auto_change_log.md,permissions,True,"{""actions"": ""read"", ""contents"": ""read""}",modificado,permissions_resto,[],mas_permisivo,lectura,perm_lecturas_con_contents,[]
361,1859,carlkidcrypto/ezsnmp,.github/workflows/auto_release_notes.md,strict,False,,implicito,,[],,,,
361,1859,carlkidcrypto/ezsnmp,.github/workflows/auto_release_notes.md,tools.bash,True,true,modificado,bash_true,[],mas_permisivo,comandos,bash_dir_true,[]
361,1859,carlkidcrypto/ezsnmp,.github/workflows/auto_release_notes.md,network,True,"{""allowed"": [""defaults"", ""github"", ""pypi.org""]}",modificado,network_resto,[],mas_permisivo,dominios,network_dir_defaults_mas_otros,[]
361,1859,carlkidcrypto/ezsnmp,.github/workflows/auto_release_notes.md,permissions,True,"{""actions"": ""read"", ""contents"": ""read""}",modificado,permissions_resto,[],mas_permisivo,lectura,perm_lecturas_con_contents,[]
362,1870,carlkidcrypto/ezsnmp,.github/workflows/coverage_autofix_every_3_days.md,strict,False,,implicito,,[],,,,
362,1870,carlkidcrypto/ezsnmp,.github/workflows/coverage_autofix_every_3_days.md,tools.bash,True,true,modificado,bash_true,[],mas_permisivo,comandos,bash_dir_true,[]
362,1870,carlkidcrypto/ezsnmp,.github/workflows/coverage_autofix_every_3_days.md,network,True,"{""allowed"": [""defaults"", ""python""]}",modificado,network_resto,[],mas_permisivo,dominios,network_dir_defaults_mas_otros,[]
362,1870,carlkidcrypto/ezsnmp,.github/workflows/coverage_autofix_every_3_days.md,permissions,True,"{""actions"": ""read"", ""contents"": ""read""}",modificado,permissions_resto,[],mas_permisivo,lectura,perm_lecturas_con_contents,[]
363,1875,carlkidcrypto/ezsnmp,.github/workflows/docs_continuous_improvement_every_3_days.md,strict,False,,implicito,,[],,,,
363,1875,carlkidcrypto/ezsnmp,.github/workflows/docs_continuous_improvement_every_3_days.md,tools.bash,False,,implicito,,[],,,,
363,1875,carlkidcrypto/ezsnmp,.github/workflows/docs_continuous_improvement_every_3_days.md,network,False,,implicito,,[],,,,
363,1875,carlkidcrypto/ezsnmp,.github/workflows/docs_continuous_improvement_every_3_days.md,permissions,True,"{""actions"": ""read"", ""contents"": ""read""}",modificado,permissions_resto,[],mas_permisivo,lectura,perm_lecturas_con_contents,[]
364,1878,carlkidcrypto/ezsnmp,.github/workflows/python_version_watcher.md,strict,False,,implicito,,[],,,,
364,1878,carlkidcrypto/ezsnmp,.github/workflows/python_version_watcher.md,tools.bash,True,true,modificado,bash_true,[],mas_permisivo,comandos,bash_dir_true,[]
364,1878,carlkidcrypto/ezsnmp,.github/workflows/python_version_watcher.md,network,True,"""defaults""",explicito_igual_default,network_defaults,[],,,,
364,1878,carlkidcrypto/ezsnmp,.github/workflows/python_version_watcher.md,permissions,True,"{""actions"": ""read"", ""contents"": ""read""}",modificado,permissions_resto,[],mas_permisivo,lectura,perm_lecturas_con_contents,[]
365,1888,carlkidcrypto/ezsnmp,.github/workflows/sync_open_prs_with_main.md,strict,False,,implicito,,[],,,,
365,1888,carlkidcrypto/ezsnmp,.github/workflows/sync_open_prs_with_main.md,tools.bash,False,,implicito,,[],,,,
365,1888,carlkidcrypto/ezsnmp,.github/workflows/sync_open_prs_with_main.md,network,False,,implicito,,[],,,,
365,1888,carlkidcrypto/ezsnmp,.github/workflows/sync_open_prs_with_main.md,permissions,True,"{""actions"": ""read"", ""contents"": ""read"", ""pull-requests"": ""read""}",modificado,permissions_resto,[],mas_permisivo,lectura,perm_lecturas_con_contents,[]
366,1893,carlkidcrypto/ezsnmp,.github/workflows/triage_incoming_bug_reports.md,strict,False,,implicito,,[],,,,
366,1893,carlkidcrypto/ezsnmp,.github/workflows/triage_incoming_bug_reports.md,tools.bash,True,true,modificado,bash_true,[],mas_permisivo,comandos,bash_dir_true,[]
366,1893,carlkidcrypto/ezsnmp,.github/workflows/triage_incoming_bug_reports.md,network,True,"{""allowed"": [""defaults"", ""github""]}",modificado,network_resto,[],mas_permisivo,dominios,network_dir_defaults_mas_otros,[]
366,1893,carlkidcrypto/ezsnmp,.github/workflows/triage_incoming_bug_reports.md,permissions,True,"{""actions"": ""read"", ""contents"": ""read"", ""issues"": ""read""}",modificado,permissions_resto,[],mas_permisivo,lectura,perm_lecturas_con_contents,[]
367,1899,carlkidcrypto/ezsnmp,.github/workflows/update_docker_netsnmp_versions.md,strict,False,,implicito,,[],,,,
367,1899,carlkidcrypto/ezsnmp,.github/workflows/update_docker_netsnmp_versions.md,tools.bash,True,true,modificado,bash_true,[],mas_permisivo,comandos,bash_dir_true,[]
367,1899,carlkidcrypto/ezsnmp,.github/workflows/update_docker_netsnmp_versions.md,network,True,"{""allowed"": [""defaults"", ""github""]}",modificado,network_resto,[],mas_permisivo,dominios,network_dir_defaults_mas_otros,[]
367,1899,carlkidcrypto/ezsnmp,.github/workflows/update_docker_netsnmp_versions.md,permissions,True,"{""actions"": ""read"", ""contents"": ""read""}",modificado,permissions_resto,[],mas_permisivo,lectura,perm_lecturas_con_contents,[]
368,1904,carlkidcrypto/ezsnmp,.github/workflows/update_docker_python_versions.md,strict,False,,implicito,,[],,,,
368,1904,carlkidcrypto/ezsnmp,.github/workflows/update_docker_python_versions.md,tools.bash,True,true,modificado,bash_true,[],mas_permisivo,comandos,bash_dir_true,[]
368,1904,carlkidcrypto/ezsnmp,.github/workflows/update_docker_python_versions.md,network,True,"{""allowed"": [""defaults"", ""python""]}",modificado,network_resto,[],mas_permisivo,dominios,network_dir_defaults_mas_otros,[]
368,1904,carlkidcrypto/ezsnmp,.github/workflows/update_docker_python_versions.md,permissions,True,"{""actions"": ""read"", ""contents"": ""read""}",modificado,permissions_resto,[],mas_permisivo,lectura,perm_lecturas_con_contents,[]
369,1915,Azure/typespec-azure,.github/workflows/doc-update.md,strict,False,,implicito,,[],,,,
369,1915,Azure/typespec-azure,.github/workflows/doc-update.md,tools.bash,True,true,modificado,bash_true,[],mas_permisivo,comandos,bash_dir_true,[]
369,1915,Azure/typespec-azure,.github/workflows/doc-update.md,network,True,"{""allowed"": [""defaults"", ""node"", ""python"", ""dotnet"", ""java"", ""go""]}",modificado,network_resto,[],mas_permisivo,dominios,network_dir_defaults_mas_otros,[]
369,1915,Azure/typespec-azure,.github/workflows/doc-update.md,permissions,True,"{""contents"": ""read"", ""copilot-requests"": ""write""}",modificado,permissions_resto,[],mas_permisivo,autenticacion,perm_escritura_solo_autenticacion,[]
370,1917,Azure/typespec-azure,.github/workflows/docs-sync.md,strict,False,,implicito,,[],,,,
370,1917,Azure/typespec-azure,.github/workflows/docs-sync.md,tools.bash,False,,implicito,,[],,,,
370,1917,Azure/typespec-azure,.github/workflows/docs-sync.md,network,False,,implicito,,[],,,,
370,1917,Azure/typespec-azure,.github/workflows/docs-sync.md,permissions,True,"{""contents"": ""read"", ""copilot-requests"": ""write"", ""issues"": ""read"", ""pull-requests"": ""read""}",modificado,permissions_resto,[],mas_permisivo,autenticacion,perm_escritura_solo_autenticacion,[]
371,1920,fedixyz/fedi,.github/workflows/daily-e2e-coverage-check.md,strict,True,true,explicito_igual_default,strict_true,[],,,,
371,1920,fedixyz/fedi,.github/workflows/daily-e2e-coverage-check.md,tools.bash,True,"[""find"", ""cat"", ""sed"", ""rg"", ""git""]",modificado,bash_other_list,[],sin_direccion,,bash_dir_agrega_y_quita,[]
371,1920,fedixyz/fedi,.github/workflows/daily-e2e-coverage-check.md,network,True,"{""allowed"": [""defaults"", ""github""]}",modificado,network_resto,[],mas_permisivo,dominios,network_dir_defaults_mas_otros,[]
371,1920,fedixyz/fedi,.github/workflows/daily-e2e-coverage-check.md,permissions,True,"{""actions"": ""read"", ""contents"": ""read"", ""issues"": ""read"", ""pull-requests"": ""read""}",modificado,permissions_resto,[],mas_permisivo,lectura,perm_lecturas_con_contents,[]
372,1924,fedixyz/fedi,.github/workflows/weekly-doc-updater.md,strict,True,true,explicito_igual_default,strict_true,[],,,,
372,1924,fedixyz/fedi,.github/workflows/weekly-doc-updater.md,tools.bash,True,"[""find"", ""cat"", ""sed"", ""rg"", ""git""]",modificado,bash_other_list,[],sin_direccion,,bash_dir_agrega_y_quita,[]
372,1924,fedixyz/fedi,.github/workflows/weekly-doc-updater.md,network,True,"{""allowed"": [""defaults"", ""github""]}",modificado,network_resto,[],mas_permisivo,dominios,network_dir_defaults_mas_otros,[]
372,1924,fedixyz/fedi,.github/workflows/weekly-doc-updater.md,permissions,True,"{""actions"": ""read"", ""contents"": ""read"", ""issues"": ""read"", ""pull-requests"": ""read""}",modificado,permissions_resto,[],mas_permisivo,lectura,perm_lecturas_con_contents,[]
373,1925,meshery/schemas,.github/workflows/first-time-contributor.md,strict,False,,implicito,,[],,,,
373,1925,meshery/schemas,.github/workflows/first-time-contributor.md,tools.bash,False,,implicito,,[],,,,
373,1925,meshery/schemas,.github/workflows/first-time-contributor.md,network,True,"{""allowed"": [""defaults""]}",explicito_igual_default,network_allowed_defaults,[],,,,
373,1925,meshery/schemas,.github/workflows/first-time-contributor.md,permissions,True,"{""contents"": ""read"", ""issues"": ""read"", ""pull-requests"": ""read""}",modificado,permissions_resto,[],mas_permisivo,lectura,perm_lecturas_con_contents,[]
374,1931,foxminchan/BookWorm,.github/workflows/contribution-guidelines-checker.md,strict,False,,implicito,,[],,,,
374,1931,foxminchan/BookWorm,.github/workflows/contribution-guidelines-checker.md,tools.bash,False,,implicito,,[],,,,
374,1931,foxminchan/BookWorm,.github/workflows/contribution-guidelines-checker.md,network,True,"""defaults""",explicito_igual_default,network_defaults,[],,,,
374,1931,foxminchan/BookWorm,.github/workflows/contribution-guidelines-checker.md,permissions,True,"""read-all""",modificado,permissions_read_all,[],mas_permisivo,lectura,perm_read_all,[]
375,1937,foxminchan/BookWorm,.github/workflows/daily-repo-status.md,strict,False,,implicito,,[],,,,
375,1937,foxminchan/BookWorm,.github/workflows/daily-repo-status.md,tools.bash,False,,implicito,,[],,,,
375,1937,foxminchan/BookWorm,.github/workflows/daily-repo-status.md,network,True,"""defaults""",explicito_igual_default,network_defaults,[],,,,
375,1937,foxminchan/BookWorm,.github/workflows/daily-repo-status.md,permissions,True,"""read-all""",modificado,permissions_read_all,[],mas_permisivo,lectura,perm_read_all,[]
376,1944,foxminchan/BookWorm,.github/workflows/issue-triage.md,strict,False,,implicito,,[],,,,
376,1944,foxminchan/BookWorm,.github/workflows/issue-triage.md,tools.bash,False,,implicito,,[],,,,
376,1944,foxminchan/BookWorm,.github/workflows/issue-triage.md,network,True,"""defaults""",explicito_igual_default,network_defaults,[],,,,
376,1944,foxminchan/BookWorm,.github/workflows/issue-triage.md,permissions,True,"{""contents"": ""read"", ""issues"": ""read""}",modificado,permissions_resto,[],mas_permisivo,lectura,perm_lecturas_con_contents,[]
377,1953,foxminchan/BookWorm,.github/workflows/pr-triage.md,strict,False,,implicito,,[],,,,
377,1953,foxminchan/BookWorm,.github/workflows/pr-triage.md,tools.bash,False,,implicito,,[],,,,
377,1953,foxminchan/BookWorm,.github/workflows/pr-triage.md,network,True,"""defaults""",explicito_igual_default,network_defaults,[],,,,
377,1953,foxminchan/BookWorm,.github/workflows/pr-triage.md,permissions,True,"{""contents"": ""read"", ""pull-requests"": ""read""}",modificado,permissions_resto,[],mas_permisivo,lectura,perm_lecturas_con_contents,[]
378,1954,ohcnetwork/care_fe,.github/workflows/daily-playwright-improver.md,strict,False,,implicito,,[],,,,
378,1954,ohcnetwork/care_fe,.github/workflows/daily-playwright-improver.md,tools.bash,False,,implicito,,[],,,,
378,1954,ohcnetwork/care_fe,.github/workflows/daily-playwright-improver.md,network,False,,implicito,,[],,,,
378,1954,ohcnetwork/care_fe,.github/workflows/daily-playwright-improver.md,permissions,True,"""read-all""",modificado,permissions_read_all,[],mas_permisivo,lectura,perm_read_all,[]
379,1956,ohcnetwork/care_fe,.github/workflows/thank-you-note.md,strict,False,,implicito,,[],,,,
379,1956,ohcnetwork/care_fe,.github/workflows/thank-you-note.md,tools.bash,False,,implicito,,[],,,,
379,1956,ohcnetwork/care_fe,.github/workflows/thank-you-note.md,network,False,,implicito,,[],,,,
379,1956,ohcnetwork/care_fe,.github/workflows/thank-you-note.md,permissions,True,"""read-all""",modificado,permissions_read_all,[],mas_permisivo,lectura,perm_read_all,[]
380,1964,IgniteUI/igniteui-xplat-docs,.github/workflows/sync-jp-docs.md,strict,False,,implicito,,[],,,,
380,1964,IgniteUI/igniteui-xplat-docs,.github/workflows/sync-jp-docs.md,tools.bash,True,"[""git diff --name-only *"", ""git diff *"", ""git show *"", ""git log *"", ""ls *"", ""cat *"", ""find *""]",modificado,bash_other_list,[],sin_direccion,,bash_dir_agrega_y_quita,[]
380,1964,IgniteUI/igniteui-xplat-docs,.github/workflows/sync-jp-docs.md,network,False,,implicito,,[],,,,
380,1964,IgniteUI/igniteui-xplat-docs,.github/workflows/sync-jp-docs.md,permissions,True,"{""actions"": ""read"", ""contents"": ""read""}",modificado,permissions_resto,[],mas_permisivo,lectura,perm_lecturas_con_contents,[]
381,1965,alexandru/social-publish,.github/workflows/code-simplifier.md,strict,True,true,explicito_igual_default,strict_true,[],,,,
381,1965,alexandru/social-publish,.github/workflows/code-simplifier.md,tools.bash,False,,implicito,,[],,,,
381,1965,alexandru/social-publish,.github/workflows/code-simplifier.md,network,False,,implicito,,[],,,,
381,1965,alexandru/social-publish,.github/workflows/code-simplifier.md,permissions,True,"{""contents"": ""read"", ""issues"": ""read"", ""pull-requests"": ""read""}",modificado,permissions_resto,[],mas_permisivo,lectura,perm_lecturas_con_contents,[]
382,1966,pulumi/ci-mgmt,.github/workflows/gh-aw-pr-rereview.md,strict,True,true,explicito_igual_default,strict_true,[],,,,
382,1966,pulumi/ci-mgmt,.github/workflows/gh-aw-pr-rereview.md,tools.bash,False,,implicito,,[],,,,
382,1966,pulumi/ci-mgmt,.github/workflows/gh-aw-pr-rereview.md,network,False,,implicito,,[],,,,
382,1966,pulumi/ci-mgmt,.github/workflows/gh-aw-pr-rereview.md,permissions,True,"{""contents"": ""read"", ""id-token"": ""write"", ""pull-requests"": ""read""}",modificado,permissions_resto,[],mas_permisivo,autenticacion,perm_escritura_solo_autenticacion,[]
383,1967,pulumi/ci-mgmt,.github/workflows/gh-aw-pr-review.md,strict,True,true,explicito_igual_default,strict_true,[],,,,
383,1967,pulumi/ci-mgmt,.github/workflows/gh-aw-pr-review.md,tools.bash,False,,implicito,,[],,,,
383,1967,pulumi/ci-mgmt,.github/workflows/gh-aw-pr-review.md,network,False,,implicito,,[],,,,
383,1967,pulumi/ci-mgmt,.github/workflows/gh-aw-pr-review.md,permissions,True,"{""contents"": ""read"", ""id-token"": ""write"", ""pull-requests"": ""read""}",modificado,permissions_resto,[],mas_permisivo,autenticacion,perm_escritura_solo_autenticacion,[]
384,1972,CommunityToolkit/Aspire,.github/workflows/aspire-upgrade.md,strict,False,,implicito,,[],,,,
384,1972,CommunityToolkit/Aspire,.github/workflows/aspire-upgrade.md,tools.bash,True,true,modificado,bash_true,[],mas_permisivo,comandos,bash_dir_true,[]
384,1972,CommunityToolkit/Aspire,.github/workflows/aspire-upgrade.md,network,True,"{""allowed"": [""defaults"", ""dotnet""]}",modificado,network_resto,[],mas_permisivo,dominios,network_dir_defaults_mas_otros,[]
384,1972,CommunityToolkit/Aspire,.github/workflows/aspire-upgrade.md,permissions,True,"{""contents"": ""read"", ""issues"": ""read"", ""pull-requests"": ""read""}",modificado,permissions_resto,[],mas_permisivo,lectura,perm_lecturas_con_contents,[]
385,1975,popey/slomore,.github/workflows/repo-assist.md,strict,False,,implicito,,[],,,,
385,1975,popey/slomore,.github/workflows/repo-assist.md,tools.bash,True,true,modificado,bash_true,[],mas_permisivo,comandos,bash_dir_true,[]
385,1975,popey/slomore,.github/workflows/repo-assist.md,network,True,"{""allowed"": [""defaults"", ""dotnet"", ""node"", ""python"", ""rust"", ""java""]}",modificado,network_resto,[],mas_permisivo,dominios,network_dir_defaults_mas_otros,[]
385,1975,popey/slomore,.github/workflows/repo-assist.md,permissions,True,"""read-all""",modificado,permissions_read_all,[],mas_permisivo,lectura,perm_read_all,[]
386,1978,pydantic/pydantic-ai,.github/workflows/pydantic-ai-bug-hunter.md,strict,False,,implicito,,[],,,,
386,1978,pydantic/pydantic-ai,.github/workflows/pydantic-ai-bug-hunter.md,tools.bash,False,,implicito,,[],,,,
386,1978,pydantic/pydantic-ai,.github/workflows/pydantic-ai-bug-hunter.md,network,False,,implicito,,[],,,,
386,1978,pydantic/pydantic-ai,.github/workflows/pydantic-ai-bug-hunter.md,permissions,True,"{""contents"": ""read"", ""issues"": ""read"", ""pull-requests"": ""read""}",modificado,permissions_resto,[],mas_permisivo,lectura,perm_lecturas_con_contents,[]
387,1981,pydantic/pydantic-ai,.github/workflows/pydantic-ai-docs-drift.md,strict,False,,implicito,,[],,,,
387,1981,pydantic/pydantic-ai,.github/workflows/pydantic-ai-docs-drift.md,tools.bash,False,,implicito,,[],,,,
387,1981,pydantic/pydantic-ai,.github/workflows/pydantic-ai-docs-drift.md,network,False,,implicito,,[],,,,
387,1981,pydantic/pydantic-ai,.github/workflows/pydantic-ai-docs-drift.md,permissions,True,"{""contents"": ""read"", ""issues"": ""read"", ""pull-requests"": ""read""}",modificado,permissions_resto,[],mas_permisivo,lectura,perm_lecturas_con_contents,[]
388,1984,pydantic/pydantic-ai,.github/workflows/pydantic-ai-pr-review.md,strict,False,,implicito,,[],,,,
388,1984,pydantic/pydantic-ai,.github/workflows/pydantic-ai-pr-review.md,tools.bash,False,,implicito,,[],,,,
388,1984,pydantic/pydantic-ai,.github/workflows/pydantic-ai-pr-review.md,network,False,,implicito,,[],,,,
388,1984,pydantic/pydantic-ai,.github/workflows/pydantic-ai-pr-review.md,permissions,True,"{""contents"": ""read"", ""issues"": ""read"", ""pull-requests"": ""read""}",modificado,permissions_resto,[],mas_permisivo,lectura,perm_lecturas_con_contents,[]
389,1987,pydantic/pydantic-ai,.github/workflows/pydantic-ai-provider-mapping-sweep.md,strict,False,,implicito,,[],,,,
389,1987,pydantic/pydantic-ai,.github/workflows/pydantic-ai-provider-mapping-sweep.md,tools.bash,False,,implicito,,[],,,,
389,1987,pydantic/pydantic-ai,.github/workflows/pydantic-ai-provider-mapping-sweep.md,network,False,,implicito,,[],,,,
389,1987,pydantic/pydantic-ai,.github/workflows/pydantic-ai-provider-mapping-sweep.md,permissions,True,"{""contents"": ""read"", ""issues"": ""read"", ""pull-requests"": ""read""}",modificado,permissions_resto,[],mas_permisivo,lectura,perm_lecturas_con_contents,[]
390,1990,pydantic/pydantic-ai,.github/workflows/pydantic-ai-provider-parity-explore.md,strict,False,,implicito,,[],,,,
390,1990,pydantic/pydantic-ai,.github/workflows/pydantic-ai-provider-parity-explore.md,tools.bash,False,,implicito,,[],,,,
390,1990,pydantic/pydantic-ai,.github/workflows/pydantic-ai-provider-parity-explore.md,network,False,,implicito,,[],,,,
390,1990,pydantic/pydantic-ai,.github/workflows/pydantic-ai-provider-parity-explore.md,permissions,True,"{""contents"": ""read"", ""issues"": ""read"", ""pull-requests"": ""read""}",modificado,permissions_resto,[],mas_permisivo,lectura,perm_lecturas_con_contents,[]
391,1993,pydantic/pydantic-ai,.github/workflows/pydantic-ai-regression-detector.md,strict,False,,implicito,,[],,,,
391,1993,pydantic/pydantic-ai,.github/workflows/pydantic-ai-regression-detector.md,tools.bash,False,,implicito,,[],,,,
391,1993,pydantic/pydantic-ai,.github/workflows/pydantic-ai-regression-detector.md,network,False,,implicito,,[],,,,
391,1993,pydantic/pydantic-ai,.github/workflows/pydantic-ai-regression-detector.md,permissions,True,"{""contents"": ""read"", ""issues"": ""read"", ""pull-requests"": ""read""}",modificado,permissions_resto,[],mas_permisivo,lectura,perm_lecturas_con_contents,[]
392,1996,pydantic/pydantic-ai,.github/workflows/pydantic-ai-roundtrip-sweep.md,strict,False,,implicito,,[],,,,
392,1996,pydantic/pydantic-ai,.github/workflows/pydantic-ai-roundtrip-sweep.md,tools.bash,False,,implicito,,[],,,,
392,1996,pydantic/pydantic-ai,.github/workflows/pydantic-ai-roundtrip-sweep.md,network,False,,implicito,,[],,,,
392,1996,pydantic/pydantic-ai,.github/workflows/pydantic-ai-roundtrip-sweep.md,permissions,True,"{""contents"": ""read"", ""issues"": ""read"", ""pull-requests"": ""read""}",modificado,permissions_resto,[],mas_permisivo,lectura,perm_lecturas_con_contents,[]
393,1998,pydantic/pydantic-ai,.github/workflows/pydantic-ai-stale-issues-finder.md,strict,False,,implicito,,[],,,,
393,1998,pydantic/pydantic-ai,.github/workflows/pydantic-ai-stale-issues-finder.md,tools.bash,False,,implicito,,[],,,,
393,1998,pydantic/pydantic-ai,.github/workflows/pydantic-ai-stale-issues-finder.md,network,True,"{""allowed"": [""defaults"", ""python"", ""api.minimax.io""]}",modificado,network_resto,[],mas_permisivo,dominios,network_dir_defaults_mas_otros,[]
393,1998,pydantic/pydantic-ai,.github/workflows/pydantic-ai-stale-issues-finder.md,permissions,True,"{""contents"": ""read"", ""issues"": ""read"", ""pull-requests"": ""read""}",modificado,permissions_resto,[],mas_permisivo,lectura,perm_lecturas_con_contents,[]
394,2001,pydantic/pydantic-ai,.github/workflows/pydantic-ai-streaming-resilience-sweep.md,strict,False,,implicito,,[],,,,
394,2001,pydantic/pydantic-ai,.github/workflows/pydantic-ai-streaming-resilience-sweep.md,tools.bash,False,,implicito,,[],,,,
394,2001,pydantic/pydantic-ai,.github/workflows/pydantic-ai-streaming-resilience-sweep.md,network,False,,implicito,,[],,,,
394,2001,pydantic/pydantic-ai,.github/workflows/pydantic-ai-streaming-resilience-sweep.md,permissions,True,"{""contents"": ""read"", ""issues"": ""read"", ""pull-requests"": ""read""}",modificado,permissions_resto,[],mas_permisivo,lectura,perm_lecturas_con_contents,[]
395,2008,pydantic/pydantic-ai,.github/workflows/pydantic-ai-ui-security-review.md,strict,False,,implicito,,[],,,,
395,2008,pydantic/pydantic-ai,.github/workflows/pydantic-ai-ui-security-review.md,tools.bash,False,,implicito,,[],,,,
395,2008,pydantic/pydantic-ai,.github/workflows/pydantic-ai-ui-security-review.md,network,False,,implicito,,[],,,,
395,2008,pydantic/pydantic-ai,.github/workflows/pydantic-ai-ui-security-review.md,permissions,True,"{""contents"": ""read"", ""issues"": ""read"", ""pull-requests"": ""read""}",modificado,permissions_resto,[],mas_permisivo,lectura,perm_lecturas_con_contents,[]
396,2012,moeru-ai/airi,.github/workflows/pr-triage.md,strict,False,,implicito,,[],,,,
396,2012,moeru-ai/airi,.github/workflows/pr-triage.md,tools.bash,False,,implicito,,[],,,,
396,2012,moeru-ai/airi,.github/workflows/pr-triage.md,network,True,"""defaults""",explicito_igual_default,network_defaults,[],,,,
396,2012,moeru-ai/airi,.github/workflows/pr-triage.md,permissions,True,"{""contents"": ""read"", ""issues"": ""read"", ""pull-requests"": ""read""}",modificado,permissions_resto,[],mas_permisivo,lectura,perm_lecturas_con_contents,[]
397,2016,popey/grummage,.github/workflows/repo-assist.md,strict,False,,implicito,,[],,,,
397,2016,popey/grummage,.github/workflows/repo-assist.md,tools.bash,True,true,modificado,bash_true,[],mas_permisivo,comandos,bash_dir_true,[]
397,2016,popey/grummage,.github/workflows/repo-assist.md,network,True,"{""allowed"": [""defaults"", ""dotnet"", ""node"", ""python"", ""rust"", ""java""]}",modificado,network_resto,[],mas_permisivo,dominios,network_dir_defaults_mas_otros,[]
397,2016,popey/grummage,.github/workflows/repo-assist.md,permissions,True,"""read-all""",modificado,permissions_read_all,[],mas_permisivo,lectura,perm_read_all,[]
398,2017,bob-collective/bob,.github/workflows/openapi-docs-sync.md,strict,False,,implicito,,[],,,,
398,2017,bob-collective/bob,.github/workflows/openapi-docs-sync.md,tools.bash,False,,implicito,,[],,,,
398,2017,bob-collective/bob,.github/workflows/openapi-docs-sync.md,network,False,,implicito,,[],,,,
398,2017,bob-collective/bob,.github/workflows/openapi-docs-sync.md,permissions,True,"""read-all""",modificado,permissions_read_all,[],mas_permisivo,lectura,perm_read_all,[]
399,2021,dotnet/macios,.github/workflows/ci-postmortem.md,strict,False,,implicito,,[],,,,
399,2021,dotnet/macios,.github/workflows/ci-postmortem.md,tools.bash,False,,implicito,,[],,,,
399,2021,dotnet/macios,.github/workflows/ci-postmortem.md,network,True,"{""allowed"": [""defaults"", ""dotnet"", ""github"", ""aka.ms"", ""dev.azure.com"", ""devdiv.visualstudio.com"", ""microsoft.com"", ""vsassets.io""]}",modificado,network_resto,[],mas_permisivo,dominios,network_dir_defaults_mas_otros,[]
399,2021,dotnet/macios,.github/workflows/ci-postmortem.md,permissions,True,"{""contents"": ""read"", ""issues"": ""read""}",modificado,permissions_resto,[],mas_permisivo,lectura,perm_lecturas_con_contents,[]
400,2035,dotnet/macios,.github/workflows/code-radiator.md,strict,False,,implicito,,[],,,,
400,2035,dotnet/macios,.github/workflows/code-radiator.md,tools.bash,True,true,modificado,bash_true,[],mas_permisivo,comandos,bash_dir_true,[]
400,2035,dotnet/macios,.github/workflows/code-radiator.md,network,True,"{""allowed"": [""defaults"", ""github""]}",modificado,network_resto,[],mas_permisivo,dominios,network_dir_defaults_mas_otros,[]
400,2035,dotnet/macios,.github/workflows/code-radiator.md,permissions,True,"{""contents"": ""read"", ""pull-requests"": ""read""}",modificado,permissions_resto,[],mas_permisivo,lectura,perm_lecturas_con_contents,[]
401,2041,dotnet/macios,.github/workflows/macios-reviewer.md,strict,False,,implicito,,[],,,,
401,2041,dotnet/macios,.github/workflows/macios-reviewer.md,tools.bash,False,,implicito,,[],,,,
401,2041,dotnet/macios,.github/workflows/macios-reviewer.md,network,True,"{""allowed"": [""defaults"", ""dotnet"", ""github"", ""aka.ms"", ""dev.azure.com"", ""microsoft.com"", ""vsassets.io""]}",modificado,network_resto,[],mas_permisivo,dominios,network_dir_defaults_mas_otros,[]
401,2041,dotnet/macios,.github/workflows/macios-reviewer.md,permissions,True,"{""contents"": ""read"", ""pull-requests"": ""read""}",modificado,permissions_resto,[],mas_permisivo,lectura,perm_lecturas_con_contents,[]
402,2043,ZSWatch/ZSWatch,.github/workflows/docs-pr-analyze.md,strict,False,,implicito,,[],,,,
402,2043,ZSWatch/ZSWatch,.github/workflows/docs-pr-analyze.md,tools.bash,False,,implicito,,[],,,,
402,2043,ZSWatch/ZSWatch,.github/workflows/docs-pr-analyze.md,network,False,,implicito,,[],,,,
402,2043,ZSWatch/ZSWatch,.github/workflows/docs-pr-analyze.md,permissions,True,"{""contents"": ""read""}",explicito_igual_default,permissions_contents_read,[],,,,
403,2044,pulumi/pulumi-okta,.github/workflows/gh-aw-pr-rereview.md,strict,True,true,explicito_igual_default,strict_true,[],,,,
403,2044,pulumi/pulumi-okta,.github/workflows/gh-aw-pr-rereview.md,tools.bash,False,,implicito,,[],,,,
403,2044,pulumi/pulumi-okta,.github/workflows/gh-aw-pr-rereview.md,network,False,,implicito,,[],,,,
403,2044,pulumi/pulumi-okta,.github/workflows/gh-aw-pr-rereview.md,permissions,True,"{""contents"": ""read"", ""id-token"": ""write"", ""pull-requests"": ""read""}",modificado,permissions_resto,[],mas_permisivo,autenticacion,perm_escritura_solo_autenticacion,[]
404,2045,pulumi/pulumi-okta,.github/workflows/gh-aw-pr-review.md,strict,True,true,explicito_igual_default,strict_true,[],,,,
404,2045,pulumi/pulumi-okta,.github/workflows/gh-aw-pr-review.md,tools.bash,False,,implicito,,[],,,,
404,2045,pulumi/pulumi-okta,.github/workflows/gh-aw-pr-review.md,network,False,,implicito,,[],,,,
404,2045,pulumi/pulumi-okta,.github/workflows/gh-aw-pr-review.md,permissions,True,"{""contents"": ""read"", ""id-token"": ""write"", ""pull-requests"": ""read""}",modificado,permissions_resto,[],mas_permisivo,autenticacion,perm_escritura_solo_autenticacion,[]
405,2046,elastic/opentelemetry-collector-components,.github/workflows/pr-review.md,strict,True,false,modificado,strict_resto,[],mas_permisivo,restricciones del modo estricto,strict_dir_false,[]
405,2046,elastic/opentelemetry-collector-components,.github/workflows/pr-review.md,tools.bash,True,true,modificado,bash_true,[],mas_permisivo,comandos,bash_dir_true,[]
405,2046,elastic/opentelemetry-collector-components,.github/workflows/pr-review.md,network,True,"{""allowed"": [""defaults"", ""github"", ""agents-md-generator.fastmcp.app"", ""public-code-search.fastmcp.app""]}",modificado,network_resto,[],mas_permisivo,dominios,network_dir_defaults_mas_otros,[]
405,2046,elastic/opentelemetry-collector-components,.github/workflows/pr-review.md,permissions,True,"{""contents"": ""read"", ""pull-requests"": ""read""}",modificado,permissions_resto,[],mas_permisivo,lectura,perm_lecturas_con_contents,[]
406,2049,svenjacobs/lokksmith,.github/workflows/update-dependency-matrix.md,strict,False,,implicito,,[],,,,
406,2049,svenjacobs/lokksmith,.github/workflows/update-dependency-matrix.md,tools.bash,False,,implicito,,[],,,,
406,2049,svenjacobs/lokksmith,.github/workflows/update-dependency-matrix.md,network,True,"""defaults""",explicito_igual_default,network_defaults,[],,,,
406,2049,svenjacobs/lokksmith,.github/workflows/update-dependency-matrix.md,permissions,True,"{""contents"": ""read"", ""pull-requests"": ""read""}",modificado,permissions_resto,[],mas_permisivo,lectura,perm_lecturas_con_contents,[]
407,2051,czlonkowski/n8n-mcp,.github/workflows/issue-triage.md,strict,False,,implicito,,[],,,,
407,2051,czlonkowski/n8n-mcp,.github/workflows/issue-triage.md,tools.bash,False,,implicito,,[],,,,
407,2051,czlonkowski/n8n-mcp,.github/workflows/issue-triage.md,network,True,"""defaults""",explicito_igual_default,network_defaults,[],,,,
407,2051,czlonkowski/n8n-mcp,.github/workflows/issue-triage.md,permissions,True,"{""contents"": ""read"", ""issues"": ""read"", ""pull-requests"": ""read""}",modificado,permissions_resto,[],mas_permisivo,lectura,perm_lecturas_con_contents,[]
408,2055,github/awesome-copilot,.github/workflows/cli-for-beginners-sync.md,strict,False,,implicito,,[],,,,
408,2055,github/awesome-copilot,.github/workflows/cli-for-beginners-sync.md,tools.bash,False,,implicito,,[],,,,
408,2055,github/awesome-copilot,.github/workflows/cli-for-beginners-sync.md,network,False,,implicito,,[],,,,
408,2055,github/awesome-copilot,.github/workflows/cli-for-beginners-sync.md,permissions,True,"{""contents"": ""read""}",explicito_igual_default,permissions_contents_read,[],,,,
409,2061,github/awesome-copilot,.github/workflows/codeowner-update.md,strict,False,,implicito,,[],,,,
409,2061,github/awesome-copilot,.github/workflows/codeowner-update.md,tools.bash,False,,implicito,,[],,,,
409,2061,github/awesome-copilot,.github/workflows/codeowner-update.md,network,False,,implicito,,[],,,,
409,2061,github/awesome-copilot,.github/workflows/codeowner-update.md,permissions,True,"{""contents"": ""read"", ""issues"": ""read"", ""pull-requests"": ""read""}",modificado,permissions_resto,[],mas_permisivo,lectura,perm_lecturas_con_contents,[]
410,2063,github/awesome-copilot,.github/workflows/duplicate-resource-detector.md,strict,False,,implicito,,[],,,,
410,2063,github/awesome-copilot,.github/workflows/duplicate-resource-detector.md,tools.bash,False,,implicito,,[],,,,
410,2063,github/awesome-copilot,.github/workflows/duplicate-resource-detector.md,network,False,,implicito,,[],,,,
410,2063,github/awesome-copilot,.github/workflows/duplicate-resource-detector.md,permissions,True,"{""contents"": ""read"", ""issues"": ""read""}",modificado,permissions_resto,[],mas_permisivo,lectura,perm_lecturas_con_contents,[]
411,2068,github/awesome-copilot,.github/workflows/learning-hub-updater.md,strict,False,,implicito,,[],,,,
411,2068,github/awesome-copilot,.github/workflows/learning-hub-updater.md,tools.bash,True,"[""curl"", ""gh""]",modificado,bash_other_list,[],sin_direccion,,bash_dir_agrega_y_quita,[]
411,2068,github/awesome-copilot,.github/workflows/learning-hub-updater.md,network,False,,implicito,,[],,,,
411,2068,github/awesome-copilot,.github/workflows/learning-hub-updater.md,permissions,True,"{""contents"": ""read""}",explicito_igual_default,permissions_contents_read,[],,,,
412,2071,github/awesome-copilot,.github/workflows/pr-duplicate-check.md,strict,False,,implicito,,[],,,,
412,2071,github/awesome-copilot,.github/workflows/pr-duplicate-check.md,tools.bash,False,,implicito,,[],,,,
412,2071,github/awesome-copilot,.github/workflows/pr-duplicate-check.md,network,False,,implicito,,[],,,,
412,2071,github/awesome-copilot,.github/workflows/pr-duplicate-check.md,permissions,True,"{""contents"": ""read"", ""pull-requests"": ""read""}",modificado,permissions_resto,[],mas_permisivo,lectura,perm_lecturas_con_contents,[]
413,2073,github/awesome-copilot,.github/workflows/resource-staleness-report.md,strict,False,,implicito,,[],,,,
413,2073,github/awesome-copilot,.github/workflows/resource-staleness-report.md,tools.bash,False,,implicito,,[],,,,
413,2073,github/awesome-copilot,.github/workflows/resource-staleness-report.md,network,False,,implicito,,[],,,,
413,2073,github/awesome-copilot,.github/workflows/resource-staleness-report.md,permissions,True,"{""contents"": ""read""}",explicito_igual_default,permissions_contents_read,[],,,,
414,2074,pulumi/pulumi-cloudinit,.github/workflows/gh-aw-pr-rereview.md,strict,True,true,explicito_igual_default,strict_true,[],,,,
414,2074,pulumi/pulumi-cloudinit,.github/workflows/gh-aw-pr-rereview.md,tools.bash,False,,implicito,,[],,,,
414,2074,pulumi/pulumi-cloudinit,.github/workflows/gh-aw-pr-rereview.md,network,False,,implicito,,[],,,,
414,2074,pulumi/pulumi-cloudinit,.github/workflows/gh-aw-pr-rereview.md,permissions,True,"{""contents"": ""read"", ""id-token"": ""write"", ""pull-requests"": ""read""}",modificado,permissions_resto,[],mas_permisivo,autenticacion,perm_escritura_solo_autenticacion,[]
415,2075,pulumi/pulumi-cloudinit,.github/workflows/gh-aw-pr-review.md,strict,True,true,explicito_igual_default,strict_true,[],,,,
415,2075,pulumi/pulumi-cloudinit,.github/workflows/gh-aw-pr-review.md,tools.bash,False,,implicito,,[],,,,
415,2075,pulumi/pulumi-cloudinit,.github/workflows/gh-aw-pr-review.md,network,False,,implicito,,[],,,,
415,2075,pulumi/pulumi-cloudinit,.github/workflows/gh-aw-pr-review.md,permissions,True,"{""contents"": ""read"", ""id-token"": ""write"", ""pull-requests"": ""read""}",modificado,permissions_resto,[],mas_permisivo,autenticacion,perm_escritura_solo_autenticacion,[]
416,2076,pulumi/pulumi-fastly,.github/workflows/gh-aw-pr-rereview.md,strict,True,true,explicito_igual_default,strict_true,[],,,,
416,2076,pulumi/pulumi-fastly,.github/workflows/gh-aw-pr-rereview.md,tools.bash,False,,implicito,,[],,,,
416,2076,pulumi/pulumi-fastly,.github/workflows/gh-aw-pr-rereview.md,network,False,,implicito,,[],,,,
416,2076,pulumi/pulumi-fastly,.github/workflows/gh-aw-pr-rereview.md,permissions,True,"{""contents"": ""read"", ""id-token"": ""write"", ""pull-requests"": ""read""}",modificado,permissions_resto,[],mas_permisivo,autenticacion,perm_escritura_solo_autenticacion,[]
417,2077,pulumi/pulumi-fastly,.github/workflows/gh-aw-pr-review.md,strict,True,true,explicito_igual_default,strict_true,[],,,,
417,2077,pulumi/pulumi-fastly,.github/workflows/gh-aw-pr-review.md,tools.bash,False,,implicito,,[],,,,
417,2077,pulumi/pulumi-fastly,.github/workflows/gh-aw-pr-review.md,network,False,,implicito,,[],,,,
417,2077,pulumi/pulumi-fastly,.github/workflows/gh-aw-pr-review.md,permissions,True,"{""contents"": ""read"", ""id-token"": ""write"", ""pull-requests"": ""read""}",modificado,permissions_resto,[],mas_permisivo,autenticacion,perm_escritura_solo_autenticacion,[]
418,2079,microsoft/wassette,.github/workflows/changelog-fragment.md,strict,False,,implicito,,[],,,,
418,2079,microsoft/wassette,.github/workflows/changelog-fragment.md,tools.bash,True,"["":*""]",modificado,bash_other_list,[],mas_permisivo,comandos,bash_dir_comodin_total,[]
418,2079,microsoft/wassette,.github/workflows/changelog-fragment.md,network,False,,implicito,,[],,,,
418,2079,microsoft/wassette,.github/workflows/changelog-fragment.md,permissions,True,"{""actions"": ""read"", ""contents"": ""read"", ""issues"": ""read"", ""pull-requests"": ""read""}",modificado,permissions_resto,[],mas_permisivo,lectura,perm_lecturas_con_contents,[]
419,2080,microsoft/wassette,.github/workflows/changelog-pr-link.md,strict,False,,implicito,,[],,,,
419,2080,microsoft/wassette,.github/workflows/changelog-pr-link.md,tools.bash,True,"["":*""]",modificado,bash_other_list,[],mas_permisivo,comandos,bash_dir_comodin_total,[]
419,2080,microsoft/wassette,.github/workflows/changelog-pr-link.md,network,False,,implicito,,[],,,,
419,2080,microsoft/wassette,.github/workflows/changelog-pr-link.md,permissions,True,"{""actions"": ""read"", ""contents"": ""read"", ""pull-requests"": ""read""}",modificado,permissions_resto,[],mas_permisivo,lectura,perm_lecturas_con_contents,[]
420,2081,microsoft/wassette,.github/workflows/ci-doctor.md,strict,False,,implicito,,[],,,,
420,2081,microsoft/wassette,.github/workflows/ci-doctor.md,tools.bash,False,,implicito,,[],,,,
420,2081,microsoft/wassette,.github/workflows/ci-doctor.md,network,True,"""defaults""",explicito_igual_default,network_defaults,[],,,,
420,2081,microsoft/wassette,.github/workflows/ci-doctor.md,permissions,True,"""read-all""",modificado,permissions_read_all,[],mas_permisivo,lectura,perm_read_all,[]
421,2083,microsoft/wassette,.github/workflows/issue-triage.md,strict,False,,implicito,,[],,,,
421,2083,microsoft/wassette,.github/workflows/issue-triage.md,tools.bash,True,"["":*""]",modificado,bash_other_list,[],mas_permisivo,comandos,bash_dir_comodin_total,[]
421,2083,microsoft/wassette,.github/workflows/issue-triage.md,network,True,"""defaults""",explicito_igual_default,network_defaults,[],,,,
421,2083,microsoft/wassette,.github/workflows/issue-triage.md,permissions,True,"""read-all""",modificado,permissions_read_all,[],mas_permisivo,lectura,perm_read_all,[]
422,2084,microsoft/wassette,.github/workflows/plan.md,strict,True,true,explicito_igual_default,strict_true,[],,,,
422,2084,microsoft/wassette,.github/workflows/plan.md,tools.bash,False,,implicito,,[],,,,
422,2084,microsoft/wassette,.github/workflows/plan.md,network,False,,implicito,,[],,,,
422,2084,microsoft/wassette,.github/workflows/plan.md,permissions,True,"{""actions"": ""read"", ""contents"": ""read"", ""issues"": ""read"", ""pull-requests"": ""read""}",modificado,permissions_resto,[],mas_permisivo,lectura,perm_lecturas_con_contents,[]
423,2086,microsoft/wassette,.github/workflows/pr-triage.md,strict,False,,implicito,,[],,,,
423,2086,microsoft/wassette,.github/workflows/pr-triage.md,tools.bash,True,"["":*""]",modificado,bash_other_list,[],mas_permisivo,comandos,bash_dir_comodin_total,[]
423,2086,microsoft/wassette,.github/workflows/pr-triage.md,network,False,,implicito,,[],,,,
423,2086,microsoft/wassette,.github/workflows/pr-triage.md,permissions,True,"""read-all""",modificado,permissions_read_all,[],mas_permisivo,lectura,perm_read_all,[]
424,2087,microsoft/wassette,.github/workflows/release-doctor.md,strict,False,,implicito,,[],,,,
424,2087,microsoft/wassette,.github/workflows/release-doctor.md,tools.bash,False,,implicito,,[],,,,
424,2087,microsoft/wassette,.github/workflows/release-doctor.md,network,True,"""defaults""",explicito_igual_default,network_defaults,[],,,,
424,2087,microsoft/wassette,.github/workflows/release-doctor.md,permissions,True,"{""actions"": ""read"", ""contents"": ""read"", ""issues"": ""write"", ""pull-requests"": ""read""}",modificado,permissions_resto,[],mas_permisivo,escritura,perm_escritura_repo,[]
425,2088,microsoft/wassette,.github/workflows/scout.md,strict,True,true,explicito_igual_default,strict_true,[],,,,
425,2088,microsoft/wassette,.github/workflows/scout.md,tools.bash,False,,implicito,,[],,,,
425,2088,microsoft/wassette,.github/workflows/scout.md,network,False,,implicito,,[],,,,
425,2088,microsoft/wassette,.github/workflows/scout.md,permissions,True,"{""actions"": ""read"", ""contents"": ""read""}",modificado,permissions_resto,[],mas_permisivo,lectura,perm_lecturas_con_contents,[]
426,2089,kaito-project/aikit,.github/workflows/daily-test-improver.md,strict,False,,implicito,,[],,,,
426,2089,kaito-project/aikit,.github/workflows/daily-test-improver.md,tools.bash,True,"["":*""]",modificado,bash_other_list,[],mas_permisivo,comandos,bash_dir_comodin_total,[]
426,2089,kaito-project/aikit,.github/workflows/daily-test-improver.md,network,True,"""defaults""",explicito_igual_default,network_defaults,[],,,,
426,2089,kaito-project/aikit,.github/workflows/daily-test-improver.md,permissions,True,"{""all"": ""read"", ""id-token"": ""write""}",modificado,permissions_resto,[],mas_permisivo,autenticacion,perm_escritura_solo_autenticacion,[]
427,2091,kaito-project/aikit,.github/workflows/issue-triage.md,strict,False,,implicito,,[],,,,
427,2091,kaito-project/aikit,.github/workflows/issue-triage.md,tools.bash,False,,implicito,,[],,,,
427,2091,kaito-project/aikit,.github/workflows/issue-triage.md,network,True,"""defaults""",explicito_igual_default,network_defaults,[],,,,
427,2091,kaito-project/aikit,.github/workflows/issue-triage.md,permissions,True,"""read-all""",modificado,permissions_read_all,[],mas_permisivo,lectura,perm_read_all,[]
428,2092,Azure/AppConfiguration-KubernetesProvider,.github/workflows/issue-triage.md,strict,False,,implicito,,[],,,,
428,2092,Azure/AppConfiguration-KubernetesProvider,.github/workflows/issue-triage.md,tools.bash,False,,implicito,,[],,,,
428,2092,Azure/AppConfiguration-KubernetesProvider,.github/workflows/issue-triage.md,network,False,,implicito,,[],,,,
428,2092,Azure/AppConfiguration-KubernetesProvider,.github/workflows/issue-triage.md,permissions,True,"{""contents"": ""read"", ""issues"": ""read"", ""pull-requests"": ""read""}",modificado,permissions_resto,[],mas_permisivo,lectura,perm_lecturas_con_contents,[]
429,2101,githubnext/agentics,.github/workflows/daily-repo-goals.md,strict,False,,implicito,,[],,,,
429,2101,githubnext/agentics,.github/workflows/daily-repo-goals.md,tools.bash,True,true,modificado,bash_true,[],mas_permisivo,comandos,bash_dir_true,[]
429,2101,githubnext/agentics,.github/workflows/daily-repo-goals.md,network,True,"""defaults""",explicito_igual_default,network_defaults,[],,,,
429,2101,githubnext/agentics,.github/workflows/daily-repo-goals.md,permissions,True,"{""actions"": ""read"", ""contents"": ""read"", ""copilot-requests"": ""write"", ""discussions"": ""read"", ""issues"": ""read"", ""pull-requests"": ""read"", ""security-events"": ""read""}",modificado,permissions_resto,[],mas_permisivo,autenticacion,perm_escritura_solo_autenticacion,[]
430,2111,githubnext/agentics,.github/workflows/daily-workflow-sync.md,strict,False,,implicito,,[],,,,
430,2111,githubnext/agentics,.github/workflows/daily-workflow-sync.md,tools.bash,True,"[""*""]",modificado,bash_other_list,[],mas_permisivo,comandos,bash_dir_comodin_total,[]
430,2111,githubnext/agentics,.github/workflows/daily-workflow-sync.md,network,True,"{""allowed"": [""node"", ""github""]}",modificado,network_resto,[],sin_direccion,,network_dir_sin_defaults,[]
430,2111,githubnext/agentics,.github/workflows/daily-workflow-sync.md,permissions,True,"{""contents"": ""read"", ""copilot-requests"": ""write"", ""issues"": ""read"", ""pull-requests"": ""read""}",modificado,permissions_resto,[],mas_permisivo,autenticacion,perm_escritura_solo_autenticacion,[]
431,2118,githubnext/agentics,.github/workflows/import-workflow.md,strict,False,,implicito,,[],,,,
431,2118,githubnext/agentics,.github/workflows/import-workflow.md,tools.bash,True,true,modificado,bash_true,[],mas_permisivo,comandos,bash_dir_true,[]
431,2118,githubnext/agentics,.github/workflows/import-workflow.md,network,True,"""defaults""",explicito_igual_default,network_defaults,[],,,,
431,2118,githubnext/agentics,.github/workflows/import-workflow.md,permissions,True,"{""actions"": ""read"", ""contents"": ""read"", ""copilot-requests"": ""write"", ""discussions"": ""read"", ""issues"": ""read"", ""pull-requests"": ""read"", ""security-events"": ""read""}",modificado,permissions_resto,[],mas_permisivo,autenticacion,perm_escritura_solo_autenticacion,[]
432,2124,githubnext/agentics,.github/workflows/link-checker.md,strict,False,,implicito,,[],,,,
432,2124,githubnext/agentics,.github/workflows/link-checker.md,tools.bash,False,,implicito,,[],,,,
432,2124,githubnext/agentics,.github/workflows/link-checker.md,network,True,"{""allowed"": [""node"", ""python"", ""github""]}",modificado,network_resto,[],sin_direccion,,network_dir_sin_defaults,[]
432,2124,githubnext/agentics,.github/workflows/link-checker.md,permissions,True,"{""contents"": ""read"", ""copilot-requests"": ""write"", ""issues"": ""read"", ""pull-requests"": ""read""}",modificado,permissions_resto,[],mas_permisivo,autenticacion,perm_escritura_solo_autenticacion,[]
433,2136,githubnext/agentics,.github/workflows/maintainer.md,strict,False,,implicito,,[],,,,
433,2136,githubnext/agentics,.github/workflows/maintainer.md,tools.bash,True,"[""*""]",modificado,bash_other_list,[],mas_permisivo,comandos,bash_dir_comodin_total,[]
433,2136,githubnext/agentics,.github/workflows/maintainer.md,network,True,"""defaults""",explicito_igual_default,network_defaults,[],,,,
433,2136,githubnext/agentics,.github/workflows/maintainer.md,permissions,True,"{""contents"": ""read"", ""copilot-requests"": ""write"", ""issues"": ""read"", ""pull-requests"": ""read""}",modificado,permissions_resto,[],mas_permisivo,autenticacion,perm_escritura_solo_autenticacion,[]
434,2138,microsoft/mcp,.github/workflows/doc-gap-detector.md,strict,False,,implicito,,[],,,,
434,2138,microsoft/mcp,.github/workflows/doc-gap-detector.md,tools.bash,False,,implicito,,[],,,,
434,2138,microsoft/mcp,.github/workflows/doc-gap-detector.md,network,True,"{""allowed"": [""defaults"", ""github""]}",modificado,network_resto,[],mas_permisivo,dominios,network_dir_defaults_mas_otros,[]
434,2138,microsoft/mcp,.github/workflows/doc-gap-detector.md,permissions,True,"{""contents"": ""read"", ""issues"": ""read"", ""pull-requests"": ""read""}",modificado,permissions_resto,[],mas_permisivo,lectura,perm_lecturas_con_contents,[]
435,2140,MiguelElGallo/mpzsql,.github/workflows/code-simplifier.md,strict,True,true,explicito_igual_default,strict_true,[],,,,
435,2140,MiguelElGallo/mpzsql,.github/workflows/code-simplifier.md,tools.bash,False,,implicito,,[],,,,
435,2140,MiguelElGallo/mpzsql,.github/workflows/code-simplifier.md,network,False,,implicito,,[],,,,
435,2140,MiguelElGallo/mpzsql,.github/workflows/code-simplifier.md,permissions,True,"{""contents"": ""read"", ""issues"": ""read"", ""pull-requests"": ""read""}",modificado,permissions_resto,[],mas_permisivo,lectura,perm_lecturas_con_contents,[]
436,2145,fideus-labs/ngff-zarr,.github/workflows/daily-doc-updater.md,strict,True,true,explicito_igual_default,strict_true,[],,,,
436,2145,fideus-labs/ngff-zarr,.github/workflows/daily-doc-updater.md,tools.bash,True,"[""find docs -name \""*.md\"" -o -name \""*.mdx\"""", ""find docs -maxdepth 1 -ls"", ""find docs -name \""*.md\"" -exec cat {} +"", ""grep -r \""*\"" docs"", ""git"", ""find pkg/parser/schemas -name \""*.json\"""", ""cat pkg/parser/schemas/*.json""]",modificado,bash_other_list,[],sin_direccion,,bash_dir_agrega_y_quita,[]
436,2145,fideus-labs/ngff-zarr,.github/workflows/daily-doc-updater.md,network,True,"{""allowed"": [""defaults"", ""github""]}",modificado,network_resto,[],mas_permisivo,dominios,network_dir_defaults_mas_otros,[]
436,2145,fideus-labs/ngff-zarr,.github/workflows/daily-doc-updater.md,permissions,True,"{""contents"": ""read"", ""issues"": ""read"", ""pull-requests"": ""read""}",modificado,permissions_resto,[],mas_permisivo,lectura,perm_lecturas_con_contents,[]
437,2151,fideus-labs/ngff-zarr,.github/workflows/daily-repo-status.md,strict,False,,implicito,,[],,,,
437,2151,fideus-labs/ngff-zarr,.github/workflows/daily-repo-status.md,tools.bash,False,,implicito,,[],,,,
437,2151,fideus-labs/ngff-zarr,.github/workflows/daily-repo-status.md,network,True,"""defaults""",explicito_igual_default,network_defaults,[],,,,
437,2151,fideus-labs/ngff-zarr,.github/workflows/daily-repo-status.md,permissions,True,"{""contents"": ""read"", ""issues"": ""read"", ""pull-requests"": ""read""}",modificado,permissions_resto,[],mas_permisivo,lectura,perm_lecturas_con_contents,[]
438,2154,tosin2013/mcp-adr-analysis-server,.github/workflows/ai-executor-integration.md,strict,False,,implicito,,[],,,,
438,2154,tosin2013/mcp-adr-analysis-server,.github/workflows/ai-executor-integration.md,tools.bash,True,true,modificado,bash_true,[],mas_permisivo,comandos,bash_dir_true,[]
438,2154,tosin2013/mcp-adr-analysis-server,.github/workflows/ai-executor-integration.md,network,True,"{""allowed"": [""defaults"", ""node""]}",modificado,network_resto,[],mas_permisivo,dominios,network_dir_defaults_mas_otros,[]
438,2154,tosin2013/mcp-adr-analysis-server,.github/workflows/ai-executor-integration.md,permissions,True,"{""issues"": ""read"", ""pull-requests"": ""read""}",modificado,permissions_resto,[],sin_direccion,,perm_lecturas_sin_contents,[]
439,2155,tosin2013/mcp-adr-analysis-server,.github/workflows/ai-release-notes-agent.md,strict,False,,implicito,,[],,,,
439,2155,tosin2013/mcp-adr-analysis-server,.github/workflows/ai-release-notes-agent.md,tools.bash,True,true,modificado,bash_true,[],mas_permisivo,comandos,bash_dir_true,[]
439,2155,tosin2013/mcp-adr-analysis-server,.github/workflows/ai-release-notes-agent.md,network,False,,implicito,,[],,,,
439,2155,tosin2013/mcp-adr-analysis-server,.github/workflows/ai-release-notes-agent.md,permissions,True,"{""actions"": ""read"", ""contents"": ""read"", ""issues"": ""read"", ""pull-requests"": ""read""}",modificado,permissions_resto,[],mas_permisivo,lectura,perm_lecturas_con_contents,[]
440,2156,tosin2013/mcp-adr-analysis-server,.github/workflows/ci-doctor.md,strict,False,,implicito,,[],,,,
440,2156,tosin2013/mcp-adr-analysis-server,.github/workflows/ci-doctor.md,tools.bash,False,,implicito,,[],,,,
440,2156,tosin2013/mcp-adr-analysis-server,.github/workflows/ci-doctor.md,network,False,,implicito,,[],,,,
440,2156,tosin2013/mcp-adr-analysis-server,.github/workflows/ci-doctor.md,permissions,True,"{""actions"": ""read"", ""issues"": ""read""}",modificado,permissions_resto,[],sin_direccion,,perm_lecturas_sin_contents,[]
441,2158,tosin2013/mcp-adr-analysis-server,.github/workflows/dependabot-bundler.md,strict,False,,implicito,,[],,,,
441,2158,tosin2013/mcp-adr-analysis-server,.github/workflows/dependabot-bundler.md,tools.bash,False,,implicito,,[],,,,
441,2158,tosin2013/mcp-adr-analysis-server,.github/workflows/dependabot-bundler.md,network,False,,implicito,,[],,,,
441,2158,tosin2013/mcp-adr-analysis-server,.github/workflows/dependabot-bundler.md,permissions,True,"{""issues"": ""read"", ""pull-requests"": ""read""}",modificado,permissions_resto,[],sin_direccion,,perm_lecturas_sin_contents,[]
442,2161,tosin2013/mcp-adr-analysis-server,.github/workflows/deployment-pattern-validation.md,strict,False,,implicito,,[],,,,
442,2161,tosin2013/mcp-adr-analysis-server,.github/workflows/deployment-pattern-validation.md,tools.bash,True,true,modificado,bash_true,[],mas_permisivo,comandos,bash_dir_true,[]
442,2161,tosin2013/mcp-adr-analysis-server,.github/workflows/deployment-pattern-validation.md,network,True,"{""allowed"": [""defaults"", ""node""]}",modificado,network_resto,[],mas_permisivo,dominios,network_dir_defaults_mas_otros,[]
442,2161,tosin2013/mcp-adr-analysis-server,.github/workflows/deployment-pattern-validation.md,permissions,True,"{""issues"": ""read"", ""pull-requests"": ""read""}",modificado,permissions_resto,[],sin_direccion,,perm_lecturas_sin_contents,[]
443,2166,tosin2013/mcp-adr-analysis-server,.github/workflows/docs-noob-tester.md,strict,False,,implicito,,[],,,,
443,2166,tosin2013/mcp-adr-analysis-server,.github/workflows/docs-noob-tester.md,tools.bash,True,true,modificado,bash_true,[],mas_permisivo,comandos,bash_dir_true,[]
443,2166,tosin2013/mcp-adr-analysis-server,.github/workflows/docs-noob-tester.md,network,True,"{""allowed"": [""defaults"", ""node""]}",modificado,network_resto,[],mas_permisivo,dominios,network_dir_defaults_mas_otros,[]
443,2166,tosin2013/mcp-adr-analysis-server,.github/workflows/docs-noob-tester.md,permissions,True,"{""issues"": ""read""}",modificado,permissions_resto,[],sin_direccion,,perm_lecturas_sin_contents,[]
444,2170,tosin2013/mcp-adr-analysis-server,.github/workflows/docs-site-validator.md,strict,False,,implicito,,[],,,,
444,2170,tosin2013/mcp-adr-analysis-server,.github/workflows/docs-site-validator.md,tools.bash,True,true,modificado,bash_true,[],mas_permisivo,comandos,bash_dir_true,[]
444,2170,tosin2013/mcp-adr-analysis-server,.github/workflows/docs-site-validator.md,network,False,,implicito,,[],,,,
444,2170,tosin2013/mcp-adr-analysis-server,.github/workflows/docs-site-validator.md,permissions,True,"{""actions"": ""read"", ""issues"": ""read""}",modificado,permissions_resto,[],sin_direccion,,perm_lecturas_sin_contents,[]
445,2172,tosin2013/mcp-adr-analysis-server,.github/workflows/esm-module-validation.md,strict,False,,implicito,,[],,,,
445,2172,tosin2013/mcp-adr-analysis-server,.github/workflows/esm-module-validation.md,tools.bash,True,true,modificado,bash_true,[],mas_permisivo,comandos,bash_dir_true,[]
445,2172,tosin2013/mcp-adr-analysis-server,.github/workflows/esm-module-validation.md,network,True,"{""allowed"": [""defaults"", ""node""]}",modificado,network_resto,[],mas_permisivo,dominios,network_dir_defaults_mas_otros,[]
445,2172,tosin2013/mcp-adr-analysis-server,.github/workflows/esm-module-validation.md,permissions,True,"{""issues"": ""read"", ""pull-requests"": ""read""}",modificado,permissions_resto,[],sin_direccion,,perm_lecturas_sin_contents,[]
446,2175,tosin2013/mcp-adr-analysis-server,.github/workflows/knowledge-graph-validation.md,strict,False,,implicito,,[],,,,
446,2175,tosin2013/mcp-adr-analysis-server,.github/workflows/knowledge-graph-validation.md,tools.bash,True,true,modificado,bash_true,[],mas_permisivo,comandos,bash_dir_true,[]
446,2175,tosin2013/mcp-adr-analysis-server,.github/workflows/knowledge-graph-validation.md,network,True,"{""allowed"": [""defaults"", ""node""]}",modificado,network_resto,[],mas_permisivo,dominios,network_dir_defaults_mas_otros,[]
446,2175,tosin2013/mcp-adr-analysis-server,.github/workflows/knowledge-graph-validation.md,permissions,True,"{""issues"": ""read"", ""pull-requests"": ""read""}",modificado,permissions_resto,[],sin_direccion,,perm_lecturas_sin_contents,[]
447,2179,tosin2013/mcp-adr-analysis-server,.github/workflows/mcp-server-validation.md,strict,False,,implicito,,[],,,,
447,2179,tosin2013/mcp-adr-analysis-server,.github/workflows/mcp-server-validation.md,tools.bash,True,true,modificado,bash_true,[],mas_permisivo,comandos,bash_dir_true,[]
447,2179,tosin2013/mcp-adr-analysis-server,.github/workflows/mcp-server-validation.md,network,True,"{""allowed"": [""defaults"", ""node""]}",modificado,network_resto,[],mas_permisivo,dominios,network_dir_defaults_mas_otros,[]
447,2179,tosin2013/mcp-adr-analysis-server,.github/workflows/mcp-server-validation.md,permissions,True,"{""issues"": ""read"", ""pull-requests"": ""read""}",modificado,permissions_resto,[],sin_direccion,,perm_lecturas_sin_contents,[]
448,2183,tosin2013/mcp-adr-analysis-server,.github/workflows/mcp-tool-checker.md,strict,False,,implicito,,[],,,,
448,2183,tosin2013/mcp-adr-analysis-server,.github/workflows/mcp-tool-checker.md,tools.bash,True,true,modificado,bash_true,[],mas_permisivo,comandos,bash_dir_true,[]
448,2183,tosin2013/mcp-adr-analysis-server,.github/workflows/mcp-tool-checker.md,network,True,"{""allowed"": [""defaults"", ""node""]}",modificado,network_resto,[],mas_permisivo,dominios,network_dir_defaults_mas_otros,[]
448,2183,tosin2013/mcp-adr-analysis-server,.github/workflows/mcp-tool-checker.md,permissions,True,"{""issues"": ""read""}",modificado,permissions_resto,[],sin_direccion,,perm_lecturas_sin_contents,[]
449,2184,pulumi/pulumi-rabbitmq,.github/workflows/gh-aw-pr-rereview.md,strict,True,true,explicito_igual_default,strict_true,[],,,,
449,2184,pulumi/pulumi-rabbitmq,.github/workflows/gh-aw-pr-rereview.md,tools.bash,False,,implicito,,[],,,,
449,2184,pulumi/pulumi-rabbitmq,.github/workflows/gh-aw-pr-rereview.md,network,False,,implicito,,[],,,,
449,2184,pulumi/pulumi-rabbitmq,.github/workflows/gh-aw-pr-rereview.md,permissions,True,"{""contents"": ""read"", ""id-token"": ""write"", ""pull-requests"": ""read""}",modificado,permissions_resto,[],mas_permisivo,autenticacion,perm_escritura_solo_autenticacion,[]
450,2185,pulumi/pulumi-rabbitmq,.github/workflows/gh-aw-pr-review.md,strict,True,true,explicito_igual_default,strict_true,[],,,,
450,2185,pulumi/pulumi-rabbitmq,.github/workflows/gh-aw-pr-review.md,tools.bash,False,,implicito,,[],,,,
450,2185,pulumi/pulumi-rabbitmq,.github/workflows/gh-aw-pr-review.md,network,False,,implicito,,[],,,,
450,2185,pulumi/pulumi-rabbitmq,.github/workflows/gh-aw-pr-review.md,permissions,True,"{""contents"": ""read"", ""id-token"": ""write"", ""pull-requests"": ""read""}",modificado,permissions_resto,[],mas_permisivo,autenticacion,perm_escritura_solo_autenticacion,[]
451,2190,kubestellar/docs,.github/workflows/daily-team-status.md,strict,False,,implicito,,[],,,,
451,2190,kubestellar/docs,.github/workflows/daily-team-status.md,tools.bash,False,,implicito,,[],,,,
451,2190,kubestellar/docs,.github/workflows/daily-team-status.md,network,True,"{""firewall"": true}",modificado,network_firewall_only,[],sin_direccion,,network_dir_firewall_only,[]
451,2190,kubestellar/docs,.github/workflows/daily-team-status.md,permissions,True,"{""contents"": ""read"", ""issues"": ""read"", ""pull-requests"": ""read""}",modificado,permissions_resto,[],mas_permisivo,lectura,perm_lecturas_con_contents,[]
452,2193,kubestellar/docs,.github/workflows/devstats.md,strict,False,,implicito,,[],,,,
452,2193,kubestellar/docs,.github/workflows/devstats.md,tools.bash,False,,implicito,,[],,,,
452,2193,kubestellar/docs,.github/workflows/devstats.md,network,True,"{""firewall"": true}",modificado,network_firewall_only,[],sin_direccion,,network_dir_firewall_only,[]
452,2193,kubestellar/docs,.github/workflows/devstats.md,permissions,True,"{""contents"": ""read"", ""issues"": ""read"", ""pull-requests"": ""read""}",modificado,permissions_resto,[],mas_permisivo,lectura,perm_lecturas_con_contents,[]
453,2200,kubestellar/docs,.github/workflows/link-checker.md,strict,False,,implicito,,[],,,,
453,2200,kubestellar/docs,.github/workflows/link-checker.md,tools.bash,True,"["":*""]",modificado,bash_other_list,[],mas_permisivo,comandos,bash_dir_comodin_total,[]
453,2200,kubestellar/docs,.github/workflows/link-checker.md,network,True,"{""allowed"": [""defaults"", ""github""]}",modificado,network_resto,[],mas_permisivo,dominios,network_dir_defaults_mas_otros,[]
453,2200,kubestellar/docs,.github/workflows/link-checker.md,permissions,True,"""read-all""",modificado,permissions_read_all,[],mas_permisivo,lectura,perm_read_all,[]
454,2208,kubestellar/docs,.github/workflows/maintainer-metrics.md,strict,False,,implicito,,[],,,,
454,2208,kubestellar/docs,.github/workflows/maintainer-metrics.md,tools.bash,True,"[""cat *"", ""jq *"", ""wc *"", ""grep *"", ""head *"", ""tail *"", ""mkdir *"", ""ls *"", ""echo *""]",modificado,bash_other_list,[],sin_direccion,,bash_dir_agrega_y_quita,[]
454,2208,kubestellar/docs,.github/workflows/maintainer-metrics.md,network,False,,implicito,,[],,,,
454,2208,kubestellar/docs,.github/workflows/maintainer-metrics.md,permissions,True,"""read-all""",modificado,permissions_read_all,[],mas_permisivo,lectura,perm_read_all,[]
455,2216,kubestellar/docs,.github/workflows/technical-doc-writer.md,strict,False,,implicito,,[],,,,
455,2216,kubestellar/docs,.github/workflows/technical-doc-writer.md,tools.bash,False,,implicito,,[],,,,
455,2216,kubestellar/docs,.github/workflows/technical-doc-writer.md,network,False,,implicito,,[],,,,
455,2216,kubestellar/docs,.github/workflows/technical-doc-writer.md,permissions,True,"""read-all""",modificado,permissions_read_all,[],mas_permisivo,lectura,perm_read_all,[]
456,2221,kubestellar/docs,.github/workflows/typo-checker.md,strict,False,,implicito,,[],,,,
456,2221,kubestellar/docs,.github/workflows/typo-checker.md,tools.bash,True,"["":*""]",modificado,bash_other_list,[],mas_permisivo,comandos,bash_dir_comodin_total,[]
456,2221,kubestellar/docs,.github/workflows/typo-checker.md,network,True,"""defaults""",explicito_igual_default,network_defaults,[],,,,
456,2221,kubestellar/docs,.github/workflows/typo-checker.md,permissions,True,"""read-all""",modificado,permissions_read_all,[],mas_permisivo,lectura,perm_read_all,[]
457,2241,drehelis/gcp-emulator-ui,.github/workflows/check-emulator-updates.md,strict,False,,implicito,,[],,,,
457,2241,drehelis/gcp-emulator-ui,.github/workflows/check-emulator-updates.md,tools.bash,True,"[""curl -s *"", ""grep -i *""]",modificado,bash_other_list,[],sin_direccion,,bash_dir_agrega_y_quita,[]
457,2241,drehelis/gcp-emulator-ui,.github/workflows/check-emulator-updates.md,network,True,"{""allowed"": [""r.jina.ai"", ""github"", ""chatgpt.com"", ""threat-detection"", ""chrome""]}",modificado,network_resto,[],sin_direccion,,network_dir_sin_defaults,[]
457,2241,drehelis/gcp-emulator-ui,.github/workflows/check-emulator-updates.md,permissions,True,"{""contents"": ""read"", ""issues"": ""read"", ""pull-requests"": ""read""}",modificado,permissions_resto,[],mas_permisivo,lectura,perm_lecturas_con_contents,[]
458,2242,pulumi/pulumi-rancher2,.github/workflows/gh-aw-pr-rereview.md,strict,True,true,explicito_igual_default,strict_true,[],,,,
458,2242,pulumi/pulumi-rancher2,.github/workflows/gh-aw-pr-rereview.md,tools.bash,False,,implicito,,[],,,,
458,2242,pulumi/pulumi-rancher2,.github/workflows/gh-aw-pr-rereview.md,network,False,,implicito,,[],,,,
458,2242,pulumi/pulumi-rancher2,.github/workflows/gh-aw-pr-rereview.md,permissions,True,"{""contents"": ""read"", ""id-token"": ""write"", ""pull-requests"": ""read""}",modificado,permissions_resto,[],mas_permisivo,autenticacion,perm_escritura_solo_autenticacion,[]
459,2243,pulumi/pulumi-rancher2,.github/workflows/gh-aw-pr-review.md,strict,True,true,explicito_igual_default,strict_true,[],,,,
459,2243,pulumi/pulumi-rancher2,.github/workflows/gh-aw-pr-review.md,tools.bash,False,,implicito,,[],,,,
459,2243,pulumi/pulumi-rancher2,.github/workflows/gh-aw-pr-review.md,network,False,,implicito,,[],,,,
459,2243,pulumi/pulumi-rancher2,.github/workflows/gh-aw-pr-review.md,permissions,True,"{""contents"": ""read"", ""id-token"": ""write"", ""pull-requests"": ""read""}",modificado,permissions_resto,[],mas_permisivo,autenticacion,perm_escritura_solo_autenticacion,[]
460,2248,YousefHadder/markdown-plus.nvim,.github/workflows/code-simplifier.md,strict,True,true,explicito_igual_default,strict_true,[],,,,
460,2248,YousefHadder/markdown-plus.nvim,.github/workflows/code-simplifier.md,tools.bash,True,"[""find lua -name '*.lua' -type f | sort"", ""find lua -name '*.lua' -type f -exec wc -l {} \\; | sort -rn"", ""find lua/markdown-plus -name '*.lua' -type f | sort"", ""find lua/markdown-plus -maxdepth 1 -name '*.lua' -type f | sort"", ""find lua/markdown-plus -maxdepth 2 -name '*.lua' -type f | sort"", ""find lua/ -maxdepth 1 -ls"", ""find lua/markdown-plus/ -maxdepth 1 -ls"", ""find lua/markdown-plus/ -maxdepth 2 -ls"", ""wc -l lua/**/*.lua"", ""head -n * lua/**/*.lua"", ""cat lua/**/*.lua"", ""grep -rn 'function M\\.' lua --include='*.lua'"", ""grep -rn 'local function' lua --include='*.lua'"", ""grep -rn 'function _' lua --include='*.lua'"", ""grep -rn '^M\\.' lua --include='*.lua'"", ""git""]",modificado,bash_other_list,[],sin_direccion,,bash_dir_agrega_y_quita,[]
460,2248,YousefHadder/markdown-plus.nvim,.github/workflows/code-simplifier.md,network,True,"{""allowed"": [""defaults"", ""github"", ""lua""]}",modificado,network_resto,[],mas_permisivo,dominios,network_dir_defaults_mas_otros,[]
460,2248,YousefHadder/markdown-plus.nvim,.github/workflows/code-simplifier.md,permissions,True,"{""contents"": ""read"", ""issues"": ""read"", ""pull-requests"": ""read""}",modificado,permissions_resto,[],mas_permisivo,lectura,perm_lecturas_con_contents,[]
461,2251,YousefHadder/markdown-plus.nvim,.github/workflows/config-sync-checker.md,strict,True,true,explicito_igual_default,strict_true,[],,,,
461,2251,YousefHadder/markdown-plus.nvim,.github/workflows/config-sync-checker.md,tools.bash,True,"[""cat lua/markdown-plus/types.lua"", ""cat lua/markdown-plus/config/validate.lua"", ""cat lua/markdown-plus/init.lua"", ""cat doc/markdown-plus.txt"", ""grep -n '' lua/markdown-plus/types.lua"", ""grep -n '' lua/markdown-plus/config/validate.lua"", ""grep -n '' lua/markdown-plus/init.lua"", ""grep -n '' doc/markdown-plus.txt"", ""git""]",modificado,bash_other_list,[],sin_direccion,,bash_dir_agrega_y_quita,[]
461,2251,YousefHadder/markdown-plus.nvim,.github/workflows/config-sync-checker.md,network,True,"{""allowed"": [""defaults"", ""github""]}",modificado,network_resto,[],mas_permisivo,dominios,network_dir_defaults_mas_otros,[]
461,2251,YousefHadder/markdown-plus.nvim,.github/workflows/config-sync-checker.md,permissions,True,"{""contents"": ""read"", ""issues"": ""read"", ""pull-requests"": ""read""}",modificado,permissions_resto,[],mas_permisivo,lectura,perm_lecturas_con_contents,[]
462,2256,YousefHadder/markdown-plus.nvim,.github/workflows/contributor-recognition.md,strict,True,true,explicito_igual_default,strict_true,[],,,,
462,2256,YousefHadder/markdown-plus.nvim,.github/workflows/contributor-recognition.md,tools.bash,True,"[""cat .all-contributorsrc"", ""cat README.md"", ""grep -n 'ALL-CONTRIBUTORS' README.md"", ""jq"", ""git"", ""npx -y all-contributors-cli add"", ""npx -y all-contributors-cli generate""]",modificado,bash_other_list,[],sin_direccion,,bash_dir_agrega_y_quita,[]
462,2256,YousefHadder/markdown-plus.nvim,.github/workflows/contributor-recognition.md,network,True,"{""allowed"": [""defaults"", ""github"", ""node""]}",modificado,network_resto,[],mas_permisivo,dominios,network_dir_defaults_mas_otros,[]
462,2256,YousefHadder/markdown-plus.nvim,.github/workflows/contributor-recognition.md,permissions,True,"{""contents"": ""read"", ""issues"": ""read"", ""pull-requests"": ""read""}",modificado,permissions_resto,[],mas_permisivo,lectura,perm_lecturas_con_contents,[]
463,2260,YousefHadder/markdown-plus.nvim,.github/workflows/daily-doc-updater.md,strict,True,true,explicito_igual_default,strict_true,[],,,,
463,2260,YousefHadder/markdown-plus.nvim,.github/workflows/daily-doc-updater.md,tools.bash,True,"[""cat doc/markdown-plus.txt"", ""cat README.md"", ""cat lua/markdown-plus/types.lua"", ""find doc -name '*.txt' -o -name '*.md'"", ""find doc -maxdepth 1 -ls"", ""grep -rn '' doc README.md"", ""git""]",modificado,bash_other_list,[],sin_direccion,,bash_dir_agrega_y_quita,[]
463,2260,YousefHadder/markdown-plus.nvim,.github/workflows/daily-doc-updater.md,network,True,"{""allowed"": [""defaults"", ""github""]}",modificado,network_resto,[],mas_permisivo,dominios,network_dir_defaults_mas_otros,[]
463,2260,YousefHadder/markdown-plus.nvim,.github/workflows/daily-doc-updater.md,permissions,True,"{""contents"": ""read"", ""issues"": ""read"", ""pull-requests"": ""read""}",modificado,permissions_resto,[],mas_permisivo,lectura,perm_lecturas_con_contents,[]
464,2265,YousefHadder/markdown-plus.nvim,.github/workflows/daily-file-diet.md,strict,True,true,explicito_igual_default,strict_true,[],,,,
464,2265,YousefHadder/markdown-plus.nvim,.github/workflows/daily-file-diet.md,tools.bash,True,"[""find lua -name '*.lua' -type f -exec wc -l {} \\; | sort -rn"", ""find lua -name '*.lua' -type f | sort"", ""wc -l lua/**/*.lua"", ""cat lua/**/*.lua"", ""head -n * lua/**/*.lua"", ""grep -rn 'function ' lua --include='*.lua'"", ""grep -rn 'local function' lua --include='*.lua'"", ""find lua/ -maxdepth 1 -ls"", ""find lua/markdown-plus/ -maxdepth 1 -ls"", ""find lua/markdown-plus/ -maxdepth 2 -ls""]",modificado,bash_other_list,[],sin_direccion,,bash_dir_agrega_y_quita,[]
464,2265,YousefHadder/markdown-plus.nvim,.github/workflows/daily-file-diet.md,network,False,,implicito,,[],,,,
464,2265,YousefHadder/markdown-plus.nvim,.github/workflows/daily-file-diet.md,permissions,True,"{""contents"": ""read"", ""issues"": ""read"", ""pull-requests"": ""read""}",modificado,permissions_resto,[],mas_permisivo,lectura,perm_lecturas_con_contents,[]
465,2267,YousefHadder/markdown-plus.nvim,.github/workflows/wiki-updater.md,strict,True,true,explicito_igual_default,strict_true,[],,,,
465,2267,YousefHadder/markdown-plus.nvim,.github/workflows/wiki-updater.md,tools.bash,True,"[""cat README.md"", ""cat doc/markdown-plus.txt"", ""cat lua/markdown-plus/types.lua"", ""find docs/wiki -maxdepth 1 -ls"", ""find docs/wiki -name"", ""grep -rn"", ""git""]",modificado,bash_other_list,[],sin_direccion,,bash_dir_agrega_y_quita,[]
465,2267,YousefHadder/markdown-plus.nvim,.github/workflows/wiki-updater.md,network,True,"{""allowed"": [""defaults"", ""github""]}",modificado,network_resto,[],mas_permisivo,dominios,network_dir_defaults_mas_otros,[]
465,2267,YousefHadder/markdown-plus.nvim,.github/workflows/wiki-updater.md,permissions,True,"{""contents"": ""read"", ""issues"": ""read"", ""pull-requests"": ""read""}",modificado,permissions_resto,[],mas_permisivo,lectura,perm_lecturas_con_contents,[]
466,2277,cncf/contribute-site,.github/workflows/link-checker.md,strict,False,,implicito,,[],,,,
466,2277,cncf/contribute-site,.github/workflows/link-checker.md,tools.bash,True,"["":*""]",modificado,bash_other_list,[],mas_permisivo,comandos,bash_dir_comodin_total,[]
466,2277,cncf/contribute-site,.github/workflows/link-checker.md,network,True,"{""allowed"": [""defaults"", ""github"", ""*.cncf.io"", ""*.linuxfoundation.org"", ""kubernetes.io"", ""*.kubernetes.io"", ""bestpractices.coreinfrastructure.org"", ""clotributor.dev"", ""clomonitor.io"", ""securityscorecards.dev"", ""owasp.org"", ""*.owasp.org"", ""csrc.nist.gov"", ""nvlpubs.nist.gov"", ""todogroup.org"", ""openssf.org"", ""*.openssf.org""]}",modificado,network_resto,[],mas_permisivo,dominios,network_dir_defaults_mas_otros,[]
466,2277,cncf/contribute-site,.github/workflows/link-checker.md,permissions,True,"""read-all""",modificado,permissions_read_all,[],mas_permisivo,lectura,perm_read_all,[]
467,2285,cncf/contribute-site,.github/workflows/link-fixer.md,strict,False,,implicito,,[],,,,
467,2285,cncf/contribute-site,.github/workflows/link-fixer.md,tools.bash,True,"["":*""]",modificado,bash_other_list,[],mas_permisivo,comandos,bash_dir_comodin_total,[]
467,2285,cncf/contribute-site,.github/workflows/link-fixer.md,network,True,"{""allowed"": [""defaults"", ""github"", ""*.cncf.io"", ""cncf.io"", ""*.linuxfoundation.org"", ""kubernetes.io"", ""*.kubernetes.io"", ""bestpractices.coreinfrastructure.org"", ""clotributor.dev"", ""clomonitor.io"", ""securityscorecards.dev"", ""owasp.org"", ""*.owasp.org"", ""csrc.nist.gov"", ""nvlpubs.nist.gov"", ""todogroup.org"", ""openssf.org"", ""*.openssf.org""]}",modificado,network_resto,[],mas_permisivo,dominios,network_dir_defaults_mas_otros,[]
467,2285,cncf/contribute-site,.github/workflows/link-fixer.md,permissions,True,"""read-all""",modificado,permissions_read_all,[],mas_permisivo,lectura,perm_read_all,[]
468,2286,kaito-tokyo/live-backgroundremoval-lite,.github/workflows/validate-pr.md,strict,True,true,explicito_igual_default,strict_true,[],,,,
468,2286,kaito-tokyo/live-backgroundremoval-lite,.github/workflows/validate-pr.md,tools.bash,False,,implicito,,[],,,,
468,2286,kaito-tokyo/live-backgroundremoval-lite,.github/workflows/validate-pr.md,network,False,,implicito,,[],,,,
468,2286,kaito-tokyo/live-backgroundremoval-lite,.github/workflows/validate-pr.md,permissions,True,"{""contents"": ""read"", ""pull-requests"": ""read""}",modificado,permissions_resto,[],mas_permisivo,lectura,perm_lecturas_con_contents,[]
469,2288,microsoft/apm,.github/workflows/cli-consistency-checker.md,strict,False,,implicito,,[],,,,
469,2288,microsoft/apm,.github/workflows/cli-consistency-checker.md,tools.bash,True,true,modificado,bash_true,[],mas_permisivo,comandos,bash_dir_true,[]
469,2288,microsoft/apm,.github/workflows/cli-consistency-checker.md,network,True,"{""allowed"": [""defaults"", ""python""]}",modificado,network_resto,[],mas_permisivo,dominios,network_dir_defaults_mas_otros,[]
469,2288,microsoft/apm,.github/workflows/cli-consistency-checker.md,permissions,True,"{""contents"": ""read"", ""issues"": ""read"", ""pull-requests"": ""read""}",modificado,permissions_resto,[],mas_permisivo,lectura,perm_lecturas_con_contents,[]
470,2291,microsoft/apm,.github/workflows/daily-doc-updater.md,strict,False,,implicito,,[],,,,
470,2291,microsoft/apm,.github/workflows/daily-doc-updater.md,tools.bash,True,true,modificado,bash_true,[],mas_permisivo,comandos,bash_dir_true,[]
470,2291,microsoft/apm,.github/workflows/daily-doc-updater.md,network,True,"{""allowed"": [""defaults"", ""dotnet"", ""node"", ""python"", ""rust"", ""java""]}",modificado,network_resto,[],mas_permisivo,dominios,network_dir_defaults_mas_otros,[]
470,2291,microsoft/apm,.github/workflows/daily-doc-updater.md,permissions,True,"{""contents"": ""read"", ""issues"": ""read"", ""pull-requests"": ""read""}",modificado,permissions_resto,[],mas_permisivo,lectura,perm_lecturas_con_contents,[]
471,2292,microsoft/apm,.github/workflows/docs-sync.md,strict,False,,implicito,,[],,,,
471,2292,microsoft/apm,.github/workflows/docs-sync.md,tools.bash,True,true,modificado,bash_true,[],mas_permisivo,comandos,bash_dir_true,[]
471,2292,microsoft/apm,.github/workflows/docs-sync.md,network,True,"{""allowed"": [""defaults"", ""github""]}",modificado,network_resto,[],mas_permisivo,dominios,network_dir_defaults_mas_otros,[]
471,2292,microsoft/apm,.github/workflows/docs-sync.md,permissions,True,"{""contents"": ""read"", ""issues"": ""read"", ""pull-requests"": ""read""}",modificado,permissions_resto,[],mas_permisivo,lectura,perm_lecturas_con_contents,[]
472,2304,microsoft/apm,.github/workflows/pr-review-panel.md,strict,False,,implicito,,[],,,,
472,2304,microsoft/apm,.github/workflows/pr-review-panel.md,tools.bash,True,true,modificado,bash_true,[],mas_permisivo,comandos,bash_dir_true,[]
472,2304,microsoft/apm,.github/workflows/pr-review-panel.md,network,True,"{""allowed"": [""defaults"", ""github""]}",modificado,network_resto,[],mas_permisivo,dominios,network_dir_defaults_mas_otros,[]
472,2304,microsoft/apm,.github/workflows/pr-review-panel.md,permissions,True,"{""contents"": ""read"", ""issues"": ""read"", ""pull-requests"": ""read""}",modificado,permissions_resto,[],mas_permisivo,lectura,perm_lecturas_con_contents,[]
473,2315,microsoft/apm,.github/workflows/triage-panel.md,strict,False,,implicito,,[],,,,
473,2315,microsoft/apm,.github/workflows/triage-panel.md,tools.bash,True,true,modificado,bash_true,[],mas_permisivo,comandos,bash_dir_true,[]
473,2315,microsoft/apm,.github/workflows/triage-panel.md,network,True,"{""allowed"": [""defaults"", ""github""]}",modificado,network_resto,[],mas_permisivo,dominios,network_dir_defaults_mas_otros,[]
473,2315,microsoft/apm,.github/workflows/triage-panel.md,permissions,True,"{""contents"": ""read"", ""issues"": ""read"", ""pull-requests"": ""read""}",modificado,permissions_resto,[],mas_permisivo,lectura,perm_lecturas_con_contents,[]
474,2317,informedica/GenPRES,.github/workflows/repo-assist.md,strict,False,,implicito,,[],,,,
474,2317,informedica/GenPRES,.github/workflows/repo-assist.md,tools.bash,True,true,modificado,bash_true,[],mas_permisivo,comandos,bash_dir_true,[]
474,2317,informedica/GenPRES,.github/workflows/repo-assist.md,network,True,"{""allowed"": [""defaults"", ""dotnet"", ""node"", ""python"", ""rust"", ""java""]}",modificado,network_resto,[],mas_permisivo,dominios,network_dir_defaults_mas_otros,[]
474,2317,informedica/GenPRES,.github/workflows/repo-assist.md,permissions,True,"""read-all""",modificado,permissions_read_all,[],mas_permisivo,lectura,perm_read_all,[]
475,2320,pikax/verter,.github/workflows/update-docs.md,strict,False,,implicito,,[],,,,
475,2320,pikax/verter,.github/workflows/update-docs.md,tools.bash,True,true,modificado,bash_true,[],mas_permisivo,comandos,bash_dir_true,[]
475,2320,pikax/verter,.github/workflows/update-docs.md,network,True,"""defaults""",explicito_igual_default,network_defaults,[],,,,
475,2320,pikax/verter,.github/workflows/update-docs.md,permissions,True,"""read-all""",modificado,permissions_read_all,[],mas_permisivo,lectura,perm_read_all,[]
476,2322,Kong/kongctl,.github/workflows/benchmark-regression-analysis.md,strict,True,true,explicito_igual_default,strict_true,[],,,,
476,2322,Kong/kongctl,.github/workflows/benchmark-regression-analysis.md,tools.bash,False,,implicito,,[],,,,
476,2322,Kong/kongctl,.github/workflows/benchmark-regression-analysis.md,network,True,"{""allowed"": [""defaults"", ""github""]}",modificado,network_resto,[],mas_permisivo,dominios,network_dir_defaults_mas_otros,[]
476,2322,Kong/kongctl,.github/workflows/benchmark-regression-analysis.md,permissions,True,"{""actions"": ""read"", ""contents"": ""read"", ""issues"": ""read""}",modificado,permissions_resto,[],mas_permisivo,lectura,perm_lecturas_con_contents,[]
477,2331,Kong/kongctl,.github/workflows/code-simplifier.md,strict,True,true,explicito_igual_default,strict_true,[],,,,
477,2331,Kong/kongctl,.github/workflows/code-simplifier.md,tools.bash,False,,implicito,,[],,,,
477,2331,Kong/kongctl,.github/workflows/code-simplifier.md,network,False,,implicito,,[],,,,
477,2331,Kong/kongctl,.github/workflows/code-simplifier.md,permissions,True,"{""contents"": ""read"", ""issues"": ""read"", ""pull-requests"": ""read""}",modificado,permissions_resto,[],mas_permisivo,lectura,perm_lecturas_con_contents,[]
478,2336,Kong/kongctl,.github/workflows/e2e-coverage-scanner.md,strict,False,,implicito,,[],,,,
478,2336,Kong/kongctl,.github/workflows/e2e-coverage-scanner.md,tools.bash,False,,implicito,,[],,,,
478,2336,Kong/kongctl,.github/workflows/e2e-coverage-scanner.md,network,True,"""defaults""",explicito_igual_default,network_defaults,[],,,,
478,2336,Kong/kongctl,.github/workflows/e2e-coverage-scanner.md,permissions,True,"{""contents"": ""read"", ""issues"": ""read""}",modificado,permissions_resto,[],mas_permisivo,lectura,perm_lecturas_con_contents,[]
479,2346,Kong/kongctl,.github/workflows/kongctl-feature-user-agent.md,strict,True,true,explicito_igual_default,strict_true,[],,,,
479,2346,Kong/kongctl,.github/workflows/kongctl-feature-user-agent.md,tools.bash,False,,implicito,,[],,,,
479,2346,Kong/kongctl,.github/workflows/kongctl-feature-user-agent.md,network,True,"{""allowed"": [""defaults"", ""github"", ""*.api.konghq.com"", ""developer.konghq.com"", ""docs.konghq.com""]}",modificado,network_resto,[],mas_permisivo,dominios,network_dir_defaults_mas_otros,[]
479,2346,Kong/kongctl,.github/workflows/kongctl-feature-user-agent.md,permissions,True,"{""contents"": ""read"", ""issues"": ""read""}",modificado,permissions_resto,[],mas_permisivo,lectura,perm_lecturas_con_contents,[]
480,2353,Kong/kongctl,.github/workflows/opened-issue-triage.md,strict,False,,implicito,,[],,,,
480,2353,Kong/kongctl,.github/workflows/opened-issue-triage.md,tools.bash,False,,implicito,,[],,,,
480,2353,Kong/kongctl,.github/workflows/opened-issue-triage.md,network,True,"""defaults""",explicito_igual_default,network_defaults,[],,,,
480,2353,Kong/kongctl,.github/workflows/opened-issue-triage.md,permissions,True,"{""contents"": ""read"", ""issues"": ""read""}",modificado,permissions_resto,[],mas_permisivo,lectura,perm_lecturas_con_contents,[]
481,2368,Kong/kongctl,.github/workflows/release.md,strict,True,false,modificado,strict_resto,[],mas_permisivo,restricciones del modo estricto,strict_dir_false,[]
481,2368,Kong/kongctl,.github/workflows/release.md,tools.bash,True,"[""*""]",modificado,bash_other_list,[],mas_permisivo,comandos,bash_dir_comodin_total,[]
481,2368,Kong/kongctl,.github/workflows/release.md,network,True,"{""allowed"": [""defaults""]}",explicito_igual_default,network_allowed_defaults,[],,,,
481,2368,Kong/kongctl,.github/workflows/release.md,permissions,True,"{""actions"": ""read"", ""contents"": ""read"", ""issues"": ""read"", ""pull-requests"": ""read""}",modificado,permissions_resto,[],mas_permisivo,lectura,perm_lecturas_con_contents,[]
482,2379,Kong/kongctl,.github/workflows/slash-cmd-issue-triage.md,strict,False,,implicito,,[],,,,
482,2379,Kong/kongctl,.github/workflows/slash-cmd-issue-triage.md,tools.bash,False,,implicito,,[],,,,
482,2379,Kong/kongctl,.github/workflows/slash-cmd-issue-triage.md,network,True,"""defaults""",explicito_igual_default,network_defaults,[],,,,
482,2379,Kong/kongctl,.github/workflows/slash-cmd-issue-triage.md,permissions,True,"{""contents"": ""read"", ""issues"": ""read"", ""pull-requests"": ""read""}",modificado,permissions_resto,[],mas_permisivo,lectura,perm_lecturas_con_contents,[]
483,2384,Kong/kongctl,.github/workflows/weekly-repo-status.md,strict,False,,implicito,,[],,,,
483,2384,Kong/kongctl,.github/workflows/weekly-repo-status.md,tools.bash,False,,implicito,,[],,,,
483,2384,Kong/kongctl,.github/workflows/weekly-repo-status.md,network,True,"""defaults""",explicito_igual_default,network_defaults,[],,,,
483,2384,Kong/kongctl,.github/workflows/weekly-repo-status.md,permissions,True,"{""contents"": ""read"", ""issues"": ""read"", ""pull-requests"": ""read""}",modificado,permissions_resto,[],mas_permisivo,lectura,perm_lecturas_con_contents,[]
484,2385,shanselman/WindowsEdgeLight,.github/workflows/repo-assist.md,strict,False,,implicito,,[],,,,
484,2385,shanselman/WindowsEdgeLight,.github/workflows/repo-assist.md,tools.bash,True,true,modificado,bash_true,[],mas_permisivo,comandos,bash_dir_true,[]
484,2385,shanselman/WindowsEdgeLight,.github/workflows/repo-assist.md,network,True,"{""allowed"": [""defaults"", ""dotnet"", ""node"", ""python"", ""rust"", ""java""]}",modificado,network_resto,[],mas_permisivo,dominios,network_dir_defaults_mas_otros,[]
484,2385,shanselman/WindowsEdgeLight,.github/workflows/repo-assist.md,permissions,True,"""read-all""",modificado,permissions_read_all,[],mas_permisivo,lectura,perm_read_all,[]
485,2387,chrisreddington/trend-radar,.github/workflows/repo-assist.md,strict,False,,implicito,,[],,,,
485,2387,chrisreddington/trend-radar,.github/workflows/repo-assist.md,tools.bash,True,true,modificado,bash_true,[],mas_permisivo,comandos,bash_dir_true,[]
485,2387,chrisreddington/trend-radar,.github/workflows/repo-assist.md,network,True,"{""allowed"": [""defaults"", ""dotnet"", ""node"", ""python"", ""rust"", ""java""]}",modificado,network_resto,[],mas_permisivo,dominios,network_dir_defaults_mas_otros,[]
485,2387,chrisreddington/trend-radar,.github/workflows/repo-assist.md,permissions,True,"""read-all""",modificado,permissions_read_all,[],mas_permisivo,lectura,perm_read_all,[]
486,2388,mcpc-tech/dev-inspector-mcp,.github/workflows/daily-repo-status.md,strict,False,,implicito,,[],,,,
486,2388,mcpc-tech/dev-inspector-mcp,.github/workflows/daily-repo-status.md,tools.bash,False,,implicito,,[],,,,
486,2388,mcpc-tech/dev-inspector-mcp,.github/workflows/daily-repo-status.md,network,True,"""defaults""",explicito_igual_default,network_defaults,[],,,,
486,2388,mcpc-tech/dev-inspector-mcp,.github/workflows/daily-repo-status.md,permissions,True,"{""contents"": ""read"", ""issues"": ""read"", ""pull-requests"": ""read""}",modificado,permissions_resto,[],mas_permisivo,lectura,perm_lecturas_con_contents,[]
487,2389,hemanth/mcp-web-client,.github/workflows/daily-repo-status.md,strict,False,,implicito,,[],,,,
487,2389,hemanth/mcp-web-client,.github/workflows/daily-repo-status.md,tools.bash,False,,implicito,,[],,,,
487,2389,hemanth/mcp-web-client,.github/workflows/daily-repo-status.md,network,True,"""defaults""",explicito_igual_default,network_defaults,[],,,,
487,2389,hemanth/mcp-web-client,.github/workflows/daily-repo-status.md,permissions,True,"{""contents"": ""read"", ""issues"": ""read"", ""pull-requests"": ""read""}",modificado,permissions_resto,[],mas_permisivo,lectura,perm_lecturas_con_contents,[]
488,2391,meteostat/meteostat,.github/workflows/bug-reproducer.md,strict,False,,implicito,,[],,,,
488,2391,meteostat/meteostat,.github/workflows/bug-reproducer.md,tools.bash,False,,implicito,,[],,,,
488,2391,meteostat/meteostat,.github/workflows/bug-reproducer.md,network,False,,implicito,,[],,,,
488,2391,meteostat/meteostat,.github/workflows/bug-reproducer.md,permissions,True,"{""contents"": ""read"", ""issues"": ""read""}",modificado,permissions_resto,[],mas_permisivo,lectura,perm_lecturas_con_contents,[]
489,2393,meteostat/meteostat,.github/workflows/issue-triage-agent.md,strict,True,true,explicito_igual_default,strict_true,[],,,,
489,2393,meteostat/meteostat,.github/workflows/issue-triage-agent.md,tools.bash,False,,implicito,,[],,,,
489,2393,meteostat/meteostat,.github/workflows/issue-triage-agent.md,network,False,,implicito,,[],,,,
489,2393,meteostat/meteostat,.github/workflows/issue-triage-agent.md,permissions,True,"{""issues"": ""read""}",modificado,permissions_resto,[],sin_direccion,,perm_lecturas_sin_contents,[]
490,2401,navikt/copilot,.github/workflows/news-excerpts.md,strict,False,,implicito,,[],,,,
490,2401,navikt/copilot,.github/workflows/news-excerpts.md,tools.bash,False,,implicito,,[],,,,
490,2401,navikt/copilot,.github/workflows/news-excerpts.md,network,True,"{""allowed"": [""defaults"", ""github"", ""openai.com"", ""anthropic.com"", ""blog.google"", ""ai.google.dev"", ""code.visualstudio.com"", ""devblogs.microsoft.com""]}",modificado,network_resto,[],mas_permisivo,dominios,network_dir_defaults_mas_otros,[]
490,2401,navikt/copilot,.github/workflows/news-excerpts.md,permissions,True,"{""contents"": ""read""}",explicito_igual_default,permissions_contents_read,[],,,,
491,2403,BMayhew/awesome-sites-to-test-on,.github/workflows/issue-site-submission.md,strict,False,,implicito,,[],,,,
491,2403,BMayhew/awesome-sites-to-test-on,.github/workflows/issue-site-submission.md,tools.bash,False,,implicito,,[],,,,
491,2403,BMayhew/awesome-sites-to-test-on,.github/workflows/issue-site-submission.md,network,True,"{""allowed"": [""defaults"", ""node""]}",modificado,network_resto,[],mas_permisivo,dominios,network_dir_defaults_mas_otros,[]
491,2403,BMayhew/awesome-sites-to-test-on,.github/workflows/issue-site-submission.md,permissions,True,"{""contents"": ""read"", ""issues"": ""read"", ""pull-requests"": ""read""}",modificado,permissions_resto,[],mas_permisivo,lectura,perm_lecturas_con_contents,[]
492,2413,github/copilot-sdk,.github/workflows/cross-repo-issue-analysis.md,strict,False,,implicito,,[],,,,
492,2413,github/copilot-sdk,.github/workflows/cross-repo-issue-analysis.md,tools.bash,True,"[""grep:*"", ""find:*"", ""cat:*"", ""head:*"", ""tail:*"", ""wc:*"", ""ls:*""]",modificado,bash_other_list,[],sin_direccion,,bash_dir_agrega_y_quita,[]
492,2413,github/copilot-sdk,.github/workflows/cross-repo-issue-analysis.md,network,False,,implicito,,[],,,,
492,2413,github/copilot-sdk,.github/workflows/cross-repo-issue-analysis.md,permissions,True,"{""contents"": ""read"", ""issues"": ""read"", ""pull-requests"": ""read""}",modificado,permissions_resto,[],mas_permisivo,lectura,perm_lecturas_con_contents,[]
493,2415,github/copilot-sdk,.github/workflows/handle-bug.md,strict,False,,implicito,,[],,,,
493,2415,github/copilot-sdk,.github/workflows/handle-bug.md,tools.bash,False,,implicito,,[],,,,
493,2415,github/copilot-sdk,.github/workflows/handle-bug.md,network,False,,implicito,,[],,,,
493,2415,github/copilot-sdk,.github/workflows/handle-bug.md,permissions,True,"{""contents"": ""read"", ""issues"": ""read"", ""pull-requests"": ""read""}",modificado,permissions_resto,[],mas_permisivo,lectura,perm_lecturas_con_contents,[]
494,2417,github/copilot-sdk,.github/workflows/handle-documentation.md,strict,False,,implicito,,[],,,,
494,2417,github/copilot-sdk,.github/workflows/handle-documentation.md,tools.bash,False,,implicito,,[],,,,
494,2417,github/copilot-sdk,.github/workflows/handle-documentation.md,network,False,,implicito,,[],,,,
494,2417,github/copilot-sdk,.github/workflows/handle-documentation.md,permissions,True,"{""contents"": ""read"", ""issues"": ""read"", ""pull-requests"": ""read""}",modificado,permissions_resto,[],mas_permisivo,lectura,perm_lecturas_con_contents,[]
495,2419,github/copilot-sdk,.github/workflows/handle-enhancement.md,strict,False,,implicito,,[],,,,
495,2419,github/copilot-sdk,.github/workflows/handle-enhancement.md,tools.bash,False,,implicito,,[],,,,
495,2419,github/copilot-sdk,.github/workflows/handle-enhancement.md,network,False,,implicito,,[],,,,
495,2419,github/copilot-sdk,.github/workflows/handle-enhancement.md,permissions,True,"{""contents"": ""read"", ""issues"": ""read"", ""pull-requests"": ""read""}",modificado,permissions_resto,[],mas_permisivo,lectura,perm_lecturas_con_contents,[]
496,2421,github/copilot-sdk,.github/workflows/handle-question.md,strict,False,,implicito,,[],,,,
496,2421,github/copilot-sdk,.github/workflows/handle-question.md,tools.bash,False,,implicito,,[],,,,
496,2421,github/copilot-sdk,.github/workflows/handle-question.md,network,False,,implicito,,[],,,,
496,2421,github/copilot-sdk,.github/workflows/handle-question.md,permissions,True,"{""contents"": ""read"", ""issues"": ""read"", ""pull-requests"": ""read""}",modificado,permissions_resto,[],mas_permisivo,lectura,perm_lecturas_con_contents,[]
497,2422,github/copilot-sdk,.github/workflows/issue-classification.md,strict,False,,implicito,,[],,,,
497,2422,github/copilot-sdk,.github/workflows/issue-classification.md,tools.bash,False,,implicito,,[],,,,
497,2422,github/copilot-sdk,.github/workflows/issue-classification.md,network,False,,implicito,,[],,,,
497,2422,github/copilot-sdk,.github/workflows/issue-classification.md,permissions,True,"{""contents"": ""read"", ""issues"": ""read"", ""pull-requests"": ""read""}",modificado,permissions_resto,[],mas_permisivo,lectura,perm_lecturas_con_contents,[]
498,2427,github/copilot-sdk,.github/workflows/issue-triage.md,strict,False,,implicito,,[],,,,
498,2427,github/copilot-sdk,.github/workflows/issue-triage.md,tools.bash,False,,implicito,,[],,,,
498,2427,github/copilot-sdk,.github/workflows/issue-triage.md,network,False,,implicito,,[],,,,
498,2427,github/copilot-sdk,.github/workflows/issue-triage.md,permissions,True,"{""contents"": ""read"", ""issues"": ""read"", ""pull-requests"": ""read""}",modificado,permissions_resto,[],mas_permisivo,lectura,perm_lecturas_con_contents,[]
499,2429,github/copilot-sdk,.github/workflows/java-adapt-handwritten-code-to-accept-upgrade-changes.md,strict,False,,implicito,,[],,,,
499,2429,github/copilot-sdk,.github/workflows/java-adapt-handwritten-code-to-accept-upgrade-changes.md,tools.bash,False,,implicito,,[],,,,
499,2429,github/copilot-sdk,.github/workflows/java-adapt-handwritten-code-to-accept-upgrade-changes.md,network,True,"{""allowed"": [""defaults"", ""github""]}",modificado,network_resto,[],mas_permisivo,dominios,network_dir_defaults_mas_otros,[]
499,2429,github/copilot-sdk,.github/workflows/java-adapt-handwritten-code-to-accept-upgrade-changes.md,permissions,True,"{""actions"": ""read"", ""contents"": ""read""}",modificado,permissions_resto,[],mas_permisivo,lectura,perm_lecturas_con_contents,[]
500,2431,github/copilot-sdk,.github/workflows/java-codegen-fix.md,strict,False,,implicito,,[],,,,
500,2431,github/copilot-sdk,.github/workflows/java-codegen-fix.md,tools.bash,False,,implicito,,[],,,,
500,2431,github/copilot-sdk,.github/workflows/java-codegen-fix.md,network,True,"{""allowed"": [""defaults"", ""github""]}",modificado,network_resto,[],mas_permisivo,dominios,network_dir_defaults_mas_otros,[]
500,2431,github/copilot-sdk,.github/workflows/java-codegen-fix.md,permissions,True,"{""actions"": ""read"", ""contents"": ""read""}",modificado,permissions_resto,[],mas_permisivo,lectura,perm_lecturas_con_contents,[]
501,2437,github/copilot-sdk,.github/workflows/release-changelog.md,strict,False,,implicito,,[],,,,
501,2437,github/copilot-sdk,.github/workflows/release-changelog.md,tools.bash,False,,implicito,,[],,,,
501,2437,github/copilot-sdk,.github/workflows/release-changelog.md,network,False,,implicito,,[],,,,
501,2437,github/copilot-sdk,.github/workflows/release-changelog.md,permissions,True,"{""actions"": ""read"", ""contents"": ""read"", ""issues"": ""read"", ""pull-requests"": ""read""}",modificado,permissions_resto,[],mas_permisivo,lectura,perm_lecturas_con_contents,[]
502,2441,github/copilot-sdk,.github/workflows/sdk-consistency-review.md,strict,False,,implicito,,[],,,,
502,2441,github/copilot-sdk,.github/workflows/sdk-consistency-review.md,tools.bash,False,,implicito,,[],,,,
502,2441,github/copilot-sdk,.github/workflows/sdk-consistency-review.md,network,False,,implicito,,[],,,,
502,2441,github/copilot-sdk,.github/workflows/sdk-consistency-review.md,permissions,True,"{""contents"": ""read"", ""issues"": ""read"", ""pull-requests"": ""read""}",modificado,permissions_resto,[],mas_permisivo,lectura,perm_lecturas_con_contents,[]
503,2444,natnew/Awesome-Data-Science,.github/workflows/issue-triage-agent.md,strict,False,,implicito,,[],,,,
503,2444,natnew/Awesome-Data-Science,.github/workflows/issue-triage-agent.md,tools.bash,False,,implicito,,[],,,,
503,2444,natnew/Awesome-Data-Science,.github/workflows/issue-triage-agent.md,network,False,,implicito,,[],,,,
503,2444,natnew/Awesome-Data-Science,.github/workflows/issue-triage-agent.md,permissions,True,"{""issues"": ""read""}",modificado,permissions_resto,[],sin_direccion,,perm_lecturas_sin_contents,[]
504,2447,neverinfamous/memory-journal-mcp,.github/workflows/ci-health-monitor.md,strict,False,,implicito,,[],,,,
504,2447,neverinfamous/memory-journal-mcp,.github/workflows/ci-health-monitor.md,tools.bash,False,,implicito,,[],,,,
504,2447,neverinfamous/memory-journal-mcp,.github/workflows/ci-health-monitor.md,network,True,"{""allowed"": [""defaults"", ""node""]}",modificado,network_resto,[],mas_permisivo,dominios,network_dir_defaults_mas_otros,[]
504,2447,neverinfamous/memory-journal-mcp,.github/workflows/ci-health-monitor.md,permissions,True,"""read-all""",modificado,permissions_read_all,[],mas_permisivo,lectura,perm_read_all,[]
505,2453,neverinfamous/memory-journal-mcp,.github/workflows/docs-drift-detector.md,strict,False,,implicito,,[],,,,
505,2453,neverinfamous/memory-journal-mcp,.github/workflows/docs-drift-detector.md,tools.bash,False,,implicito,,[],,,,
505,2453,neverinfamous/memory-journal-mcp,.github/workflows/docs-drift-detector.md,network,True,"{""allowed"": [""defaults""]}",explicito_igual_default,network_allowed_defaults,[],,,,
505,2453,neverinfamous/memory-journal-mcp,.github/workflows/docs-drift-detector.md,permissions,True,"""read-all""",modificado,permissions_read_all,[],mas_permisivo,lectura,perm_read_all,[]
506,2455,neverinfamous/memory-journal-mcp,.github/workflows/wiki-drift-detector.md,strict,False,,implicito,,[],,,,
506,2455,neverinfamous/memory-journal-mcp,.github/workflows/wiki-drift-detector.md,tools.bash,False,,implicito,,[],,,,
506,2455,neverinfamous/memory-journal-mcp,.github/workflows/wiki-drift-detector.md,network,True,"{""allowed"": [""defaults""]}",explicito_igual_default,network_allowed_defaults,[],,,,
506,2455,neverinfamous/memory-journal-mcp,.github/workflows/wiki-drift-detector.md,permissions,True,"""read-all""",modificado,permissions_read_all,[],mas_permisivo,lectura,perm_read_all,[]
507,2460,microsoft/skills,.github/workflows/update-llms-txt.md,strict,False,,implicito,,[],,,,
507,2460,microsoft/skills,.github/workflows/update-llms-txt.md,tools.bash,True,"[""python3"", ""pip"", ""git"", ""diff""]",modificado,bash_other_list,[],sin_direccion,,bash_dir_agrega_y_quita,[]
507,2460,microsoft/skills,.github/workflows/update-llms-txt.md,network,True,"{""allowed"": [""defaults"", ""learn.microsoft.com"", ""pypi.org"", ""files.pythonhosted.org""]}",modificado,network_resto,[],mas_permisivo,dominios,network_dir_defaults_mas_otros,[]
507,2460,microsoft/skills,.github/workflows/update-llms-txt.md,permissions,True,"{""contents"": ""read"", ""issues"": ""read"", ""pull-requests"": ""read""}",modificado,permissions_resto,[],mas_permisivo,lectura,perm_lecturas_con_contents,[]
508,2468,copilot-community-sdk/copilot-sdk-java,.github/workflows/weekly-upstream-sync.md,strict,False,,implicito,,[],,,,
508,2468,copilot-community-sdk/copilot-sdk-java,.github/workflows/weekly-upstream-sync.md,tools.bash,False,,implicito,,[],,,,
508,2468,copilot-community-sdk/copilot-sdk-java,.github/workflows/weekly-upstream-sync.md,network,True,"{""allowed"": [""defaults"", ""github""]}",modificado,network_resto,[],mas_permisivo,dominios,network_dir_defaults_mas_otros,[]
508,2468,copilot-community-sdk/copilot-sdk-java,.github/workflows/weekly-upstream-sync.md,permissions,True,"{""actions"": ""read"", ""contents"": ""read"", ""issues"": ""read""}",modificado,permissions_resto,[],mas_permisivo,lectura,perm_lecturas_con_contents,[]
509,2470,chrisreddington/flight-school,.github/workflows/daily-accessibility-review.md,strict,False,,implicito,,[],,,,
509,2470,chrisreddington/flight-school,.github/workflows/daily-accessibility-review.md,tools.bash,True,true,modificado,bash_true,[],mas_permisivo,comandos,bash_dir_true,[]
509,2470,chrisreddington/flight-school,.github/workflows/daily-accessibility-review.md,network,True,"""defaults""",explicito_igual_default,network_defaults,[],,,,
509,2470,chrisreddington/flight-school,.github/workflows/daily-accessibility-review.md,permissions,True,"""read-all""",modificado,permissions_read_all,[],mas_permisivo,lectura,perm_read_all,[]
510,2472,chrisreddington/flight-school,.github/workflows/daily-perf-improver.md,strict,False,,implicito,,[],,,,
510,2472,chrisreddington/flight-school,.github/workflows/daily-perf-improver.md,tools.bash,True,"[""npm:*"", ""npx:*"", ""node:*"", ""cat"", ""grep"", ""wc"", ""head"", ""tail"", ""sort"", ""find"", ""diff"", ""echo"", ""ls"", ""pwd""]",modificado,bash_other_list,[],sin_direccion,,bash_dir_agrega_y_quita,[]
510,2472,chrisreddington/flight-school,.github/workflows/daily-perf-improver.md,network,True,"{""allowed"": [""defaults"", ""node""]}",modificado,network_resto,[],mas_permisivo,dominios,network_dir_defaults_mas_otros,[]
510,2472,chrisreddington/flight-school,.github/workflows/daily-perf-improver.md,permissions,True,"""read-all""",modificado,permissions_read_all,[],mas_permisivo,lectura,perm_read_all,[]
511,2476,chrisreddington/flight-school,.github/workflows/daily-qa.md,strict,False,,implicito,,[],,,,
511,2476,chrisreddington/flight-school,.github/workflows/daily-qa.md,tools.bash,True,true,modificado,bash_true,[],mas_permisivo,comandos,bash_dir_true,[]
511,2476,chrisreddington/flight-school,.github/workflows/daily-qa.md,network,True,"""defaults""",explicito_igual_default,network_defaults,[],,,,
511,2476,chrisreddington/flight-school,.github/workflows/daily-qa.md,permissions,True,"""read-all""",modificado,permissions_read_all,[],mas_permisivo,lectura,perm_read_all,[]
512,2479,chrisreddington/flight-school,.github/workflows/daily-test-improver.md,strict,False,,implicito,,[],,,,
512,2479,chrisreddington/flight-school,.github/workflows/daily-test-improver.md,tools.bash,True,true,modificado,bash_true,[],mas_permisivo,comandos,bash_dir_true,[]
512,2479,chrisreddington/flight-school,.github/workflows/daily-test-improver.md,network,True,"""defaults""",explicito_igual_default,network_defaults,[],,,,
512,2479,chrisreddington/flight-school,.github/workflows/daily-test-improver.md,permissions,True,"""read-all""",modificado,permissions_read_all,[],mas_permisivo,lectura,perm_read_all,[]
513,2480,chrisreddington/flight-school,.github/workflows/issue-triage.md,strict,False,,implicito,,[],,,,
513,2480,chrisreddington/flight-school,.github/workflows/issue-triage.md,tools.bash,False,,implicito,,[],,,,
513,2480,chrisreddington/flight-school,.github/workflows/issue-triage.md,network,True,"""defaults""",explicito_igual_default,network_defaults,[],,,,
513,2480,chrisreddington/flight-school,.github/workflows/issue-triage.md,permissions,True,"""read-all""",modificado,permissions_read_all,[],mas_permisivo,lectura,perm_read_all,[]
514,2481,f/prompts.chat,.github/workflows/spam-check.md,strict,False,,implicito,,[],,,,
514,2481,f/prompts.chat,.github/workflows/spam-check.md,tools.bash,False,,implicito,,[],,,,
514,2481,f/prompts.chat,.github/workflows/spam-check.md,network,False,,implicito,,[],,,,
514,2481,f/prompts.chat,.github/workflows/spam-check.md,permissions,True,"{""contents"": ""read"", ""issues"": ""read"", ""pull-requests"": ""read""}",modificado,permissions_resto,[],mas_permisivo,lectura,perm_lecturas_con_contents,[]
515,2488,microsoft/GitHub-Copilot-for-Azure,.github/workflows/analyze-test-run.md,strict,False,,implicito,,[],,,,
515,2488,microsoft/GitHub-Copilot-for-Azure,.github/workflows/analyze-test-run.md,tools.bash,False,,implicito,,[],,,,
515,2488,microsoft/GitHub-Copilot-for-Azure,.github/workflows/analyze-test-run.md,network,True,"{""allowed"": [""defaults"", ""github"", ""*.blob.core.windows.net""]}",modificado,network_resto,[],mas_permisivo,dominios,network_dir_defaults_mas_otros,[]
515,2488,microsoft/GitHub-Copilot-for-Azure,.github/workflows/analyze-test-run.md,permissions,True,"{""actions"": ""read"", ""contents"": ""read"", ""issues"": ""read""}",modificado,permissions_resto,[],mas_permisivo,lectura,perm_lecturas_con_contents,[]
516,2492,microsoft/GitHub-Copilot-for-Azure,.github/workflows/issue-triage.md,strict,False,,implicito,,[],,,,
516,2492,microsoft/GitHub-Copilot-for-Azure,.github/workflows/issue-triage.md,tools.bash,False,,implicito,,[],,,,
516,2492,microsoft/GitHub-Copilot-for-Azure,.github/workflows/issue-triage.md,network,True,{},modificado,network_empty,[],mas_estricto,,network_dir_empty,[]
516,2492,microsoft/GitHub-Copilot-for-Azure,.github/workflows/issue-triage.md,permissions,True,"{""contents"": ""read"", ""issues"": ""read""}",modificado,permissions_resto,[],mas_permisivo,lectura,perm_lecturas_con_contents,[]
517,2498,microsoft/GitHub-Copilot-for-Azure,.github/workflows/weekly-repo-status.md,strict,False,,implicito,,[],,,,
517,2498,microsoft/GitHub-Copilot-for-Azure,.github/workflows/weekly-repo-status.md,tools.bash,False,,implicito,,[],,,,
517,2498,microsoft/GitHub-Copilot-for-Azure,.github/workflows/weekly-repo-status.md,network,True,"""defaults""",explicito_igual_default,network_defaults,[],,,,
517,2498,microsoft/GitHub-Copilot-for-Azure,.github/workflows/weekly-repo-status.md,permissions,True,"{""contents"": ""read"", ""issues"": ""read"", ""pull-requests"": ""read""}",modificado,permissions_resto,[],mas_permisivo,lectura,perm_lecturas_con_contents,[]
518,2499,pulumi/pulumi-docker-build,.github/workflows/gh-aw-pr-rereview.md,strict,True,true,explicito_igual_default,strict_true,[],,,,
518,2499,pulumi/pulumi-docker-build,.github/workflows/gh-aw-pr-rereview.md,tools.bash,False,,implicito,,[],,,,
518,2499,pulumi/pulumi-docker-build,.github/workflows/gh-aw-pr-rereview.md,network,False,,implicito,,[],,,,
518,2499,pulumi/pulumi-docker-build,.github/workflows/gh-aw-pr-rereview.md,permissions,True,"{""contents"": ""read"", ""id-token"": ""write"", ""pull-requests"": ""read""}",modificado,permissions_resto,[],mas_permisivo,autenticacion,perm_escritura_solo_autenticacion,[]
519,2500,pulumi/pulumi-docker-build,.github/workflows/gh-aw-pr-review.md,strict,True,true,explicito_igual_default,strict_true,[],,,,
519,2500,pulumi/pulumi-docker-build,.github/workflows/gh-aw-pr-review.md,tools.bash,False,,implicito,,[],,,,
519,2500,pulumi/pulumi-docker-build,.github/workflows/gh-aw-pr-review.md,network,False,,implicito,,[],,,,
519,2500,pulumi/pulumi-docker-build,.github/workflows/gh-aw-pr-review.md,permissions,True,"{""contents"": ""read"", ""id-token"": ""write"", ""pull-requests"": ""read""}",modificado,permissions_resto,[],mas_permisivo,autenticacion,perm_escritura_solo_autenticacion,[]
520,2501,influxdata/docs-v2,.github/workflows/weekly-repo-status.md,strict,False,,implicito,,[],,,,
520,2501,influxdata/docs-v2,.github/workflows/weekly-repo-status.md,tools.bash,False,,implicito,,[],,,,
520,2501,influxdata/docs-v2,.github/workflows/weekly-repo-status.md,network,True,"""defaults""",explicito_igual_default,network_defaults,[],,,,
520,2501,influxdata/docs-v2,.github/workflows/weekly-repo-status.md,permissions,True,"{""contents"": ""read"", ""issues"": ""read"", ""pull-requests"": ""read""}",modificado,permissions_resto,[],mas_permisivo,lectura,perm_lecturas_con_contents,[]
521,2502,Flare-Animate/Flare,.github/workflows/agentic-auto-fix.md,strict,False,,implicito,,[],,,,
521,2502,Flare-Animate/Flare,.github/workflows/agentic-auto-fix.md,tools.bash,False,,implicito,,[],,,,
521,2502,Flare-Animate/Flare,.github/workflows/agentic-auto-fix.md,network,False,,implicito,,[],,,,
521,2502,Flare-Animate/Flare,.github/workflows/agentic-auto-fix.md,permissions,True,"{""contents"": ""write"", ""issues"": ""write"", ""pull-requests"": ""write""}",modificado,permissions_resto,[],mas_permisivo,escritura,perm_escritura_repo,[]
522,2503,vbuch/oboapp,.github/workflows/ci-failure-fix.md,strict,False,,implicito,,[],,,,
522,2503,vbuch/oboapp,.github/workflows/ci-failure-fix.md,tools.bash,False,,implicito,,[],,,,
522,2503,vbuch/oboapp,.github/workflows/ci-failure-fix.md,network,False,,implicito,,[],,,,
522,2503,vbuch/oboapp,.github/workflows/ci-failure-fix.md,permissions,True,"{""actions"": ""read"", ""contents"": ""read"", ""issues"": ""read"", ""pull-requests"": ""read""}",modificado,permissions_resto,[],mas_permisivo,lectura,perm_lecturas_con_contents,[]
523,2504,shanselman/winget-tui,.github/workflows/repo-assist.md,strict,False,,implicito,,[],,,,
523,2504,shanselman/winget-tui,.github/workflows/repo-assist.md,tools.bash,True,true,modificado,bash_true,[],mas_permisivo,comandos,bash_dir_true,[]
523,2504,shanselman/winget-tui,.github/workflows/repo-assist.md,network,True,"{""allowed"": [""defaults"", ""dotnet"", ""node"", ""python"", ""rust"", ""java""]}",modificado,network_resto,[],mas_permisivo,dominios,network_dir_defaults_mas_otros,[]
523,2504,shanselman/winget-tui,.github/workflows/repo-assist.md,permissions,True,"""read-all""",modificado,permissions_read_all,[],mas_permisivo,lectura,perm_read_all,[]
524,2507,chimon2000/good_first_issue,.github/workflows/code-simplifier.md,strict,True,true,explicito_igual_default,strict_true,[],,,,
524,2507,chimon2000/good_first_issue,.github/workflows/code-simplifier.md,tools.bash,False,,implicito,,[],,,,
524,2507,chimon2000/good_first_issue,.github/workflows/code-simplifier.md,network,False,,implicito,,[],,,,
524,2507,chimon2000/good_first_issue,.github/workflows/code-simplifier.md,permissions,True,"{""contents"": ""read"", ""issues"": ""read"", ""pull-requests"": ""read""}",modificado,permissions_resto,[],mas_permisivo,lectura,perm_lecturas_con_contents,[]
525,2511,chimon2000/good_first_issue,.github/workflows/duplicate-code-detector.md,strict,True,true,explicito_igual_default,strict_true,[],,,,
525,2511,chimon2000/good_first_issue,.github/workflows/duplicate-code-detector.md,tools.bash,False,,implicito,,[],,,,
525,2511,chimon2000/good_first_issue,.github/workflows/duplicate-code-detector.md,network,False,,implicito,,[],,,,
525,2511,chimon2000/good_first_issue,.github/workflows/duplicate-code-detector.md,permissions,True,"{""contents"": ""read"", ""issues"": ""read"", ""pull-requests"": ""read""}",modificado,permissions_resto,[],mas_permisivo,lectura,perm_lecturas_con_contents,[]
526,2513,intent-integrity-chain/kit,.github/workflows/review-anthropic.md,strict,False,,implicito,,[],,,,
526,2513,intent-integrity-chain/kit,.github/workflows/review-anthropic.md,tools.bash,True,"[""cat"", ""ls"", ""head"", ""tail"", ""wc"", ""grep"", ""find"", ""git diff *"", ""git log *"", ""git show *"", ""gh pr diff *"", ""gh pr view *""]",modificado,bash_other_list,[],sin_direccion,,bash_dir_agrega_y_quita,[]
526,2513,intent-integrity-chain/kit,.github/workflows/review-anthropic.md,network,True,"{""allowed"": [""defaults""]}",explicito_igual_default,network_allowed_defaults,[],,,,
526,2513,intent-integrity-chain/kit,.github/workflows/review-anthropic.md,permissions,True,"{""contents"": ""read"", ""pull-requests"": ""read""}",modificado,permissions_resto,[],mas_permisivo,lectura,perm_lecturas_con_contents,[]
527,2515,intent-integrity-chain/kit,.github/workflows/review-openai.md,strict,False,,implicito,,[],,,,
527,2515,intent-integrity-chain/kit,.github/workflows/review-openai.md,tools.bash,True,"[""cat"", ""ls"", ""head"", ""tail"", ""wc"", ""grep"", ""find"", ""git diff *"", ""git log *"", ""git show *"", ""gh pr diff *"", ""gh pr view *""]",modificado,bash_other_list,[],sin_direccion,,bash_dir_agrega_y_quita,[]
527,2515,intent-integrity-chain/kit,.github/workflows/review-openai.md,network,True,"{""allowed"": [""defaults"", ""github"", ""threat-detection"", ""ab.chatgpt.com"", ""chatgpt.com""]}",modificado,network_resto,[],mas_permisivo,dominios,network_dir_defaults_mas_otros,[]
527,2515,intent-integrity-chain/kit,.github/workflows/review-openai.md,permissions,True,"{""contents"": ""read"", ""pull-requests"": ""read""}",modificado,permissions_resto,[],mas_permisivo,lectura,perm_lecturas_con_contents,[]
528,2518,doggy8088/Apptopia,.github/workflows/issue-auto-labeler.md,strict,False,,implicito,,[],,,,
528,2518,doggy8088/Apptopia,.github/workflows/issue-auto-labeler.md,tools.bash,False,,implicito,,[],,,,
528,2518,doggy8088/Apptopia,.github/workflows/issue-auto-labeler.md,network,False,,implicito,,[],,,,
528,2518,doggy8088/Apptopia,.github/workflows/issue-auto-labeler.md,permissions,True,"{""contents"": ""read"", ""issues"": ""read"", ""pull-requests"": ""read""}",modificado,permissions_resto,[],mas_permisivo,lectura,perm_lecturas_con_contents,[]
529,2529,PureWeen/PolyPilot,.github/workflows/agent-fix.md,strict,False,,implicito,,[],,,,
529,2529,PureWeen/PolyPilot,.github/workflows/agent-fix.md,tools.bash,False,,implicito,,[],,,,
529,2529,PureWeen/PolyPilot,.github/workflows/agent-fix.md,network,True,"{""allowed"": [""defaults"", ""dotnet""]}",modificado,network_resto,[],mas_permisivo,dominios,network_dir_defaults_mas_otros,[]
529,2529,PureWeen/PolyPilot,.github/workflows/agent-fix.md,permissions,True,"{""contents"": ""read"", ""issues"": ""read"", ""pull-requests"": ""read""}",modificado,permissions_resto,[],mas_permisivo,lectura,perm_lecturas_con_contents,[]
530,2545,PureWeen/PolyPilot,.github/workflows/dep-update.md,strict,False,,implicito,,[],,,,
530,2545,PureWeen/PolyPilot,.github/workflows/dep-update.md,tools.bash,False,,implicito,,[],,,,
530,2545,PureWeen/PolyPilot,.github/workflows/dep-update.md,network,True,"{""allowed"": [""defaults"", ""dotnet""]}",modificado,network_resto,[],mas_permisivo,dominios,network_dir_defaults_mas_otros,[]
530,2545,PureWeen/PolyPilot,.github/workflows/dep-update.md,permissions,True,"{""contents"": ""read"", ""pull-requests"": ""read""}",modificado,permissions_resto,[],mas_permisivo,lectura,perm_lecturas_con_contents,[]
531,2546,PureWeen/PolyPilot,.github/workflows/expert-review.md,strict,False,,implicito,,[],,,,
531,2546,PureWeen/PolyPilot,.github/workflows/expert-review.md,tools.bash,False,,implicito,,[],,,,
531,2546,PureWeen/PolyPilot,.github/workflows/expert-review.md,network,True,"{""allowed"": [""defaults""]}",explicito_igual_default,network_allowed_defaults,[],,,,
531,2546,PureWeen/PolyPilot,.github/workflows/expert-review.md,permissions,True,"{""contents"": ""read"", ""pull-requests"": ""read""}",modificado,permissions_resto,[],mas_permisivo,lectura,perm_lecturas_con_contents,[]
532,2551,PureWeen/PolyPilot,.github/workflows/fix-review-findings.md,strict,False,,implicito,,[],,,,
532,2551,PureWeen/PolyPilot,.github/workflows/fix-review-findings.md,tools.bash,False,,implicito,,[],,,,
532,2551,PureWeen/PolyPilot,.github/workflows/fix-review-findings.md,network,True,"{""allowed"": [""defaults"", ""dotnet""]}",modificado,network_resto,[],mas_permisivo,dominios,network_dir_defaults_mas_otros,[]
532,2551,PureWeen/PolyPilot,.github/workflows/fix-review-findings.md,permissions,True,"{""contents"": ""read"", ""issues"": ""read"", ""pull-requests"": ""read""}",modificado,permissions_resto,[],mas_permisivo,lectura,perm_lecturas_con_contents,[]
533,2552,PureWeen/PolyPilot,.github/workflows/fix.agent.md,strict,False,,implicito,,[],,,,
533,2552,PureWeen/PolyPilot,.github/workflows/fix.agent.md,tools.bash,False,,implicito,,[],,,,
533,2552,PureWeen/PolyPilot,.github/workflows/fix.agent.md,network,True,"{""allowed"": [""defaults"", ""dotnet""]}",modificado,network_resto,[],mas_permisivo,dominios,network_dir_defaults_mas_otros,[]
533,2552,PureWeen/PolyPilot,.github/workflows/fix.agent.md,permissions,True,"{""contents"": ""read"", ""pull-requests"": ""read""}",modificado,permissions_resto,[],mas_permisivo,lectura,perm_lecturas_con_contents,[]
534,2563,PureWeen/PolyPilot,.github/workflows/instruction-drift.agent.md,strict,False,,implicito,,[],,,,
534,2563,PureWeen/PolyPilot,.github/workflows/instruction-drift.agent.md,tools.bash,False,,implicito,,[],,,,
534,2563,PureWeen/PolyPilot,.github/workflows/instruction-drift.agent.md,network,True,"{""allowed"": [""defaults"", ""dotnet""]}",modificado,network_resto,[],mas_permisivo,dominios,network_dir_defaults_mas_otros,[]
534,2563,PureWeen/PolyPilot,.github/workflows/instruction-drift.agent.md,permissions,True,"{""contents"": ""read"", ""pull-requests"": ""read""}",modificado,permissions_resto,[],mas_permisivo,lectura,perm_lecturas_con_contents,[]
535,2568,PureWeen/PolyPilot,.github/workflows/review-on-open.agent.md,strict,False,,implicito,,[],,,,
535,2568,PureWeen/PolyPilot,.github/workflows/review-on-open.agent.md,tools.bash,False,,implicito,,[],,,,
535,2568,PureWeen/PolyPilot,.github/workflows/review-on-open.agent.md,network,True,"{""allowed"": [""defaults"", ""dotnet""]}",modificado,network_resto,[],mas_permisivo,dominios,network_dir_defaults_mas_otros,[]
535,2568,PureWeen/PolyPilot,.github/workflows/review-on-open.agent.md,permissions,True,"{""contents"": ""read"", ""pull-requests"": ""read""}",modificado,permissions_resto,[],mas_permisivo,lectura,perm_lecturas_con_contents,[]
536,2570,PureWeen/PolyPilot,.github/workflows/review-retro.agent.md,strict,False,,implicito,,[],,,,
536,2570,PureWeen/PolyPilot,.github/workflows/review-retro.agent.md,tools.bash,False,,implicito,,[],,,,
536,2570,PureWeen/PolyPilot,.github/workflows/review-retro.agent.md,network,True,"{""allowed"": [""defaults"", ""dotnet""]}",modificado,network_resto,[],mas_permisivo,dominios,network_dir_defaults_mas_otros,[]
536,2570,PureWeen/PolyPilot,.github/workflows/review-retro.agent.md,permissions,True,"{""contents"": ""read"", ""pull-requests"": ""read""}",modificado,permissions_resto,[],mas_permisivo,lectura,perm_lecturas_con_contents,[]
537,2571,jurre/huebar,.github/workflows/code-review.md,strict,False,,implicito,,[],,,,
537,2571,jurre/huebar,.github/workflows/code-review.md,tools.bash,False,,implicito,,[],,,,
537,2571,jurre/huebar,.github/workflows/code-review.md,network,False,,implicito,,[],,,,
537,2571,jurre/huebar,.github/workflows/code-review.md,permissions,True,"{""contents"": ""read"", ""pull-requests"": ""read""}",modificado,permissions_resto,[],mas_permisivo,lectura,perm_lecturas_con_contents,[]
538,2572,jurre/huebar,.github/workflows/release-notes.md,strict,False,,implicito,,[],,,,
538,2572,jurre/huebar,.github/workflows/release-notes.md,tools.bash,False,,implicito,,[],,,,
538,2572,jurre/huebar,.github/workflows/release-notes.md,network,False,,implicito,,[],,,,
538,2572,jurre/huebar,.github/workflows/release-notes.md,permissions,True,"{""contents"": ""read"", ""pull-requests"": ""read""}",modificado,permissions_resto,[],mas_permisivo,lectura,perm_lecturas_con_contents,[]
539,2576,popey/sbom-vm,.github/workflows/repo-assist.md,strict,False,,implicito,,[],,,,
539,2576,popey/sbom-vm,.github/workflows/repo-assist.md,tools.bash,True,true,modificado,bash_true,[],mas_permisivo,comandos,bash_dir_true,[]
539,2576,popey/sbom-vm,.github/workflows/repo-assist.md,network,True,"{""allowed"": [""defaults"", ""dotnet"", ""node"", ""python"", ""rust"", ""java""]}",modificado,network_resto,[],mas_permisivo,dominios,network_dir_defaults_mas_otros,[]
539,2576,popey/sbom-vm,.github/workflows/repo-assist.md,permissions,True,"""read-all""",modificado,permissions_read_all,[],mas_permisivo,lectura,perm_read_all,[]
540,2579,zircote/rlm-rs,.github/workflows/ci-doctor.md,strict,False,,implicito,,[],,,,
540,2579,zircote/rlm-rs,.github/workflows/ci-doctor.md,tools.bash,False,,implicito,,[],,,,
540,2579,zircote/rlm-rs,.github/workflows/ci-doctor.md,network,True,"""defaults""",explicito_igual_default,network_defaults,[],,,,
540,2579,zircote/rlm-rs,.github/workflows/ci-doctor.md,permissions,True,"""read-all""",modificado,permissions_read_all,[],mas_permisivo,lectura,perm_read_all,[]
541,2581,zircote/rlm-rs,.github/workflows/daily-qa.md,strict,False,,implicito,,[],,,,
541,2581,zircote/rlm-rs,.github/workflows/daily-qa.md,tools.bash,True,true,modificado,bash_true,[],mas_permisivo,comandos,bash_dir_true,[]
541,2581,zircote/rlm-rs,.github/workflows/daily-qa.md,network,True,"""defaults""",explicito_igual_default,network_defaults,[],,,,
541,2581,zircote/rlm-rs,.github/workflows/daily-qa.md,permissions,True,"""read-all""",modificado,permissions_read_all,[],mas_permisivo,lectura,perm_read_all,[]
542,2582,zircote/rlm-rs,.github/workflows/docs-freshness.md,strict,False,,implicito,,[],,,,
542,2582,zircote/rlm-rs,.github/workflows/docs-freshness.md,tools.bash,True,"[""echo"", ""cat"", ""grep"", ""node"", ""npm"", ""npx""]",modificado,bash_other_list,[],sin_direccion,,bash_dir_agrega_y_quita,[]
542,2582,zircote/rlm-rs,.github/workflows/docs-freshness.md,network,False,,implicito,,[],,,,
542,2582,zircote/rlm-rs,.github/workflows/docs-freshness.md,permissions,True,"{""contents"": ""read"", ""issues"": ""read""}",modificado,permissions_resto,[],mas_permisivo,lectura,perm_lecturas_con_contents,[]
543,2583,zircote/rlm-rs,.github/workflows/issue-triage.md,strict,False,,implicito,,[],,,,
543,2583,zircote/rlm-rs,.github/workflows/issue-triage.md,tools.bash,False,,implicito,,[],,,,
543,2583,zircote/rlm-rs,.github/workflows/issue-triage.md,network,True,"""defaults""",explicito_igual_default,network_defaults,[],,,,
543,2583,zircote/rlm-rs,.github/workflows/issue-triage.md,permissions,True,"""read-all""",modificado,permissions_read_all,[],mas_permisivo,lectura,perm_read_all,[]
544,2589,brunoborges/jairosvg,.github/workflows/effort-labeler.md,strict,False,,implicito,,[],,,,
544,2589,brunoborges/jairosvg,.github/workflows/effort-labeler.md,tools.bash,False,,implicito,,[],,,,
544,2589,brunoborges/jairosvg,.github/workflows/effort-labeler.md,network,False,,implicito,,[],,,,
544,2589,brunoborges/jairosvg,.github/workflows/effort-labeler.md,permissions,True,"{""contents"": ""read"", ""issues"": ""read"", ""models"": ""read""}",modificado,permissions_resto,[],mas_permisivo,lectura,perm_lecturas_con_contents,[]
545,2591,microsoft/agentrc,.github/workflows/ci-doctor.md,strict,True,true,explicito_igual_default,strict_true,[],,,,
545,2591,microsoft/agentrc,.github/workflows/ci-doctor.md,tools.bash,False,,implicito,,[],,,,
545,2591,microsoft/agentrc,.github/workflows/ci-doctor.md,network,True,"""defaults""",explicito_igual_default,network_defaults,[],,,,
545,2591,microsoft/agentrc,.github/workflows/ci-doctor.md,permissions,True,"{""actions"": ""read"", ""contents"": ""read"", ""issues"": ""read"", ""pull-requests"": ""read""}",modificado,permissions_resto,[],mas_permisivo,lectura,perm_lecturas_con_contents,[]
546,2593,microsoft/agentrc,.github/workflows/code-simplifier.md,strict,True,true,explicito_igual_default,strict_true,[],,,,
546,2593,microsoft/agentrc,.github/workflows/code-simplifier.md,tools.bash,True,"[""npm test"", ""npm run lint"", ""npm run typecheck"", ""npm run build"", ""cd vscode-extension && npx tsc --noEmit"", ""git log"", ""git diff"", ""git show"", ""cat .github/copilot-instructions.md"", ""find src -name '*.ts' -o -name '*.tsx'"", ""find vscode-extension/src -name '*.ts' -o -name '*.tsx'"", ""grep -rn --include='*.ts' '.' src vscode-extension/src""]",modificado,bash_other_list,[],sin_direccion,,bash_dir_agrega_y_quita,[]
546,2593,microsoft/agentrc,.github/workflows/code-simplifier.md,network,True,"""defaults""",explicito_igual_default,network_defaults,[],,,,
546,2593,microsoft/agentrc,.github/workflows/code-simplifier.md,permissions,True,"{""contents"": ""read"", ""issues"": ""read"", ""pull-requests"": ""read""}",modificado,permissions_resto,[],mas_permisivo,lectura,perm_lecturas_con_contents,[]
547,2596,microsoft/agentrc,.github/workflows/daily-doc-updater.md,strict,True,true,explicito_igual_default,strict_true,[],,,,
547,2596,microsoft/agentrc,.github/workflows/daily-doc-updater.md,tools.bash,True,"[""find docs -name '*.md'"", ""find . -maxdepth 1 -name '*.md'"", ""find .github -name '*.md' -o -name '*.instructions.md'"", ""find vscode-extension -name '*.md'"", ""cat README.md"", ""cat CONTRIBUTING.md"", ""cat CHANGELOG.md"", ""cat .github/copilot-instructions.md"", ""cat vscode-extension/README.md"", ""grep -rn --include='*.md' '.' ."", ""git log"", ""git diff"", ""git show""]",modificado,bash_other_list,[],sin_direccion,,bash_dir_agrega_y_quita,[]
547,2596,microsoft/agentrc,.github/workflows/daily-doc-updater.md,network,True,"""defaults""",explicito_igual_default,network_defaults,[],,,,
547,2596,microsoft/agentrc,.github/workflows/daily-doc-updater.md,permissions,True,"{""contents"": ""read"", ""issues"": ""read"", ""pull-requests"": ""read""}",modificado,permissions_resto,[],mas_permisivo,lectura,perm_lecturas_con_contents,[]
548,2603,asizikov-demos/copilot-user-level-statistics-viewer,.github/workflows/code-duplication-scan.md,strict,True,true,explicito_igual_default,strict_true,[],,,,
548,2603,asizikov-demos/copilot-user-level-statistics-viewer,.github/workflows/code-duplication-scan.md,tools.bash,True,"[""find:*"", ""grep:*"", ""sed:*"", ""awk:*"", ""sort:*"", ""uniq:*"", ""head:*"", ""tail:*"", ""wc:*"", ""git:*"", ""node:*""]",modificado,bash_other_list,[],sin_direccion,,bash_dir_agrega_y_quita,[]
548,2603,asizikov-demos/copilot-user-level-statistics-viewer,.github/workflows/code-duplication-scan.md,network,True,"""defaults""",explicito_igual_default,network_defaults,[],,,,
548,2603,asizikov-demos/copilot-user-level-statistics-viewer,.github/workflows/code-duplication-scan.md,permissions,True,"{""actions"": ""read"", ""contents"": ""read"", ""copilot-requests"": ""write"", ""issues"": ""read""}",modificado,permissions_resto,[],mas_permisivo,autenticacion,perm_escritura_solo_autenticacion,[]
549,2606,asizikov-demos/copilot-user-level-statistics-viewer,.github/workflows/dependency-audit.md,strict,True,true,explicito_igual_default,strict_true,[],,,,
549,2606,asizikov-demos/copilot-user-level-statistics-viewer,.github/workflows/dependency-audit.md,tools.bash,True,"[""npm:*"", ""node:*"", ""npx:*"", ""cat:*"", ""jq:*"", ""git:*""]",modificado,bash_other_list,[],sin_direccion,,bash_dir_agrega_y_quita,[]
549,2606,asizikov-demos/copilot-user-level-statistics-viewer,.github/workflows/dependency-audit.md,network,True,"""defaults""",explicito_igual_default,network_defaults,[],,,,
549,2606,asizikov-demos/copilot-user-level-statistics-viewer,.github/workflows/dependency-audit.md,permissions,True,"{""actions"": ""read"", ""contents"": ""read"", ""copilot-requests"": ""write"", ""pull-requests"": ""read""}",modificado,permissions_resto,[],mas_permisivo,autenticacion,perm_escritura_solo_autenticacion,[]
550,2608,SonarSource/sonarqube-cli,.github/workflows/ci-failure-triage-agent.md,strict,False,,implicito,,[],,,,
550,2608,SonarSource/sonarqube-cli,.github/workflows/ci-failure-triage-agent.md,tools.bash,False,,implicito,,[],,,,
550,2608,SonarSource/sonarqube-cli,.github/workflows/ci-failure-triage-agent.md,network,False,,implicito,,[],,,,
550,2608,SonarSource/sonarqube-cli,.github/workflows/ci-failure-triage-agent.md,permissions,True,"{""actions"": ""read"", ""contents"": ""read"", ""issues"": ""read"", ""pull-requests"": ""read""}",modificado,permissions_resto,[],mas_permisivo,lectura,perm_lecturas_con_contents,[]
551,2610,henrybravo/docker-sandbox-run-copilot,.github/workflows/check-copilot-version.md,strict,False,,implicito,,[],,,,
551,2610,henrybravo/docker-sandbox-run-copilot,.github/workflows/check-copilot-version.md,tools.bash,True,true,modificado,bash_true,[],mas_permisivo,comandos,bash_dir_true,[]
551,2610,henrybravo/docker-sandbox-run-copilot,.github/workflows/check-copilot-version.md,network,False,,implicito,,[],,,,
551,2610,henrybravo/docker-sandbox-run-copilot,.github/workflows/check-copilot-version.md,permissions,True,"{""contents"": ""read"", ""issues"": ""read"", ""pull-requests"": ""read""}",modificado,permissions_resto,[],mas_permisivo,lectura,perm_lecturas_con_contents,[]
552,2613,elastic/elastic-docs-skills,.github/workflows/skill-eval-test.md,strict,False,,implicito,,[],,,,
552,2613,elastic/elastic-docs-skills,.github/workflows/skill-eval-test.md,tools.bash,False,,implicito,,[],,,,
552,2613,elastic/elastic-docs-skills,.github/workflows/skill-eval-test.md,network,True,"{""allowed"": [""defaults"", ""www.elastic.co"", ""docs-v3-preview.elastic.dev""]}",modificado,network_resto,[],mas_permisivo,dominios,network_dir_defaults_mas_otros,[]
552,2613,elastic/elastic-docs-skills,.github/workflows/skill-eval-test.md,permissions,True,"{""contents"": ""read"", ""copilot-requests"": ""write"", ""issues"": ""read"", ""pull-requests"": ""read""}",modificado,permissions_resto,[],mas_permisivo,autenticacion,perm_escritura_solo_autenticacion,[]
553,2624,elastic/elastic-docs-skills,.github/workflows/skill-freshness.md,strict,False,,implicito,,[],,,,
553,2624,elastic/elastic-docs-skills,.github/workflows/skill-freshness.md,tools.bash,False,,implicito,,[],,,,
553,2624,elastic/elastic-docs-skills,.github/workflows/skill-freshness.md,network,True,"{""allowed"": [""defaults"", ""www.elastic.co"", ""docs-v3-preview.elastic.dev""]}",modificado,network_resto,[],mas_permisivo,dominios,network_dir_defaults_mas_otros,[]
553,2624,elastic/elastic-docs-skills,.github/workflows/skill-freshness.md,permissions,True,"{""contents"": ""read"", ""copilot-requests"": ""write"", ""issues"": ""read"", ""pull-requests"": ""read""}",modificado,permissions_resto,[],mas_permisivo,autenticacion,perm_escritura_solo_autenticacion,[]
554,2628,elastic/elastic-docs-skills,.github/workflows/skill-quality-review.md,strict,False,,implicito,,[],,,,
554,2628,elastic/elastic-docs-skills,.github/workflows/skill-quality-review.md,tools.bash,False,,implicito,,[],,,,
554,2628,elastic/elastic-docs-skills,.github/workflows/skill-quality-review.md,network,True,"{""allowed"": [""defaults"", ""docs.anthropic.com"", ""www.elastic.co""]}",modificado,network_resto,[],mas_permisivo,dominios,network_dir_defaults_mas_otros,[]
554,2628,elastic/elastic-docs-skills,.github/workflows/skill-quality-review.md,permissions,True,"{""contents"": ""read"", ""copilot-requests"": ""write"", ""issues"": ""read"", ""pull-requests"": ""read""}",modificado,permissions_resto,[],mas_permisivo,autenticacion,perm_escritura_solo_autenticacion,[]
555,2629,AndreaGriffiths11/IssueCrush,.github/workflows/daily-repo-status.md,strict,False,,implicito,,[],,,,
555,2629,AndreaGriffiths11/IssueCrush,.github/workflows/daily-repo-status.md,tools.bash,False,,implicito,,[],,,,
555,2629,AndreaGriffiths11/IssueCrush,.github/workflows/daily-repo-status.md,network,True,"""defaults""",explicito_igual_default,network_defaults,[],,,,
555,2629,AndreaGriffiths11/IssueCrush,.github/workflows/daily-repo-status.md,permissions,True,"{""contents"": ""read"", ""issues"": ""read"", ""pull-requests"": ""read""}",modificado,permissions_resto,[],mas_permisivo,lectura,perm_lecturas_con_contents,[]
556,2630,AndreaGriffiths11/IssueCrush,.github/workflows/update-docs.md,strict,False,,implicito,,[],,,,
556,2630,AndreaGriffiths11/IssueCrush,.github/workflows/update-docs.md,tools.bash,True,true,modificado,bash_true,[],mas_permisivo,comandos,bash_dir_true,[]
556,2630,AndreaGriffiths11/IssueCrush,.github/workflows/update-docs.md,network,True,"""defaults""",explicito_igual_default,network_defaults,[],,,,
556,2630,AndreaGriffiths11/IssueCrush,.github/workflows/update-docs.md,permissions,True,"""read-all""",modificado,permissions_read_all,[],mas_permisivo,lectura,perm_read_all,[]
557,2631,hatch3r/hatch3r,.github/workflows/generate-docusaurus-docs.md,strict,False,,implicito,,[],,,,
557,2631,hatch3r/hatch3r,.github/workflows/generate-docusaurus-docs.md,tools.bash,False,,implicito,,[],,,,
557,2631,hatch3r/hatch3r,.github/workflows/generate-docusaurus-docs.md,network,True,"""defaults""",explicito_igual_default,network_defaults,[],,,,
557,2631,hatch3r/hatch3r,.github/workflows/generate-docusaurus-docs.md,permissions,True,"{""contents"": ""read"", ""issues"": ""read"", ""pull-requests"": ""read""}",modificado,permissions_resto,[],mas_permisivo,lectura,perm_lecturas_con_contents,[]
558,2633,pockebot/openpocket,.github/workflows/issue-fix.md,strict,True,true,explicito_igual_default,strict_true,[],,,,
558,2633,pockebot/openpocket,.github/workflows/issue-fix.md,tools.bash,True,"[""make"", ""git:*""]",modificado,bash_other_list,[],sin_direccion,,bash_dir_agrega_y_quita,[]
558,2633,pockebot/openpocket,.github/workflows/issue-fix.md,network,True,"{""allowed"": [""defaults""]}",explicito_igual_default,network_allowed_defaults,[],,,,
558,2633,pockebot/openpocket,.github/workflows/issue-fix.md,permissions,True,"{""contents"": ""read"", ""issues"": ""read""}",modificado,permissions_resto,[],mas_permisivo,lectura,perm_lecturas_con_contents,[]
559,2634,pockebot/openpocket,.github/workflows/issue-plan.md,strict,True,true,explicito_igual_default,strict_true,[],,,,
559,2634,pockebot/openpocket,.github/workflows/issue-plan.md,tools.bash,True,"[""make"", ""git:*""]",modificado,bash_other_list,[],sin_direccion,,bash_dir_agrega_y_quita,[]
559,2634,pockebot/openpocket,.github/workflows/issue-plan.md,network,True,"{""allowed"": [""defaults"", ""node""]}",modificado,network_resto,[],mas_permisivo,dominios,network_dir_defaults_mas_otros,[]
559,2634,pockebot/openpocket,.github/workflows/issue-plan.md,permissions,True,"{""contents"": ""read"", ""issues"": ""read""}",modificado,permissions_resto,[],mas_permisivo,lectura,perm_lecturas_con_contents,[]
560,2638,FalkorDB/falkordb-rs-next-gen,.github/workflows/flaky-test-rca.md,strict,False,,implicito,,[],,,,
560,2638,FalkorDB/falkordb-rs-next-gen,.github/workflows/flaky-test-rca.md,tools.bash,False,,implicito,,[],,,,
560,2638,FalkorDB/falkordb-rs-next-gen,.github/workflows/flaky-test-rca.md,network,False,,implicito,,[],,,,
560,2638,FalkorDB/falkordb-rs-next-gen,.github/workflows/flaky-test-rca.md,permissions,True,"{""actions"": ""read"", ""contents"": ""read"", ""issues"": ""read""}",modificado,permissions_resto,[],mas_permisivo,lectura,perm_lecturas_con_contents,[]
561,2639,FalkorDB/falkordb-rs-next-gen,.github/workflows/flow-migration-rca.md,strict,False,,implicito,,[],,,,
561,2639,FalkorDB/falkordb-rs-next-gen,.github/workflows/flow-migration-rca.md,tools.bash,True,"[""gh"", ""jq"", ""grep"", ""sed"", ""awk"", ""head"", ""tail"", ""wc"", ""cat"", ""date"", ""base64""]",modificado,bash_other_list,[],sin_direccion,,bash_dir_agrega_y_quita,[]
561,2639,FalkorDB/falkordb-rs-next-gen,.github/workflows/flow-migration-rca.md,network,True,"{""allowed"": [""defaults""]}",explicito_igual_default,network_allowed_defaults,[],,,,
561,2639,FalkorDB/falkordb-rs-next-gen,.github/workflows/flow-migration-rca.md,permissions,True,"{""actions"": ""read"", ""contents"": ""read"", ""issues"": ""read"", ""pull-requests"": ""read""}",modificado,permissions_resto,[],mas_permisivo,lectura,perm_lecturas_con_contents,[]
562,2642,FalkorDB/falkordb-rs-next-gen,.github/workflows/flow-tests-migration.md,strict,False,,implicito,,[],,,,
562,2642,FalkorDB/falkordb-rs-next-gen,.github/workflows/flow-tests-migration.md,tools.bash,True,"[""git"", ""gh"", ""grep"", ""rg"", ""find"", ""diff"", ""python3"", ""cat"", ""ls"", ""mkdir"", ""cp"", ""mv"", ""sed"", ""awk"", ""head"", ""tail"", ""wc"", ""sort"", ""uniq"", ""comm"", ""date"", ""jq"", ""base64""]",modificado,bash_other_list,[],sin_direccion,,bash_dir_agrega_y_quita,[]
562,2642,FalkorDB/falkordb-rs-next-gen,.github/workflows/flow-tests-migration.md,network,True,"{""allowed"": [""defaults""]}",explicito_igual_default,network_allowed_defaults,[],,,,
562,2642,FalkorDB/falkordb-rs-next-gen,.github/workflows/flow-tests-migration.md,permissions,True,"{""contents"": ""read"", ""issues"": ""read"", ""pull-requests"": ""read""}",modificado,permissions_resto,[],mas_permisivo,lectura,perm_lecturas_con_contents,[]
563,2643,DevExpGbb/gh-devlake,.github/workflows/docs-sync.md,strict,False,,implicito,,[],,,,
563,2643,DevExpGbb/gh-devlake,.github/workflows/docs-sync.md,tools.bash,True,"[""git"", ""cat"", ""grep"", ""find"", ""ls"", ""head"", ""tail"", ""wc""]",modificado,bash_other_list,[],sin_direccion,,bash_dir_agrega_y_quita,[]
563,2643,DevExpGbb/gh-devlake,.github/workflows/docs-sync.md,network,True,"{""allowed"": [""go""]}",modificado,network_resto,[],sin_direccion,,network_dir_sin_defaults,[]
563,2643,DevExpGbb/gh-devlake,.github/workflows/docs-sync.md,permissions,True,"{""contents"": ""read"", ""issues"": ""read"", ""pull-requests"": ""read""}",modificado,permissions_resto,[],mas_permisivo,lectura,perm_lecturas_con_contents,[]
564,2645,dorlugasigal/TermBeam,.github/workflows/scorecard-monitor.md,strict,False,,implicito,,[],,,,
564,2645,dorlugasigal/TermBeam,.github/workflows/scorecard-monitor.md,tools.bash,False,,implicito,,[],,,,
564,2645,dorlugasigal/TermBeam,.github/workflows/scorecard-monitor.md,network,True,"{""allowed"": [""api.securityscorecards.dev""]}",modificado,network_resto,[],sin_direccion,,network_dir_sin_defaults,[]
564,2645,dorlugasigal/TermBeam,.github/workflows/scorecard-monitor.md,permissions,True,"{""contents"": ""read"", ""issues"": ""read""}",modificado,permissions_resto,[],mas_permisivo,lectura,perm_lecturas_con_contents,[]
565,2647,inference-sh/shadcn-registry,.github/workflows/code-review.md,strict,False,,implicito,,[],,,,
565,2647,inference-sh/shadcn-registry,.github/workflows/code-review.md,tools.bash,False,,implicito,,[],,,,
565,2647,inference-sh/shadcn-registry,.github/workflows/code-review.md,network,True,"{""allowed"": [""node""]}",modificado,network_resto,[],sin_direccion,,network_dir_sin_defaults,[]
565,2647,inference-sh/shadcn-registry,.github/workflows/code-review.md,permissions,True,"{""contents"": ""read"", ""pull-requests"": ""read""}",modificado,permissions_resto,[],mas_permisivo,lectura,perm_lecturas_con_contents,[]
566,2654,microsoft/Microsoft-AI-Decision-Framework,.github/workflows/link-checker.md,strict,False,,implicito,,[],,,,
566,2654,microsoft/Microsoft-AI-Decision-Framework,.github/workflows/link-checker.md,tools.bash,True,"[""cat"", ""jq"", ""grep"", ""find"", ""awk"", ""sed"", ""head"", ""tail"", ""wc""]",modificado,bash_other_list,[],sin_direccion,,bash_dir_agrega_y_quita,[]
566,2654,microsoft/Microsoft-AI-Decision-Framework,.github/workflows/link-checker.md,network,True,"{""allowed"": [""defaults"", ""github""]}",modificado,network_resto,[],mas_permisivo,dominios,network_dir_defaults_mas_otros,[]
566,2654,microsoft/Microsoft-AI-Decision-Framework,.github/workflows/link-checker.md,permissions,True,"{""contents"": ""read"", ""issues"": ""read"", ""pull-requests"": ""read""}",modificado,permissions_resto,[],mas_permisivo,lectura,perm_lecturas_con_contents,[]
567,2656,github/gh-aw-actions,.github/workflows/daily-runtime-threat-scan.md,strict,True,true,explicito_igual_default,strict_true,[],,,,
567,2656,github/gh-aw-actions,.github/workflows/daily-runtime-threat-scan.md,tools.bash,True,true,modificado,bash_true,[],mas_permisivo,comandos,bash_dir_true,[]
567,2656,github/gh-aw-actions,.github/workflows/daily-runtime-threat-scan.md,network,False,,implicito,,[],,,,
567,2656,github/gh-aw-actions,.github/workflows/daily-runtime-threat-scan.md,permissions,True,"{""contents"": ""read"", ""copilot-requests"": ""write"", ""issues"": ""read""}",modificado,permissions_resto,[],mas_permisivo,autenticacion,perm_escritura_solo_autenticacion,[]
568,2667,microsoft/physical-ai-toolchain,.github/workflows/aw-dependabot-pr-review.md,strict,False,,implicito,,[],,,,
568,2667,microsoft/physical-ai-toolchain,.github/workflows/aw-dependabot-pr-review.md,tools.bash,True,"[""cat **/*.json"", ""cat **/*.toml"", ""cat **/go.mod"", ""cat **/*.tf"", ""cat training/rl/uv.lock"", ""cat training/rl/scripts/train.sh"", ""grep -R --line-number * -- :!node_modules :!.venv :!external"", ""jq . **/*.json"", ""npm view *""]",modificado,bash_other_list,[],sin_direccion,,bash_dir_agrega_y_quita,[]
568,2667,microsoft/physical-ai-toolchain,.github/workflows/aw-dependabot-pr-review.md,network,True,"{""allowed"": [""defaults"", ""github"", ""python"", ""node"", ""go"", ""terraform"", ""containers"", ""api.osv.dev"", ""services.nvd.nist.gov""]}",modificado,network_resto,[],mas_permisivo,dominios,network_dir_defaults_mas_otros,[]
568,2667,microsoft/physical-ai-toolchain,.github/workflows/aw-dependabot-pr-review.md,permissions,True,"{""actions"": ""read"", ""checks"": ""read"", ""contents"": ""read"", ""pull-requests"": ""read""}",modificado,permissions_resto,[],mas_permisivo,lectura,perm_lecturas_con_contents,[]
569,2671,webmaxru/web-ai-agent-skills,.github/workflows/skill-update-worker.md,strict,True,true,explicito_igual_default,strict_true,[],,,,
569,2671,webmaxru/web-ai-agent-skills,.github/workflows/skill-update-worker.md,tools.bash,True,"[""python"", ""node"", ""git""]",modificado,bash_other_list,[],sin_direccion,,bash_dir_agrega_y_quita,[]
569,2671,webmaxru/web-ai-agent-skills,.github/workflows/skill-update-worker.md,network,True,"{""allowed"": [""defaults"", ""github""]}",modificado,network_resto,[],mas_permisivo,dominios,network_dir_defaults_mas_otros,[]
569,2671,webmaxru/web-ai-agent-skills,.github/workflows/skill-update-worker.md,permissions,True,"{""actions"": ""read"", ""contents"": ""read"", ""pull-requests"": ""read""}",modificado,permissions_resto,[],mas_permisivo,lectura,perm_lecturas_con_contents,[]
570,2677,dotnet/maui-labs,.github/workflows/ai-docs-audit.md,strict,False,,implicito,,[],,,,
570,2677,dotnet/maui-labs,.github/workflows/ai-docs-audit.md,tools.bash,True,"[""git"", ""grep"", ""find"", ""cat"", ""ls"", ""wc"", ""sort"", ""diff"", ""head"", ""tail""]",modificado,bash_other_list,[],sin_direccion,,bash_dir_agrega_y_quita,[]
570,2677,dotnet/maui-labs,.github/workflows/ai-docs-audit.md,network,True,"{""allowed"": [""defaults""]}",explicito_igual_default,network_allowed_defaults,[],,,,
570,2677,dotnet/maui-labs,.github/workflows/ai-docs-audit.md,permissions,True,"{""contents"": ""read"", ""issues"": ""read"", ""pull-requests"": ""read""}",modificado,permissions_resto,[],mas_permisivo,lectura,perm_lecturas_con_contents,[]
571,2684,dotnet/maui-labs,.github/workflows/pr-docs-check.md,strict,False,,implicito,,[],,,,
571,2684,dotnet/maui-labs,.github/workflows/pr-docs-check.md,tools.bash,False,,implicito,,[],,,,
571,2684,dotnet/maui-labs,.github/workflows/pr-docs-check.md,network,True,"{""allowed"": [""defaults"", ""github""]}",modificado,network_resto,[],mas_permisivo,dominios,network_dir_defaults_mas_otros,[]
571,2684,dotnet/maui-labs,.github/workflows/pr-docs-check.md,permissions,True,"{""contents"": ""read"", ""issues"": ""read"", ""pull-requests"": ""read""}",modificado,permissions_resto,[],mas_permisivo,lectura,perm_lecturas_con_contents,[]
572,2686,dotnet/maui-labs,.github/workflows/review-on-open.agent.md,strict,False,,implicito,,[],,,,
572,2686,dotnet/maui-labs,.github/workflows/review-on-open.agent.md,tools.bash,False,,implicito,,[],,,,
572,2686,dotnet/maui-labs,.github/workflows/review-on-open.agent.md,network,True,"{""allowed"": [""defaults"", ""dotnet""]}",modificado,network_resto,[],mas_permisivo,dominios,network_dir_defaults_mas_otros,[]
572,2686,dotnet/maui-labs,.github/workflows/review-on-open.agent.md,permissions,True,"{""contents"": ""read"", ""pull-requests"": ""read""}",modificado,permissions_resto,[],mas_permisivo,lectura,perm_lecturas_con_contents,[]
573,2688,dotnet/maui-labs,.github/workflows/review.agent.md,strict,False,,implicito,,[],,,,
573,2688,dotnet/maui-labs,.github/workflows/review.agent.md,tools.bash,False,,implicito,,[],,,,
573,2688,dotnet/maui-labs,.github/workflows/review.agent.md,network,True,"{""allowed"": [""defaults"", ""dotnet""]}",modificado,network_resto,[],mas_permisivo,dominios,network_dir_defaults_mas_otros,[]
573,2688,dotnet/maui-labs,.github/workflows/review.agent.md,permissions,True,"{""contents"": ""read"", ""pull-requests"": ""read""}",modificado,permissions_resto,[],mas_permisivo,lectura,perm_lecturas_con_contents,[]
574,2695,dotnet/skills,.github/workflows/close-stale-prs.agent.md,strict,False,,implicito,,[],,,,
574,2695,dotnet/skills,.github/workflows/close-stale-prs.agent.md,tools.bash,False,,implicito,,[],,,,
574,2695,dotnet/skills,.github/workflows/close-stale-prs.agent.md,network,False,,implicito,,[],,,,
574,2695,dotnet/skills,.github/workflows/close-stale-prs.agent.md,permissions,False,,implicito,,[],,,,
575,2716,dotnet/skills,.github/workflows/devops-health-check.md,strict,False,,implicito,,[],,,,
575,2716,dotnet/skills,.github/workflows/devops-health-check.md,tools.bash,True,"[""cat"", ""grep"", ""head"", ""tail"", ""find"", ""ls"", ""wc"", ""jq"", ""date"", ""sort"", ""uniq"", ""diff"", ""sed"", ""git""]",modificado,bash_other_list,[],sin_direccion,,bash_dir_agrega_y_quita,[]
575,2716,dotnet/skills,.github/workflows/devops-health-check.md,network,True,"{""allowed"": [""defaults""]}",explicito_igual_default,network_allowed_defaults,[],,,,
575,2716,dotnet/skills,.github/workflows/devops-health-check.md,permissions,True,"{""actions"": ""read"", ""contents"": ""read"", ""issues"": ""read""}",modificado,permissions_resto,[],mas_permisivo,lectura,perm_lecturas_con_contents,[]
576,2734,dotnet/skills,.github/workflows/devops-health-groom.md,strict,False,,implicito,,[],,,,
576,2734,dotnet/skills,.github/workflows/devops-health-groom.md,tools.bash,True,"[""cat"", ""grep"", ""head"", ""tail"", ""jq"", ""date"", ""sort""]",modificado,bash_other_list,[],sin_direccion,,bash_dir_agrega_y_quita,[]
576,2734,dotnet/skills,.github/workflows/devops-health-groom.md,network,True,"{""allowed"": [""defaults""]}",explicito_igual_default,network_allowed_defaults,[],,,,
576,2734,dotnet/skills,.github/workflows/devops-health-groom.md,permissions,True,"{""actions"": ""read"", ""contents"": ""read"", ""issues"": ""read""}",modificado,permissions_resto,[],mas_permisivo,lectura,perm_lecturas_con_contents,[]
577,2746,dotnet/skills,.github/workflows/devops-health-investigate.md,strict,False,,implicito,,[],,,,
577,2746,dotnet/skills,.github/workflows/devops-health-investigate.md,tools.bash,True,"[""cat"", ""grep"", ""head"", ""tail"", ""find"", ""ls"", ""wc"", ""jq"", ""date"", ""sort"", ""diff""]",modificado,bash_other_list,[],sin_direccion,,bash_dir_agrega_y_quita,[]
577,2746,dotnet/skills,.github/workflows/devops-health-investigate.md,network,True,"{""allowed"": [""defaults""]}",explicito_igual_default,network_allowed_defaults,[],,,,
577,2746,dotnet/skills,.github/workflows/devops-health-investigate.md,permissions,True,"{""actions"": ""read"", ""contents"": ""read"", ""issues"": ""read"", ""pull-requests"": ""read""}",modificado,permissions_resto,[],mas_permisivo,lectura,perm_lecturas_con_contents,[]
578,2751,dotnet/skills,.github/workflows/issue-investigate.md,strict,False,,implicito,,[],,,,
578,2751,dotnet/skills,.github/workflows/issue-investigate.md,tools.bash,True,"[""cat"", ""grep"", ""head"", ""tail"", ""find"", ""ls"", ""wc"", ""jq"", ""sort"", ""diff"", ""sed"", ""awk""]",modificado,bash_other_list,[],sin_direccion,,bash_dir_agrega_y_quita,[]
578,2751,dotnet/skills,.github/workflows/issue-investigate.md,network,True,"{""allowed"": [""defaults""]}",explicito_igual_default,network_allowed_defaults,[],,,,
578,2751,dotnet/skills,.github/workflows/issue-investigate.md,permissions,True,"{""contents"": ""read"", ""issues"": ""read"", ""pull-requests"": ""read""}",modificado,permissions_resto,[],mas_permisivo,lectura,perm_lecturas_con_contents,[]
579,2759,dotnet/skills,.github/workflows/issue-triage.md,strict,False,,implicito,,[],,,,
579,2759,dotnet/skills,.github/workflows/issue-triage.md,tools.bash,True,"[""cat"", ""grep"", ""head"", ""tail"", ""find"", ""ls"", ""jq"", ""sort""]",modificado,bash_other_list,[],sin_direccion,,bash_dir_agrega_y_quita,[]
579,2759,dotnet/skills,.github/workflows/issue-triage.md,network,True,"{""allowed"": [""defaults""]}",explicito_igual_default,network_allowed_defaults,[],,,,
579,2759,dotnet/skills,.github/workflows/issue-triage.md,permissions,True,"{""contents"": ""read"", ""issues"": ""read""}",modificado,permissions_resto,[],mas_permisivo,lectura,perm_lecturas_con_contents,[]
580,2763,dotnet/skills,.github/workflows/markdown-linter.md,strict,False,,implicito,,[],,,,
580,2763,dotnet/skills,.github/workflows/markdown-linter.md,tools.bash,True,"[""cat"", ""grep"", ""head"", ""tail"", ""find"", ""ls"", ""wc"", ""sort"", ""uniq"", ""date""]",modificado,bash_other_list,[],sin_direccion,,bash_dir_agrega_y_quita,[]
580,2763,dotnet/skills,.github/workflows/markdown-linter.md,network,True,"{""allowed"": [""defaults""]}",explicito_igual_default,network_allowed_defaults,[],,,,
580,2763,dotnet/skills,.github/workflows/markdown-linter.md,permissions,True,"{""actions"": ""read"", ""contents"": ""read"", ""issues"": ""read""}",modificado,permissions_resto,[],mas_permisivo,lectura,perm_lecturas_con_contents,[]
581,2768,dotnet/skills,.github/workflows/pr-malicious-scan.agent.md,strict,False,,implicito,,[],,,,
581,2768,dotnet/skills,.github/workflows/pr-malicious-scan.agent.md,tools.bash,True,"[""cat"", ""grep"", ""head"", ""tail"", ""find"", ""ls"", ""jq"", ""sort"", ""wc"", ""awk"", ""sed""]",modificado,bash_other_list,[],sin_direccion,,bash_dir_agrega_y_quita,[]
581,2768,dotnet/skills,.github/workflows/pr-malicious-scan.agent.md,network,True,"{""allowed"": [""defaults""]}",explicito_igual_default,network_allowed_defaults,[],,,,
581,2768,dotnet/skills,.github/workflows/pr-malicious-scan.agent.md,permissions,True,"{""contents"": ""read"", ""pull-requests"": ""read""}",modificado,permissions_resto,[],mas_permisivo,lectura,perm_lecturas_con_contents,[]
582,2771,iamnbutler/gpui-unofficial,.github/workflows/ci-fix.md,strict,False,,implicito,,[],,,,
582,2771,iamnbutler/gpui-unofficial,.github/workflows/ci-fix.md,tools.bash,True,true,modificado,bash_true,[],mas_permisivo,comandos,bash_dir_true,[]
582,2771,iamnbutler/gpui-unofficial,.github/workflows/ci-fix.md,network,True,"{""allowed"": [""defaults"", ""rust""]}",modificado,network_resto,[],mas_permisivo,dominios,network_dir_defaults_mas_otros,[]
582,2771,iamnbutler/gpui-unofficial,.github/workflows/ci-fix.md,permissions,True,"""read-all""",modificado,permissions_read_all,[],mas_permisivo,lectura,perm_read_all,[]
583,2779,githubnext/autoloop,.github/workflows/autoloop.md,strict,False,,implicito,,[],,,,
583,2779,githubnext/autoloop,.github/workflows/autoloop.md,tools.bash,True,true,modificado,bash_true,[],mas_permisivo,comandos,bash_dir_true,[]
583,2779,githubnext/autoloop,.github/workflows/autoloop.md,network,True,"{""allowed"": [""defaults"", ""node"", ""python"", ""rust"", ""java"", ""dotnet""]}",modificado,network_resto,[],mas_permisivo,dominios,network_dir_defaults_mas_otros,[]
583,2779,githubnext/autoloop,.github/workflows/autoloop.md,permissions,True,"""read-all""",modificado,permissions_read_all,[],mas_permisivo,lectura,perm_read_all,[]
584,2781,UbiHome/UbiHome,.github/workflows/pr-documentation-check.md,strict,False,,implicito,,[],,,,
584,2781,UbiHome/UbiHome,.github/workflows/pr-documentation-check.md,tools.bash,False,,implicito,,[],,,,
584,2781,UbiHome/UbiHome,.github/workflows/pr-documentation-check.md,network,False,,implicito,,[],,,,
584,2781,UbiHome/UbiHome,.github/workflows/pr-documentation-check.md,permissions,True,"{""contents"": ""read"", ""pull-requests"": ""read""}",modificado,permissions_resto,[],mas_permisivo,lectura,perm_lecturas_con_contents,[]
585,2783,Azure/git-ape,.github/workflows/daily-repo-status.md,strict,False,,implicito,,[],,,,
585,2783,Azure/git-ape,.github/workflows/daily-repo-status.md,tools.bash,False,,implicito,,[],,,,
585,2783,Azure/git-ape,.github/workflows/daily-repo-status.md,network,True,"""defaults""",explicito_igual_default,network_defaults,[],,,,
585,2783,Azure/git-ape,.github/workflows/daily-repo-status.md,permissions,True,"{""contents"": ""read"", ""issues"": ""read"", ""pull-requests"": ""read""}",modificado,permissions_resto,[],mas_permisivo,lectura,perm_lecturas_con_contents,[]
586,2785,Azure/git-ape,.github/workflows/git-ape-workshop-content-updater.md,strict,True,false,modificado,strict_resto,[],mas_permisivo,restricciones del modo estricto,strict_dir_false,[]
586,2785,Azure/git-ape,.github/workflows/git-ape-workshop-content-updater.md,tools.bash,True,"[""ls *"", ""cat *"", ""find *"", ""grep *"", ""head *"", ""tail *"", ""wc *"", ""sort *"", ""diff *"", ""jq *"", ""date *"", ""git log *"", ""git diff *"", ""git show *"", ""git status *"", ""git ls-files *""]",modificado,bash_other_list,[],sin_direccion,,bash_dir_agrega_y_quita,[]
586,2785,Azure/git-ape,.github/workflows/git-ape-workshop-content-updater.md,network,False,,implicito,,[],,,,
586,2785,Azure/git-ape,.github/workflows/git-ape-workshop-content-updater.md,permissions,True,"{""contents"": ""read"", ""issues"": ""read"", ""pull-requests"": ""read""}",modificado,permissions_resto,[],mas_permisivo,lectura,perm_lecturas_con_contents,[]
587,2788,Azure/git-ape,.github/workflows/issue-triage-agent.md,strict,True,true,explicito_igual_default,strict_true,[],,,,
587,2788,Azure/git-ape,.github/workflows/issue-triage-agent.md,tools.bash,False,,implicito,,[],,,,
587,2788,Azure/git-ape,.github/workflows/issue-triage-agent.md,network,False,,implicito,,[],,,,
587,2788,Azure/git-ape,.github/workflows/issue-triage-agent.md,permissions,True,"{""issues"": ""read""}",modificado,permissions_resto,[],sin_direccion,,perm_lecturas_sin_contents,[]
588,2789,Azure-Samples/octocat-supply,.github/workflows/auto-analyze-failures.md,strict,False,,implicito,,[],,,,
588,2789,Azure-Samples/octocat-supply,.github/workflows/auto-analyze-failures.md,tools.bash,False,,implicito,,[],,,,
588,2789,Azure-Samples/octocat-supply,.github/workflows/auto-analyze-failures.md,network,True,{},modificado,network_empty,[],mas_estricto,,network_dir_empty,[]
588,2789,Azure-Samples/octocat-supply,.github/workflows/auto-analyze-failures.md,permissions,True,"{""actions"": ""read"", ""contents"": ""read"", ""issues"": ""read"", ""pull-requests"": ""read""}",modificado,permissions_resto,[],mas_permisivo,lectura,perm_lecturas_con_contents,[]
589,2790,Azure-Samples/octocat-supply,.github/workflows/daily-repo-activity-summary.md,strict,False,,implicito,,[],,,,
589,2790,Azure-Samples/octocat-supply,.github/workflows/daily-repo-activity-summary.md,tools.bash,False,,implicito,,[],,,,
589,2790,Azure-Samples/octocat-supply,.github/workflows/daily-repo-activity-summary.md,network,True,{},modificado,network_empty,[],mas_estricto,,network_dir_empty,[]
589,2790,Azure-Samples/octocat-supply,.github/workflows/daily-repo-activity-summary.md,permissions,True,"{""contents"": ""read"", ""issues"": ""read"", ""metadata"": ""read"", ""pull-requests"": ""read""}",modificado,permissions_resto,[],mas_permisivo,lectura,perm_lecturas_con_contents,[]
590,2791,microsoft/apm-action,.github/workflows/apm-demo.md,strict,False,,implicito,,[],,,,
590,2791,microsoft/apm-action,.github/workflows/apm-demo.md,tools.bash,True,true,modificado,bash_true,[],mas_permisivo,comandos,bash_dir_true,[]
590,2791,microsoft/apm-action,.github/workflows/apm-demo.md,network,False,,implicito,,[],,,,
590,2791,microsoft/apm-action,.github/workflows/apm-demo.md,permissions,True,"""read-all""",modificado,permissions_read_all,[],mas_permisivo,lectura,perm_read_all,[]
591,2798,DanWahlin/github-azure-agentic-journeys,.github/workflows/journey-e2e-test.md,strict,True,false,modificado,strict_resto,[],mas_permisivo,restricciones del modo estricto,strict_dir_false,[]
591,2798,DanWahlin/github-azure-agentic-journeys,.github/workflows/journey-e2e-test.md,tools.bash,True,"["":*""]",modificado,bash_other_list,[],mas_permisivo,comandos,bash_dir_comodin_total,[]
591,2798,DanWahlin/github-azure-agentic-journeys,.github/workflows/journey-e2e-test.md,network,True,"{""allowed"": [""defaults"", ""python"", ""node"", ""azure""]}",modificado,network_resto,[],mas_permisivo,dominios,network_dir_defaults_mas_otros,[]
591,2798,DanWahlin/github-azure-agentic-journeys,.github/workflows/journey-e2e-test.md,permissions,True,"{""actions"": ""read"", ""contents"": ""read"", ""id-token"": ""write"", ""issues"": ""read""}",modificado,permissions_resto,[],mas_permisivo,autenticacion,perm_escritura_solo_autenticacion,[]
592,2799,oboapp/oboapp,.github/workflows/ci-failure-fix.md,strict,False,,implicito,,[],,,,
592,2799,oboapp/oboapp,.github/workflows/ci-failure-fix.md,tools.bash,False,,implicito,,[],,,,
592,2799,oboapp/oboapp,.github/workflows/ci-failure-fix.md,network,False,,implicito,,[],,,,
592,2799,oboapp/oboapp,.github/workflows/ci-failure-fix.md,permissions,True,"{""actions"": ""read"", ""contents"": ""read"", ""issues"": ""read"", ""pull-requests"": ""read""}",modificado,permissions_resto,[],mas_permisivo,lectura,perm_lecturas_con_contents,[]
593,2800,felipementel/GitHubCopilotDevDays-Curitiba-2026,.github/workflows/hn-sentiment.md,strict,False,,implicito,,[],,,,
593,2800,felipementel/GitHubCopilotDevDays-Curitiba-2026,.github/workflows/hn-sentiment.md,tools.bash,False,,implicito,,[],,,,
593,2800,felipementel/GitHubCopilotDevDays-Curitiba-2026,.github/workflows/hn-sentiment.md,network,True,"{""allowed"": [""hacker-news.firebaseio.com""]}",modificado,network_resto,[],sin_direccion,,network_dir_sin_defaults,[]
593,2800,felipementel/GitHubCopilotDevDays-Curitiba-2026,.github/workflows/hn-sentiment.md,permissions,True,"{""contents"": ""read"", ""issues"": ""read""}",modificado,permissions_resto,[],mas_permisivo,lectura,perm_lecturas_con_contents,[]
594,2801,felipementel/GitHubCopilotDevDays-Curitiba-2026,.github/workflows/issue-open.md,strict,False,,implicito,,[],,,,
594,2801,felipementel/GitHubCopilotDevDays-Curitiba-2026,.github/workflows/issue-open.md,tools.bash,False,,implicito,,[],,,,
594,2801,felipementel/GitHubCopilotDevDays-Curitiba-2026,.github/workflows/issue-open.md,network,False,,implicito,,[],,,,
594,2801,felipementel/GitHubCopilotDevDays-Curitiba-2026,.github/workflows/issue-open.md,permissions,True,"{""actions"": ""read"", ""contents"": ""read""}",modificado,permissions_resto,[],mas_permisivo,lectura,perm_lecturas_con_contents,[]
595,2803,felipementel/GitHubCopilotDevDays-Curitiba-2026,.github/workflows/pull-request-opened.md,strict,False,,implicito,,[],,,,
595,2803,felipementel/GitHubCopilotDevDays-Curitiba-2026,.github/workflows/pull-request-opened.md,tools.bash,False,,implicito,,[],,,,
595,2803,felipementel/GitHubCopilotDevDays-Curitiba-2026,.github/workflows/pull-request-opened.md,network,True,"""defaults""",explicito_igual_default,network_defaults,[],,,,
595,2803,felipementel/GitHubCopilotDevDays-Curitiba-2026,.github/workflows/pull-request-opened.md,permissions,True,"{""contents"": ""read"", ""issues"": ""read"", ""pull-requests"": ""read""}",modificado,permissions_resto,[],mas_permisivo,lectura,perm_lecturas_con_contents,[]
596,2809,fqfqgo/clash-verge-rev,.github/workflows/pr-ai-slop-review.md,strict,False,,implicito,,[],,,,
596,2809,fqfqgo/clash-verge-rev,.github/workflows/pr-ai-slop-review.md,tools.bash,False,,implicito,,[],,,,
596,2809,fqfqgo/clash-verge-rev,.github/workflows/pr-ai-slop-review.md,network,False,,implicito,,[],,,,
596,2809,fqfqgo/clash-verge-rev,.github/workflows/pr-ai-slop-review.md,permissions,True,"{""contents"": ""read"", ""issues"": ""read"", ""pull-requests"": ""read""}",modificado,permissions_resto,[],mas_permisivo,lectura,perm_lecturas_con_contents,[]
597,2812,microsoft/AI-Engineering-Coach,.github/workflows/issue-triage.md,strict,False,,implicito,,[],,,,
597,2812,microsoft/AI-Engineering-Coach,.github/workflows/issue-triage.md,tools.bash,False,,implicito,,[],,,,
597,2812,microsoft/AI-Engineering-Coach,.github/workflows/issue-triage.md,network,True,"""defaults""",explicito_igual_default,network_defaults,[],,,,
597,2812,microsoft/AI-Engineering-Coach,.github/workflows/issue-triage.md,permissions,True,"""read-all""",modificado,permissions_read_all,[],mas_permisivo,lectura,perm_read_all,[]
598,2813,drasi-project/drasi-server,.github/workflows/pr-correctness-reviewer.md,strict,False,,implicito,,[],,,,
598,2813,drasi-project/drasi-server,.github/workflows/pr-correctness-reviewer.md,tools.bash,False,,implicito,,[],,,,
598,2813,drasi-project/drasi-server,.github/workflows/pr-correctness-reviewer.md,network,True,"{""allowed"": [""defaults"", ""github"", ""drasi.io""]}",modificado,network_resto,[],mas_permisivo,dominios,network_dir_defaults_mas_otros,[]
598,2813,drasi-project/drasi-server,.github/workflows/pr-correctness-reviewer.md,permissions,True,"{""contents"": ""read"", ""pull-requests"": ""read""}",modificado,permissions_resto,[],mas_permisivo,lectura,perm_lecturas_con_contents,[]
599,2814,drasi-project/drasi-server,.github/workflows/pr-design-reviewer.md,strict,False,,implicito,,[],,,,
599,2814,drasi-project/drasi-server,.github/workflows/pr-design-reviewer.md,tools.bash,False,,implicito,,[],,,,
599,2814,drasi-project/drasi-server,.github/workflows/pr-design-reviewer.md,network,True,"{""allowed"": [""defaults"", ""github"", ""drasi.io""]}",modificado,network_resto,[],mas_permisivo,dominios,network_dir_defaults_mas_otros,[]
599,2814,drasi-project/drasi-server,.github/workflows/pr-design-reviewer.md,permissions,True,"{""contents"": ""read"", ""pull-requests"": ""read""}",modificado,permissions_resto,[],mas_permisivo,lectura,perm_lecturas_con_contents,[]
600,2815,drasi-project/drasi-server,.github/workflows/pr-docs-reviewer.md,strict,False,,implicito,,[],,,,
600,2815,drasi-project/drasi-server,.github/workflows/pr-docs-reviewer.md,tools.bash,False,,implicito,,[],,,,
600,2815,drasi-project/drasi-server,.github/workflows/pr-docs-reviewer.md,network,True,"{""allowed"": [""defaults"", ""github"", ""drasi.io""]}",modificado,network_resto,[],mas_permisivo,dominios,network_dir_defaults_mas_otros,[]
600,2815,drasi-project/drasi-server,.github/workflows/pr-docs-reviewer.md,permissions,True,"{""contents"": ""read"", ""pull-requests"": ""read""}",modificado,permissions_resto,[],mas_permisivo,lectura,perm_lecturas_con_contents,[]
601,2816,drasi-project/drasi-server,.github/workflows/pr-prior-art-reviewer.md,strict,False,,implicito,,[],,,,
601,2816,drasi-project/drasi-server,.github/workflows/pr-prior-art-reviewer.md,tools.bash,False,,implicito,,[],,,,
601,2816,drasi-project/drasi-server,.github/workflows/pr-prior-art-reviewer.md,network,True,"{""allowed"": [""defaults"", ""github"", ""drasi.io""]}",modificado,network_resto,[],mas_permisivo,dominios,network_dir_defaults_mas_otros,[]
601,2816,drasi-project/drasi-server,.github/workflows/pr-prior-art-reviewer.md,permissions,True,"{""contents"": ""read"", ""pull-requests"": ""read""}",modificado,permissions_resto,[],mas_permisivo,lectura,perm_lecturas_con_contents,[]
602,2817,drasi-project/drasi-server,.github/workflows/pr-security-reviewer.md,strict,False,,implicito,,[],,,,
602,2817,drasi-project/drasi-server,.github/workflows/pr-security-reviewer.md,tools.bash,False,,implicito,,[],,,,
602,2817,drasi-project/drasi-server,.github/workflows/pr-security-reviewer.md,network,True,"{""allowed"": [""defaults"", ""github"", ""drasi.io""]}",modificado,network_resto,[],mas_permisivo,dominios,network_dir_defaults_mas_otros,[]
602,2817,drasi-project/drasi-server,.github/workflows/pr-security-reviewer.md,permissions,True,"{""contents"": ""read"", ""pull-requests"": ""read""}",modificado,permissions_resto,[],mas_permisivo,lectura,perm_lecturas_con_contents,[]
603,2818,drasi-project/drasi-server,.github/workflows/pr-testing-reviewer.md,strict,False,,implicito,,[],,,,
603,2818,drasi-project/drasi-server,.github/workflows/pr-testing-reviewer.md,tools.bash,False,,implicito,,[],,,,
603,2818,drasi-project/drasi-server,.github/workflows/pr-testing-reviewer.md,network,True,"{""allowed"": [""defaults"", ""github"", ""drasi.io""]}",modificado,network_resto,[],mas_permisivo,dominios,network_dir_defaults_mas_otros,[]
603,2818,drasi-project/drasi-server,.github/workflows/pr-testing-reviewer.md,permissions,True,"{""contents"": ""read"", ""pull-requests"": ""read""}",modificado,permissions_resto,[],mas_permisivo,lectura,perm_lecturas_con_contents,[]
604,2820,drasi-project/drasi-server,.github/workflows/validate-yaml-snippets.md,strict,False,,implicito,,[],,,,
604,2820,drasi-project/drasi-server,.github/workflows/validate-yaml-snippets.md,tools.bash,True,"[""cargo build --release"", ""cargo run -- --config *"", ""cargo test --test readme_examples_validation_test*"", ""cargo test --test example_configs_validation_test*"", ""cargo test --test config_parsing_failure_test*"", ""find . -name '*.md' -type f"", ""cat *""]",modificado,bash_other_list,[],sin_direccion,,bash_dir_agrega_y_quita,[]
604,2820,drasi-project/drasi-server,.github/workflows/validate-yaml-snippets.md,network,False,,implicito,,[],,,,
604,2820,drasi-project/drasi-server,.github/workflows/validate-yaml-snippets.md,permissions,True,"{""contents"": ""read"", ""issues"": ""read"", ""pull-requests"": ""read""}",modificado,permissions_resto,[],mas_permisivo,lectura,perm_lecturas_con_contents,[]
